datetime,crime_type,neighborhood,latitude,longitude
2024-01-26 20:00:00,"THEFT-GRAND ($950.01 & OVER)EXCPT,GUNS,FOWL,LIVESTK,PROD",Southwest,34.0256,-118.3351
2024-01-27 22:00:00,BURGLARY,Newton,34.009,-118.2728
2024-08-30 13:00:00,VEHICLE - STOLEN,Central,34.0409,-118.2574
2024-01-01 18:15:00,BATTERY - SIMPLE ASSAULT,Central,34.0487,-118.2588
2024-01-02 10:30:00,"ASSAULT WITH DEADLY WEAPON, AGGRAVATED ASSAULT",Central,34.0491,-118.2558
2024-01-02 09:30:00,BRANDISH WEAPON,Central,34.0453,-118.2499
2024-01-03 18:50:00,BRANDISH WEAPON,Central,34.0502,-118.2575
2024-01-03 20:05:00,"VANDALISM - FELONY ($400 & OVER, ALL CHURCH VANDALISMS)",Central,34.0508,-118.2586
2024-01-03 12:35:00,"VANDALISM - FELONY ($400 & OVER, ALL CHURCH VANDALISMS)",Central,34.0448,-118.2474
2024-01-05 13:15:00,"ASSAULT WITH DEADLY WEAPON, AGGRAVATED ASSAULT",Central,34.043,-118.242
2024-01-08 18:00:00,THEFT PLAIN - PETTY ($950 & UNDER),Central,34.048,-118.2577
2024-01-14 00:02:00,SODOMY/SEXUAL CONTACT B/W PENIS OF ONE PERS TO ANUS OTH,Central,34.0511,-118.2597
2024-01-18 22:45:00,BATTERY - SIMPLE ASSAULT,Central,34.051,-118.248
2024-01-19 14:40:00,"ASSAULT WITH DEADLY WEAPON, AGGRAVATED ASSAULT",Central,34.0498,-118.24
2024-01-20 02:00:00,"RAPE, FORCIBLE",Central,34.0566,-118.2531
2024-01-22 08:40:00,"ASSAULT WITH DEADLY WEAPON, AGGRAVATED ASSAULT",Central,34.0457,-118.2665
2024-01-22 14:30:00,BURGLARY,Central,34.0419,-118.2669
2024-01-24 22:00:00,CRIMINAL THREATS - NO WEAPON DISPLAYED,Central,34.0508,-118.2586
2024-01-26 04:00:00,"VANDALISM - FELONY ($400 & OVER, ALL CHURCH VANDALISMS)",Central,34.0503,-118.247
2024-01-29 14:30:00,TRESPASSING,Central,34.0549,-118.2511
2024-01-29 23:00:00,"VANDALISM - FELONY ($400 & OVER, ALL CHURCH VANDALISMS)",Central,34.0371,-118.2611
2024-01-26 17:00:00,BRANDISH WEAPON,Central,34.0444,-118.2593
2024-01-30 17:30:00,ARSON,Central,34.0502,-118.2539
2024-01-30 16:10:00,THEFT PLAIN - PETTY ($950 & UNDER),Central,34.0445,-118.2523
2024-02-03 20:40:00,"VANDALISM - FELONY ($400 & OVER, ALL CHURCH VANDALISMS)",Central,34.0437,-118.2652
2024-02-06 11:30:00,ARSON,Central,34.0502,-118.2539
2024-02-06 08:30:00,ROBBERY,Central,34.0352,-118.2654
2024-02-09 16:50:00,BATTERY - SIMPLE ASSAULT,Central,34.043,-118.242
2024-02-10 00:05:00,"VANDALISM - FELONY ($400 & OVER, ALL CHURCH VANDALISMS)",Central,34.0401,-118.2669
2024-02-10 22:30:00,VEHICLE - ATTEMPT STOLEN,Central,34.0435,-118.2366
2024-02-16 14:30:00,ROBBERY,Central,34.0423,-118.2561
2024-02-16 15:30:00,"ASSAULT WITH DEADLY WEAPON, AGGRAVATED ASSAULT",Central,34.0499,-118.2615
2024-02-17 06:20:00,"VANDALISM - FELONY ($400 & OVER, ALL CHURCH VANDALISMS)",Central,34.0437,-118.2652
2024-02-19 13:40:00,"ASSAULT WITH DEADLY WEAPON, AGGRAVATED ASSAULT",Central,34.0445,-118.2523
2024-02-18 22:50:00,VEHICLE - ATTEMPT STOLEN,Central,34.0453,-118.2499
2024-02-22 19:30:00,TRESPASSING,Central,34.0547,-118.2505
2024-02-22 22:30:00,TRESPASSING,Central,34.0431,-118.2692
2024-02-23 18:30:00,CHILD ABUSE (PHYSICAL) - SIMPLE ASSAULT,Central,34.0487,-118.2627
2024-02-20 23:30:00,CRIMINAL THREATS - NO WEAPON DISPLAYED,Central,34.0551,-118.2322
2024-02-24 10:15:00,BURGLARY FROM VEHICLE,Central,34.0498,-118.24
2024-02-26 10:15:00,BRANDISH WEAPON,Central,34.0486,-118.2571
2024-02-20 21:00:00,"BURGLARY FROM VEHICLE, ATTEMPTED",Central,34.0671,-118.2483
2024-02-25 19:15:00,BURGLARY,Central,34.0452,-118.2533
2024-02-22 04:00:00,"VANDALISM - FELONY ($400 & OVER, ALL CHURCH VANDALISMS)",Central,34.0649,-118.24
2024-02-26 17:50:00,ARSON,Central,34.0502,-118.2539
2024-03-01 09:15:00,"ASSAULT WITH DEADLY WEAPON, AGGRAVATED ASSAULT",Central,34.0421,-118.2469
2024-03-03 14:05:00,ARSON,Central,34.0502,-118.2539
2024-03-04 09:15:00,INTIMATE PARTNER - SIMPLE ASSAULT,Central,34.0446,-118.2643
2024-03-04 15:00:00,FAILURE TO YIELD,Central,34.0581,-118.2371
2024-03-11 19:25:00,ARSON,Central,34.0502,-118.2539
2024-03-12 16:45:00,ARSON,Central,34.0527,-118.2398
2024-02-24 22:30:00,INTIMATE PARTNER - SIMPLE ASSAULT,Central,34.0349,-118.2386
2024-02-29 14:59:00,SHOPLIFTING - PETTY THEFT ($950 & UNDER),Central,34.0466,-118.252
2024-03-01 12:30:00,VEHICLE - ATTEMPT STOLEN,Central,34.0485,-118.2326
2024-03-01 10:14:00,"ASSAULT WITH DEADLY WEAPON, AGGRAVATED ASSAULT",Central,34.0382,-118.2384
2024-03-01 10:14:00,INTIMATE PARTNER - SIMPLE ASSAULT,Central,34.0382,-118.2384
2024-03-01 14:49:00,SHOPLIFTING - PETTY THEFT ($950 & UNDER),Central,34.0483,-118.2631
2024-03-02 12:30:00,"VANDALISM - FELONY ($400 & OVER, ALL CHURCH VANDALISMS)",Central,34.0539,-118.2436
2024-03-02 16:20:00,"VANDALISM - FELONY ($400 & OVER, ALL CHURCH VANDALISMS)",Central,34.0539,-118.2436
2024-03-27 01:15:00,BATTERY - SIMPLE ASSAULT,Central,34.0547,-118.2335
2024-03-30 18:30:00,ARSON,Central,34.0561,-118.2375
2024-04-10 07:50:00,CRIMINAL THREATS - NO WEAPON DISPLAYED,Central,34.0561,-118.2375
2024-04-10 07:50:00,"VANDALISM - FELONY ($400 & OVER, ALL CHURCH VANDALISMS)",Central,34.0561,-118.2375
2024-04-20 19:00:00,SHOPLIFTING - PETTY THEFT ($950 & UNDER),Central,34.0483,-118.2631
2024-05-27 08:00:00,TRESPASSING,Central,34.0559,-118.232
2024-05-27 06:20:00,TRESPASSING,Central,34.0508,-118.2586
2024-06-10 19:20:00,RECKLESS DRIVING,Central,34.0581,-118.2371
2024-06-15 10:13:00,SHOPLIFTING - PETTY THEFT ($950 & UNDER),Central,34.0483,-118.2631
2024-06-17 21:40:00,OTHER MISCELLANEOUS CRIME,Central,34.0569,-118.254
2024-06-21 15:10:00,TRESPASSING,Central,34.0508,-118.2586
2024-08-08 23:40:00,TRESPASSING,Central,34.0508,-118.2586
2024-09-01 00:55:00,"ASSAULT WITH DEADLY WEAPON, AGGRAVATED ASSAULT",Central,34.073,-118.2513
2024-09-13 07:24:00,THEFT PLAIN - PETTY ($950 & UNDER),Central,34.0615,-118.2351
2024-11-23 01:55:00,ROBBERY,Central,34.0337,-118.2665
2024-12-08 01:10:00,"VANDALISM - FELONY ($400 & OVER, ALL CHURCH VANDALISMS)",Central,34.0695,-118.2469
2024-01-01 03:20:00,VIOLATION OF COURT ORDER,Central,34.0599,-118.2426
2024-01-01 07:50:00,TRESPASSING,Central,34.0492,-118.2391
2024-01-01 06:50:00,TRESPASSING,Central,34.0524,-118.2467
2024-01-01 04:18:00,THEFT PLAIN - PETTY ($950 & UNDER),Central,34.0627,-118.2463
2024-01-01 10:30:00,SHOPLIFTING-GRAND THEFT ($950.01 & OVER),Central,34.048,-118.2577
2024-01-01 22:05:00,ATTEMPTED ROBBERY,Central,34.0631,-118.2307
2024-01-01 20:00:00,SODOMY/SEXUAL CONTACT B/W PENIS OF ONE PERS TO ANUS OTH,Central,34.0535,-118.256
2024-01-02 06:55:00,VEHICLE - STOLEN,Central,34.0383,-118.2695
2024-01-01 13:00:00,VEHICLE - STOLEN,Central,34.0459,-118.2579
2024-01-01 02:00:00,INTIMATE PARTNER - AGGRAVATED ASSAULT,Central,34.0467,-118.252
2024-01-02 11:50:00,BRANDISH WEAPON,Central,34.0452,-118.2533
2024-01-01 00:01:00,OTHER MISCELLANEOUS CRIME,Central,34.0502,-118.2539
2024-01-01 00:30:00,LEWD CONDUCT,Central,34.0635,-118.2357
2024-01-01 09:00:00,"VANDALISM - FELONY ($400 & OVER, ALL CHURCH VANDALISMS)",Central,34.0408,-118.2644
2024-01-01 00:40:00,"VANDALISM - FELONY ($400 & OVER, ALL CHURCH VANDALISMS)",Central,34.0406,-118.268
2024-01-02 11:30:00,"ASSAULT WITH DEADLY WEAPON, AGGRAVATED ASSAULT",Central,34.0445,-118.2523
2024-01-02 12:00:00,BRANDISH WEAPON,Central,34.0408,-118.2428
2024-01-01 04:59:00,BURGLARY,Central,34.0401,-118.2533
2024-01-01 14:20:00,SHOPLIFTING - PETTY THEFT ($950 & UNDER),Central,34.0483,-118.2631
2024-01-01 15:00:00,BATTERY - SIMPLE ASSAULT,Central,34.0508,-118.2586
2024-01-01 18:20:00,SHOPLIFTING - PETTY THEFT ($950 & UNDER),Central,34.0483,-118.2631
2024-01-02 09:35:00,TRESPASSING,Central,34.0549,-118.2511
2024-01-01 11:40:00,"THEFT-GRAND ($950.01 & OVER)EXCPT,GUNS,FOWL,LIVESTK,PROD",Central,34.0446,-118.249
2024-01-01 08:00:00,BATTERY - SIMPLE ASSAULT,Central,34.0435,-118.2471
2024-01-01 13:20:00,TRESPASSING,Central,34.048,-118.2577
2024-01-02 16:40:00,VEHICLE - STOLEN,Central,34.0393,-118.2659
2024-01-01 13:30:00,ROBBERY,Central,34.0395,-118.2405
2024-01-02 16:10:00,VEHICLE - STOLEN,Central,34.0725,-118.2489
2024-01-02 13:00:00,"ASSAULT WITH DEADLY WEAPON, AGGRAVATED ASSAULT",Central,34.0549,-118.2426
2024-01-01 01:00:00,BATTERY - SIMPLE ASSAULT,Central,34.0466,-118.252
2024-01-02 22:50:00,BATTERY - SIMPLE ASSAULT,Central,34.0561,-118.2375
2024-01-03 00:01:00,CHILD ABUSE (PHYSICAL) - SIMPLE ASSAULT,Central,34.0466,-118.2555
2024-01-02 00:30:00,INTIMATE PARTNER - SIMPLE ASSAULT,Central,34.0502,-118.2487
2024-01-02 19:45:00,BATTERY - SIMPLE ASSAULT,Central,34.0542,-118.2566
2024-01-03 04:25:00,SHOPLIFTING - PETTY THEFT ($950 & UNDER),Central,34.0461,-118.2475
2024-01-01 12:10:00,VIOLATION OF TEMPORARY RESTRAINING ORDER,Central,34.0408,-118.2644
2024-01-02 15:00:00,"ASSAULT WITH DEADLY WEAPON, AGGRAVATED ASSAULT",Central,34.0527,-118.2398
2024-01-03 03:40:00,"ASSAULT WITH DEADLY WEAPON, AGGRAVATED ASSAULT",Central,34.0474,-118.2496
2024-01-02 22:00:00,TRESPASSING,Central,34.0487,-118.2588
2024-01-01 02:00:00,BURGLARY FROM VEHICLE,Central,34.0446,-118.249
2024-01-01 01:30:00,BURGLARY FROM VEHICLE,Central,34.0585,-118.2403
2024-01-01 05:30:00,VANDALISM - MISDEAMEANOR ($399 OR UNDER),Central,34.0473,-118.2425
2024-01-02 03:05:00,BURGLARY FROM VEHICLE,Central,34.0473,-118.2566
2024-01-03 03:30:00,"ASSAULT WITH DEADLY WEAPON, AGGRAVATED ASSAULT",Central,34.0426,-118.2528
2024-01-01 03:15:00,THEFT PLAIN - PETTY ($950 & UNDER),Central,34.0419,-118.2669
2024-01-01 14:40:00,BURGLARY FROM VEHICLE,Central,34.0467,-118.2411
2024-01-01 12:30:00,THEFT PLAIN - PETTY ($950 & UNDER),Central,34.0453,-118.2499
2024-01-02 15:50:00,ROBBERY,Central,34.0566,-118.2318
2024-01-01 15:00:00,BURGLARY FROM VEHICLE,Central,34.0452,-118.2569
2024-01-01 10:45:00,THEFT FROM MOTOR VEHICLE - GRAND ($950.01 AND OVER),Central,34.0519,-118.2531
2024-01-01 04:00:00,BIKE - STOLEN,Central,34.0629,-118.2419
2024-01-01 21:00:00,BURGLARY FROM VEHICLE,Central,34.0652,-118.2468
2024-01-02 19:15:00,TRESPASSING,Central,34.045,-118.264
2024-01-02 19:32:00,BURGLARY FROM VEHICLE,Central,34.0488,-118.25
2024-01-02 06:35:00,"VANDALISM - FELONY ($400 & OVER, ALL CHURCH VANDALISMS)",Central,34.0419,-118.2669
2024-01-03 10:00:00,BATTERY - SIMPLE ASSAULT,Central,34.0338,-118.2706
2024-01-03 10:50:00,TRESPASSING,Central,34.0415,-118.2655
2024-01-02 02:47:00,BURGLARY,Central,34.0585,-118.2403
2024-01-02 21:20:00,INTIMATE PARTNER - SIMPLE ASSAULT,Central,34.0607,-118.2494
2024-01-03 06:50:00,"BURGLARY, ATTEMPTED",Central,34.0378,-118.2561
2024-01-03 06:45:00,INTIMATE PARTNER - AGGRAVATED ASSAULT,Central,34.0421,-118.2469
2024-01-03 14:45:00,ROBBERY,Central,34.043,-118.2606
2024-01-03 04:20:00,TRESPASSING,Central,34.0479,-118.2612
2024-01-03 15:00:00,"THEFT, PERSON",Central,34.0461,-118.2475
2024-01-01 22:00:00,BURGLARY FROM VEHICLE,Central,34.048,-118.2577
2024-01-03 11:20:00,"ASSAULT WITH DEADLY WEAPON, AGGRAVATED ASSAULT",Central,34.0421,-118.2469
2024-01-02 14:20:00,"THEFT, PERSON",Central,34.0431,-118.2537
2024-01-03 19:12:00,"VANDALISM - FELONY ($400 & OVER, ALL CHURCH VANDALISMS)",Central,34.0522,-118.2434
2024-01-03 05:10:00,BURGLARY,Central,34.0401,-118.2533
2024-01-03 18:15:00,BATTERY - SIMPLE ASSAULT,Central,34.0661,-118.2436
2024-01-03 00:29:00,BURGLARY FROM VEHICLE,Central,34.0519,-118.2531
2024-01-01 18:45:00,BURGLARY FROM VEHICLE,Central,34.0453,-118.2499
2024-01-04 00:45:00,INTIMATE PARTNER - SIMPLE ASSAULT,Central,34.0423,-118.263
2024-01-03 10:39:00,BOMB SCARE,Central,34.0372,-118.2654
2024-01-02 21:40:00,VIOLATION OF RESTRAINING ORDER,Central,34.0408,-118.2644
2024-01-03 23:00:00,TRESPASSING,Central,34.0492,-118.2391
2024-01-03 11:15:00,ROBBERY,Central,34.0442,-118.2519
2024-01-03 16:30:00,BATTERY POLICE (SIMPLE),Central,34.0382,-118.2603
2024-01-03 21:30:00,BURGLARY FROM VEHICLE,Central,34.037,-118.2688
2024-01-04 05:20:00,BATTERY - SIMPLE ASSAULT,Central,34.0561,-118.2375
2024-01-03 18:00:00,VEHICLE - STOLEN,Central,34.0467,-118.252
2024-01-04 09:00:00,BATTERY - SIMPLE ASSAULT,Central,34.0453,-118.249
2024-01-03 12:40:00,SHOPLIFTING - PETTY THEFT ($950 & UNDER),Central,34.0483,-118.2631
2024-01-03 23:00:00,VEHICLE - STOLEN,Central,34.0612,-118.2417
2024-01-04 16:45:00,BATTERY - SIMPLE ASSAULT,Central,34.0421,-118.2469
2024-01-04 15:10:00,ROBBERY,Central,34.0395,-118.2405
2024-01-04 14:58:00,"VANDALISM - FELONY ($400 & OVER, ALL CHURCH VANDALISMS)",Central,34.0572,-118.2481
2024-01-04 12:00:00,"ASSAULT WITH DEADLY WEAPON, AGGRAVATED ASSAULT",Central,34.0417,-118.2444
2024-01-04 11:30:00,BATTERY - SIMPLE ASSAULT,Central,34.0607,-118.2494
2024-01-04 14:55:00,VANDALISM - MISDEAMEANOR ($399 OR UNDER),Central,34.0466,-118.252
2024-01-02 16:00:00,INTIMATE PARTNER - AGGRAVATED ASSAULT,Central,34.0472,-118.2326
2024-01-03 11:30:00,THEFT PLAIN - PETTY ($950 & UNDER),Central,34.0421,-118.2469
2024-01-02 14:07:00,SHOPLIFTING - PETTY THEFT ($950 & UNDER),Central,34.0483,-118.2631
2024-01-03 20:00:00,SHOPLIFTING - PETTY THEFT ($950 & UNDER),Central,34.0483,-118.2631
2024-01-04 11:45:00,SHOPLIFTING - PETTY THEFT ($950 & UNDER),Central,34.0466,-118.252
2024-01-01 02:35:00,"VANDALISM - FELONY ($400 & OVER, ALL CHURCH VANDALISMS)",Central,34.0308,-118.2638
2024-01-03 17:50:00,"VANDALISM - FELONY ($400 & OVER, ALL CHURCH VANDALISMS)",Central,34.042,-118.2625
2024-01-03 18:30:00,THEFT PLAIN - PETTY ($950 & UNDER),Central,34.0431,-118.2692
2024-01-04 09:30:00,VIOLATION OF RESTRAINING ORDER,Central,34.0421,-118.2469
2024-01-04 15:45:00,ROBBERY,Central,34.048,-118.2577
2024-01-04 05:51:00,"BURGLARY, ATTEMPTED",Central,34.0445,-118.2523
2024-01-04 18:35:00,TRESPASSING,Central,34.0488,-118.2518
2024-01-04 18:10:00,TRESPASSING,Central,34.0488,-118.2518
2024-01-04 18:00:00,TRESPASSING,Central,34.0488,-118.2518
2024-01-04 04:50:00,"THEFT-GRAND ($950.01 & OVER)EXCPT,GUNS,FOWL,LIVESTK,PROD",Central,34.0496,-118.2603
2024-01-03 10:15:00,TRESPASSING,Central,34.0415,-118.2655
2024-01-03 17:00:00,TRESPASSING,Central,34.0561,-118.2375
2024-01-04 06:40:00,TRESPASSING,Central,34.0549,-118.2511
2024-01-04 12:40:00,TRESPASSING,Central,34.0488,-118.2518
2024-01-04 14:00:00,TRESPASSING,Central,34.0488,-118.2518
2024-01-04 14:05:00,TRESPASSING,Central,34.0488,-118.2518
2024-01-04 13:50:00,TRESPASSING,Central,34.0488,-118.2518
2024-01-04 14:20:00,"VANDALISM - FELONY ($400 & OVER, ALL CHURCH VANDALISMS)",Central,34.0473,-118.2566
2024-01-04 23:50:00,ROBBERY,Central,34.0552,-118.2457
2024-01-05 01:05:00,BATTERY - SIMPLE ASSAULT,Central,34.0401,-118.2533
2024-01-04 19:40:00,BATTERY - SIMPLE ASSAULT,Central,34.0488,-118.2483
2024-01-04 18:40:00,THEFT OF IDENTITY,Central,34.0519,-118.2531
2024-01-05 04:00:00,BURGLARY FROM VEHICLE,Central,34.0342,-118.2673
2024-01-04 23:00:00,"RAPE, FORCIBLE",Central,34.0435,-118.2471
2024-01-05 07:00:00,THEFT PLAIN - PETTY ($950 & UNDER),Central,34.0453,-118.2443
2024-01-04 15:45:00,BATTERY - SIMPLE ASSAULT,Central,34.0472,-118.2381
2024-01-03 20:00:00,BURGLARY FROM VEHICLE,Central,34.0417,-118.2398
2024-01-04 17:40:00,SHOPLIFTING - PETTY THEFT ($950 & UNDER),Central,34.0483,-118.2631
2024-01-04 14:00:00,SHOPLIFTING - PETTY THEFT ($950 & UNDER),Central,34.0483,-118.2631
2024-01-05 14:00:00,ROBBERY,Central,34.0508,-118.2586
2024-01-05 12:45:00,BATTERY - SIMPLE ASSAULT,Central,34.0487,-118.2588
2024-01-05 07:30:00,THEFT PLAIN - PETTY ($950 & UNDER),Central,34.055,-118.2477
2024-01-03 11:50:00,SHOPLIFTING - PETTY THEFT ($950 & UNDER),Central,34.048,-118.2577
2024-01-04 13:15:00,TRESPASSING,Central,34.0488,-118.2518
2024-01-04 12:50:00,TRESPASSING,Central,34.0488,-118.2518
2024-01-04 12:30:00,TRESPASSING,Central,34.0488,-118.2518
2024-01-04 13:10:00,TRESPASSING,Central,34.0488,-118.2518
2024-01-04 12:20:00,TRESPASSING,Central,34.0488,-118.2518
2024-01-05 14:00:00,THEFT PLAIN - ATTEMPT,Central,34.0437,-118.2652
2024-01-04 13:35:00,TRESPASSING,Central,34.0488,-118.2518
2024-01-05 08:00:00,TRESPASSING,Central,34.0545,-118.2499
2024-01-05 08:30:00,TRESPASSING,Central,34.0545,-118.2499
2024-01-04 13:45:00,TRESPASSING,Central,34.0488,-118.2518
2024-01-05 16:00:00,TRESPASSING,Central,34.0549,-118.2511
2024-01-05 13:45:00,SHOPLIFTING - PETTY THEFT ($950 & UNDER),Central,34.0483,-118.2631
2024-01-04 21:50:00,BURGLARY FROM VEHICLE,Central,34.0446,-118.2507
2024-01-04 17:35:00,THEFT FROM MOTOR VEHICLE - GRAND ($950.01 AND OVER),Central,34.0475,-118.2657
2024-01-05 14:45:00,"THEFT-GRAND ($950.01 & OVER)EXCPT,GUNS,FOWL,LIVESTK,PROD",Central,34.0498,-118.24
2024-01-03 21:30:00,THEFT PLAIN - PETTY ($950 & UNDER),Central,34.0431,-118.2692
2024-01-04 14:32:00,THEFT OF IDENTITY,Central,34.0494,-118.2599
2024-01-05 10:30:00,"LETTERS, LEWD  -  TELEPHONE CALLS, LEWD",Central,34.0419,-118.2669
2024-01-04 12:30:00,BRANDISH WEAPON,Central,34.0449,-118.2458
2024-01-04 22:00:00,"VANDALISM - FELONY ($400 & OVER, ALL CHURCH VANDALISMS)",Central,34.0425,-118.2493
2024-01-05 09:40:00,BRANDISH WEAPON,Central,34.0453,-118.2443
2024-01-05 10:00:00,"ASSAULT WITH DEADLY WEAPON, AGGRAVATED ASSAULT",Central,34.0444,-118.2407
2024-01-05 17:15:00,BATTERY - SIMPLE ASSAULT,Central,34.046,-118.251
2024-01-05 20:00:00,BURGLARY,Central,34.0649,-118.24
2024-01-05 17:00:00,BURGLARY FROM VEHICLE,Central,34.0458,-118.2614
2024-01-05 20:00:00,"ASSAULT WITH DEADLY WEAPON, AGGRAVATED ASSAULT",Central,34.0406,-118.2669
2024-01-05 21:20:00,DISCHARGE FIREARMS/SHOTS FIRED,Central,34.0477,-118.2394
2024-01-05 19:56:00,"LETTERS, LEWD  -  TELEPHONE CALLS, LEWD",Central,34.0491,-118.2558
2024-01-05 20:05:00,THEFT PLAIN - PETTY ($950 & UNDER),Central,34.0481,-118.2472
2024-01-05 23:45:00,THEFT PLAIN - PETTY ($950 & UNDER),Central,34.046,-118.251
2024-01-06 01:00:00,"THEFT-GRAND ($950.01 & OVER)EXCPT,GUNS,FOWL,LIVESTK,PROD",Central,34.046,-118.251
2024-01-06 00:20:00,"ASSAULT WITH DEADLY WEAPON, AGGRAVATED ASSAULT",Central,34.0466,-118.259
2024-01-06 01:55:00,"ASSAULT WITH DEADLY WEAPON, AGGRAVATED ASSAULT",Central,34.0601,-118.2297
2024-01-06 01:55:00,"ASSAULT WITH DEADLY WEAPON, AGGRAVATED ASSAULT",Central,34.0589,-118.2323
2024-01-06 01:05:00,"VANDALISM - FELONY ($400 & OVER, ALL CHURCH VANDALISMS)",Central,34.0395,-118.2657
2024-01-05 19:10:00,BATTERY - SIMPLE ASSAULT,Central,34.0457,-118.2665
2024-01-06 02:20:00,"VANDALISM - FELONY ($400 & OVER, ALL CHURCH VANDALISMS)",Central,34.0419,-118.2669
2024-01-06 08:20:00,TRESPASSING,Central,34.0492,-118.2391
2024-01-05 07:00:00,BURGLARY FROM VEHICLE,Central,34.0458,-118.2614
2024-01-06 03:00:00,VEHICLE - STOLEN,Central,34.0408,-118.2644
2024-01-06 09:00:00,THROWING OBJECT AT MOVING VEHICLE,Central,34.0577,-118.2318
2024-01-06 11:10:00,ROBBERY,Central,34.0446,-118.245
2024-01-05 07:30:00,TRESPASSING,Central,34.0437,-118.2455
2024-01-06 01:40:00,BURGLARY FROM VEHICLE,Central,34.0423,-118.2561
2024-01-05 18:40:00,PICKPOCKET,Central,34.0431,-118.2692
2024-01-06 12:00:00,BURGLARY FROM VEHICLE,Central,34.0437,-118.2582
2024-01-05 01:20:00,"VANDALISM - FELONY ($400 & OVER, ALL CHURCH VANDALISMS)",Central,34.0407,-118.2541
2024-01-06 13:45:00,"VANDALISM - FELONY ($400 & OVER, ALL CHURCH VANDALISMS)",Central,34.0438,-118.2397
2024-01-06 11:48:00,VEHICLE - STOLEN,Central,34.0416,-118.255
2024-01-06 15:05:00,TRESPASSING,Central,34.0561,-118.2375
2024-01-05 16:35:00,BRANDISH WEAPON,Central,34.0398,-118.2677
2024-01-01 12:00:00,VEHICLE - STOLEN,Central,34.0494,-118.2599
2024-01-06 15:55:00,BATTERY - SIMPLE ASSAULT,Central,34.0559,-118.232
2024-01-06 05:10:00,"BURGLARY, ATTEMPTED",Central,34.0347,-118.2646
2024-01-06 08:30:00,"ASSAULT WITH DEADLY WEAPON, AGGRAVATED ASSAULT",Central,34.0452,-118.2533
2024-01-06 14:10:00,INTIMATE PARTNER - SIMPLE ASSAULT,Central,34.0495,-118.2494
2024-01-04 15:00:00,THEFT PLAIN - PETTY ($950 & UNDER),Central,34.0542,-118.2566
2024-01-06 14:00:00,BATTERY - SIMPLE ASSAULT,Central,34.0446,-118.2507
2024-01-05 18:00:00,BURGLARY,Central,34.0445,-118.2523
2024-01-06 00:01:00,BATTERY - SIMPLE ASSAULT,Central,34.0459,-118.243
2024-01-06 11:00:00,TRESPASSING,Central,34.0495,-118.2459
2024-01-06 17:00:00,VEHICLE - STOLEN,Central,34.0409,-118.2609
2024-01-07 03:20:00,BURGLARY FROM VEHICLE,Central,34.0488,-118.25
2024-01-06 21:28:00,THEFT PLAIN - PETTY ($950 & UNDER),Central,34.0383,-118.2327
2024-01-05 21:55:00,CRIMINAL THREATS - NO WEAPON DISPLAYED,Central,34.0395,-118.2405
2024-01-05 15:00:00,"THEFT-GRAND ($950.01 & OVER)EXCPT,GUNS,FOWL,LIVESTK,PROD",Central,34.0408,-118.2644
2024-01-05 12:30:00,VANDALISM - MISDEAMEANOR ($399 OR UNDER),Central,34.0621,-118.2346
2024-01-06 00:32:00,FAILURE TO YIELD,Central,34.0539,-118.2436
2024-01-07 04:30:00,"VANDALISM - FELONY ($400 & OVER, ALL CHURCH VANDALISMS)",Central,34.0446,-118.245
2024-01-06 09:30:00,THROWING OBJECT AT MOVING VEHICLE,Central,34.0421,-118.2469
2024-01-05 19:00:00,"ASSAULT WITH DEADLY WEAPON, AGGRAVATED ASSAULT",Central,34.0467,-118.252
2024-01-06 05:05:00,DISTURBING THE PEACE,Central,34.0395,-118.2405
2024-01-06 02:00:00,BATTERY - SIMPLE ASSAULT,Central,34.046,-118.251
2024-01-07 11:10:00,"ASSAULT WITH DEADLY WEAPON, AGGRAVATED ASSAULT",Central,34.0581,-118.2371
2024-01-06 11:48:00,"VANDALISM - FELONY ($400 & OVER, ALL CHURCH VANDALISMS)",Central,34.0416,-118.255
2024-01-01 02:45:00,BATTERY - SIMPLE ASSAULT,Central,34.0394,-118.2623
2024-01-05 15:30:00,BURGLARY FROM VEHICLE,Central,34.0423,-118.2561
2024-01-07 11:40:00,SHOPLIFTING - PETTY THEFT ($950 & UNDER),Central,34.0483,-118.2631
2024-01-07 06:55:00,"ASSAULT WITH DEADLY WEAPON, AGGRAVATED ASSAULT",Central,34.042,-118.2485
2024-01-05 04:25:00,BRANDISH WEAPON,Central,34.0534,-118.2409
2024-01-07 09:45:00,TRESPASSING,Central,34.0467,-118.252
2024-01-07 14:00:00,ROBBERY,Central,34.0487,-118.2553
2024-01-03 12:50:00,VIOLATION OF RESTRAINING ORDER,Central,34.0613,-118.2446
2024-01-07 14:15:00,THEFT FROM MOTOR VEHICLE - PETTY ($950 & UNDER),Central,34.0335,-118.2619
2024-01-06 23:30:00,PICKPOCKET,Central,34.046,-118.2493
2024-01-06 20:00:00,BURGLARY FROM VEHICLE,Central,34.0462,-118.2585
2024-01-07 12:40:00,SHOPLIFTING - PETTY THEFT ($950 & UNDER),Central,34.048,-118.2577
2024-01-07 09:52:00,BATTERY - SIMPLE ASSAULT,Central,34.0444,-118.2628
2024-01-07 18:00:00,VEHICLE - STOLEN,Central,34.0401,-118.2633
2024-01-06 20:30:00,INTIMATE PARTNER - SIMPLE ASSAULT,Central,34.0466,-118.259
2024-01-05 14:50:00,BURGLARY FROM VEHICLE,Central,34.0524,-118.2467
2024-01-07 19:20:00,BURGLARY FROM VEHICLE,Central,34.0408,-118.2644
2024-01-07 17:15:00,"VANDALISM - FELONY ($400 & OVER, ALL CHURCH VANDALISMS)",Central,34.0542,-118.2566
2024-01-07 17:35:00,"VANDALISM - FELONY ($400 & OVER, ALL CHURCH VANDALISMS)",Central,34.0519,-118.2531
2024-01-01 00:05:00,"ASSAULT WITH DEADLY WEAPON, AGGRAVATED ASSAULT",Central,34.0406,-118.268
2024-01-07 14:50:00,VEHICLE - ATTEMPT STOLEN,Central,34.0627,-118.2463
2024-01-07 01:38:00,FAILURE TO YIELD,Central,34.0318,-118.2594
2024-01-07 22:00:00,BATTERY - SIMPLE ASSAULT,Central,34.0416,-118.244
2024-01-08 09:00:00,INTIMATE PARTNER - SIMPLE ASSAULT,Central,34.0481,-118.2507
2024-01-05 22:45:00,BURGLARY FROM VEHICLE,Central,34.0425,-118.2493
2024-01-08 09:25:00,VANDALISM - MISDEAMEANOR ($399 OR UNDER),Central,34.0541,-118.2451
2024-01-08 09:00:00,CRIMINAL THREATS - NO WEAPON DISPLAYED,Central,34.0481,-118.2507
2024-01-08 09:15:00,VEHICLE - STOLEN,Central,34.0662,-118.2476
2024-01-08 07:30:00,VEHICLE - STOLEN,Central,34.0627,-118.2463
2024-01-06 15:00:00,"BURGLARY, ATTEMPTED",Central,34.0595,-118.2451
2024-01-07 21:30:00,BURGLARY FROM VEHICLE,Central,34.0458,-118.2614
2024-01-08 08:45:00,THEFT PLAIN - PETTY ($950 & UNDER),Central,34.0572,-118.2481
2024-01-05 20:20:00,ROBBERY,Central,34.0466,-118.252
2024-01-05 15:30:00,BURGLARY FROM VEHICLE,Central,34.0433,-118.2577
2024-01-04 14:32:00,THEFT OF IDENTITY,Central,34.0454,-118.2333
2024-01-08 01:35:00,BURGLARY FROM VEHICLE,Central,34.0471,-118.2474
2024-01-06 22:00:00,VANDALISM - MISDEAMEANOR ($399 OR UNDER),Central,34.0561,-118.2375
2024-01-08 13:50:00,INTIMATE PARTNER - SIMPLE ASSAULT,Central,34.0502,-118.2487
2024-01-07 09:30:00,BURGLARY FROM VEHICLE,Central,34.0569,-118.254
2024-01-05 10:00:00,THEFT FROM MOTOR VEHICLE - PETTY ($950 & UNDER),Central,34.0351,-118.2386
2024-01-07 03:45:00,VIOLATION OF RESTRAINING ORDER,Central,34.0357,-118.2663
2024-01-05 22:00:00,THEFT PLAIN - PETTY ($950 & UNDER),Central,34.0431,-118.2692
2024-01-05 15:00:00,THEFT FROM MOTOR VEHICLE - GRAND ($950.01 AND OVER),Central,34.0472,-118.2371
2024-01-06 13:10:00,THEFT PLAIN - PETTY ($950 & UNDER),Central,34.0571,-118.2317
2024-01-07 15:00:00,"THEFT-GRAND ($950.01 & OVER)EXCPT,GUNS,FOWL,LIVESTK,PROD",Central,34.0619,-118.2369
2024-01-06 18:30:00,THEFT PLAIN - PETTY ($950 & UNDER),Central,34.0408,-118.2644
2024-01-08 05:00:00,ROBBERY,Central,34.0474,-118.2496
2024-01-08 21:00:00,BURGLARY,Central,34.0423,-118.2561
2024-01-09 22:23:00,BURGLARY,Central,34.0358,-118.2594
2024-01-07 10:31:00,INTIMATE PARTNER - SIMPLE ASSAULT,Central,34.0535,-118.2491
2024-01-08 06:00:00,BATTERY - SIMPLE ASSAULT,Central,34.0459,-118.243
2024-01-06 15:30:00,"THEFT-GRAND ($950.01 & OVER)EXCPT,GUNS,FOWL,LIVESTK,PROD",Central,34.0491,-118.2558
2024-01-08 22:12:00,OTHER MISCELLANEOUS CRIME,Central,34.0433,-118.2381
2024-01-04 11:00:00,THEFT OF IDENTITY,Central,34.0487,-118.2627
2024-01-08 22:00:00,ROBBERY,Central,34.0444,-118.2628
2024-01-09 00:05:00,"ASSAULT WITH DEADLY WEAPON, AGGRAVATED ASSAULT",Central,34.0617,-118.2332
2024-01-09 00:05:00,BRANDISH WEAPON,Central,34.0617,-118.2332
2024-01-08 21:40:00,TRESPASSING,Central,34.0395,-118.2657
2024-01-09 00:05:00,BRANDISH WEAPON,Central,34.0615,-118.2351
2024-01-08 17:10:00,SHOPLIFTING - PETTY THEFT ($950 & UNDER),Central,34.0483,-118.2631
2024-01-04 20:00:00,THEFT FROM MOTOR VEHICLE - GRAND ($950.01 AND OVER),Central,34.0371,-118.2611
2024-01-08 22:25:00,TRESPASSING,Central,34.0497,-118.2381
2024-01-09 08:30:00,"ASSAULT WITH DEADLY WEAPON, AGGRAVATED ASSAULT",Central,34.0494,-118.2599
2024-01-07 11:00:00,BURGLARY FROM VEHICLE,Central,34.0415,-118.2655
2024-01-09 10:45:00,BATTERY - SIMPLE ASSAULT,Central,34.0502,-118.2539
2024-01-08 14:00:00,VEHICLE - STOLEN,Central,34.0409,-118.2609
2024-01-09 12:15:00,BATTERY - SIMPLE ASSAULT,Central,34.0488,-118.2518
2024-01-06 10:35:00,VEHICLE - STOLEN,Central,34.0511,-118.2597
2024-01-07 20:00:00,VEHICLE - STOLEN,Central,34.0396,-118.259
2024-01-08 14:30:00,VEHICLE - STOLEN,Central,34.0645,-118.2432
2024-01-05 16:00:00,VEHICLE - STOLEN,Central,34.0487,-118.2362
2024-01-07 11:30:00,BURGLARY FROM VEHICLE,Central,34.0473,-118.2601
2024-01-08 21:30:00,ROBBERY,Central,34.041,-118.2687
2024-01-04 21:30:00,BRANDISH WEAPON,Central,34.0435,-118.2427
2024-01-09 14:00:00,CRIMINAL THREATS - NO WEAPON DISPLAYED,Central,34.0435,-118.2471
2024-01-09 15:25:00,"THEFT, PERSON",Central,34.0435,-118.2471
2024-01-09 14:00:00,TRESPASSING,Central,34.0453,-118.2443
2024-01-09 12:30:00,SHOPLIFTING - PETTY THEFT ($950 & UNDER),Central,34.0483,-118.2631
2024-01-09 12:00:00,BURGLARY,Central,34.0612,-118.2417
2024-01-09 16:45:00,BATTERY - SIMPLE ASSAULT,Central,34.0502,-118.2539
2024-01-09 18:50:00,BATTERY - SIMPLE ASSAULT,Central,34.0452,-118.2569
2024-01-09 22:15:00,BATTERY - SIMPLE ASSAULT,Central,34.0459,-118.2352
2024-01-09 20:45:00,"ASSAULT WITH DEADLY WEAPON, AGGRAVATED ASSAULT",Central,34.0433,-118.2377
2024-01-09 20:00:00,"ASSAULT WITH DEADLY WEAPON, AGGRAVATED ASSAULT",Central,34.0446,-118.245
2024-01-09 21:45:00,FAILURE TO YIELD,Central,34.0431,-118.2537
2024-01-10 03:38:00,INTIMATE PARTNER - SIMPLE ASSAULT,Central,34.0435,-118.2471
2024-01-09 07:00:00,BATTERY - SIMPLE ASSAULT,Central,34.0628,-118.2286
2024-01-09 11:50:00,SHOPLIFTING - PETTY THEFT ($950 & UNDER),Central,34.0483,-118.2631
2024-01-09 16:30:00,BURGLARY,Central,34.0363,-118.2604
2024-01-07 21:45:00,BURGLARY FROM VEHICLE,Central,34.0539,-118.2436
2024-01-07 06:30:00,"THEFT-GRAND ($950.01 & OVER)EXCPT,GUNS,FOWL,LIVESTK,PROD",Central,34.0501,-118.2593
2024-01-05 02:30:00,BURGLARY FROM VEHICLE,Central,34.0459,-118.2545
2024-01-05 23:03:00,"THEFT-GRAND ($950.01 & OVER)EXCPT,GUNS,FOWL,LIVESTK,PROD",Central,34.046,-118.2493
2024-01-03 23:30:00,THEFT PLAIN - PETTY ($950 & UNDER),Central,34.0561,-118.2375
2024-01-07 22:35:00,PICKPOCKET,Central,34.0652,-118.2369
2024-01-08 23:35:00,"THEFT-GRAND ($950.01 & OVER)EXCPT,GUNS,FOWL,LIVESTK,PROD",Central,34.0459,-118.2352
2024-01-08 10:31:00,"THEFT-GRAND ($950.01 & OVER)EXCPT,GUNS,FOWL,LIVESTK,PROD",Central,34.0502,-118.2575
2024-01-01 16:30:00,BURGLARY FROM VEHICLE,Central,34.0461,-118.2395
2024-01-10 10:30:00,TRESPASSING,Central,34.039,-118.24
2024-01-10 02:25:00,"VANDALISM - FELONY ($400 & OVER, ALL CHURCH VANDALISMS)",Central,34.0432,-118.2504
2024-01-08 10:30:00,CRIMINAL THREATS - NO WEAPON DISPLAYED,Central,34.0501,-118.2558
2024-01-08 19:56:00,DOCUMENT FORGERY / STOLEN FELONY,Central,34.0473,-118.2425
2024-01-10 10:00:00,"ASSAULT WITH DEADLY WEAPON, AGGRAVATED ASSAULT",Central,34.0502,-118.2539
2024-01-09 02:00:00,ROBBERY,Central,34.042,-118.2485
2024-01-09 19:10:00,VEHICLE - STOLEN,Central,34.0459,-118.2352
2024-01-08 15:00:00,BURGLARY FROM VEHICLE,Central,34.0473,-118.2566
2024-01-10 14:55:00,TRESPASSING,Central,34.0515,-118.2424
2024-01-10 12:10:00,TRESPASSING,Central,34.0542,-118.2566
2024-01-10 05:30:00,INTIMATE PARTNER - SIMPLE ASSAULT,Central,34.0542,-118.2566
2024-01-10 13:00:00,SHOPLIFTING - PETTY THEFT ($950 & UNDER),Central,34.048,-118.2577
2024-01-10 10:12:00,BATTERY - SIMPLE ASSAULT,Central,34.0627,-118.2463
2024-01-06 05:00:00,INTIMATE PARTNER - AGGRAVATED ASSAULT,Central,34.0351,-118.2386
2024-01-10 16:00:00,BATTERY - SIMPLE ASSAULT,Central,34.0641,-118.2302
2024-01-10 15:15:00,VEHICLE - STOLEN,Central,34.0519,-118.2531
2024-01-10 14:08:00,CRIMINAL THREATS - NO WEAPON DISPLAYED,Central,34.0437,-118.2455
2024-01-10 14:10:00,VEHICLE - STOLEN,Central,34.0606,-118.2446
2024-01-10 18:30:00,BRANDISH WEAPON,Central,34.0453,-118.2499
2024-01-10 10:30:00,"VANDALISM - FELONY ($400 & OVER, ALL CHURCH VANDALISMS)",Central,34.0448,-118.2474
2024-01-09 17:00:00,THEFT FROM MOTOR VEHICLE - GRAND ($950.01 AND OVER),Central,34.0615,-118.247
2024-01-10 20:00:00,VEHICLE - STOLEN,Central,34.0401,-118.2669
2024-01-11 05:15:00,BATTERY - SIMPLE ASSAULT,Central,34.0561,-118.2375
2024-01-11 07:15:00,"ASSAULT WITH DEADLY WEAPON, AGGRAVATED ASSAULT",Central,34.035,-118.2615
2024-01-11 02:45:00,BURGLARY,Central,34.0388,-118.2574
2024-01-11 10:30:00,VEHICLE - STOLEN,Central,34.0404,-118.2504
2024-01-03 11:30:00,VANDALISM - MISDEAMEANOR ($399 OR UNDER),Central,34.0612,-118.2417
2024-01-10 19:00:00,BURGLARY FROM VEHICLE,Central,34.0423,-118.2561
2024-01-10 20:00:00,BURGLARY FROM VEHICLE,Central,34.0466,-118.2555
2024-01-10 04:57:00,"VANDALISM - FELONY ($400 & OVER, ALL CHURCH VANDALISMS)",Central,34.0389,-118.2643
2024-01-10 17:50:00,SHOPLIFTING - PETTY THEFT ($950 & UNDER),Central,34.0453,-118.236
2024-01-11 04:00:00,BURGLARY,Central,34.0331,-118.2599
2024-01-11 13:45:00,VEHICLE - STOLEN,Central,34.0355,-118.2714
2024-01-06 22:00:00,"VANDALISM - FELONY ($400 & OVER, ALL CHURCH VANDALISMS)",Central,34.0408,-118.2644
2024-01-11 13:20:00,TRESPASSING,Central,34.048,-118.2577
2024-01-10 18:00:00,"THEFT-GRAND ($950.01 & OVER)EXCPT,GUNS,FOWL,LIVESTK,PROD",Central,34.0475,-118.2657
2024-01-11 10:20:00,ROBBERY,Central,34.0487,-118.2546
2024-01-11 14:25:00,TRESPASSING,Central,34.0561,-118.2375
2024-01-11 11:30:00,SHOPLIFTING - PETTY THEFT ($950 & UNDER),Central,34.0483,-118.2631
2024-01-11 11:40:00,EXTORTION,Central,34.0615,-118.247
2024-01-11 15:45:00,SHOPLIFTING - PETTY THEFT ($950 & UNDER),Central,34.048,-118.2577
2024-01-11 16:25:00,TRESPASSING,Central,34.0508,-118.2586
2024-01-11 17:30:00,TRESPASSING,Central,34.0487,-118.2588
2024-01-08 15:00:00,THEFT FROM MOTOR VEHICLE - PETTY ($950 & UNDER),Central,34.0473,-118.2566
2024-01-11 15:50:00,BATTERY POLICE (SIMPLE),Central,34.0473,-118.2641
2024-01-11 17:00:00,BATTERY - SIMPLE ASSAULT,Central,34.0561,-118.2375
2024-01-09 09:30:00,BURGLARY,Central,34.0452,-118.2569
2024-01-10 16:00:00,THEFT FROM MOTOR VEHICLE - PETTY ($950 & UNDER),Central,34.0364,-118.2677
2024-01-11 11:30:00,CRIMINAL THREATS - NO WEAPON DISPLAYED,Central,34.0437,-118.2455
2024-01-04 18:03:00,THEFT PLAIN - PETTY ($950 & UNDER),Central,34.0566,-118.2531
2024-01-11 21:05:00,THEFT PLAIN - PETTY ($950 & UNDER),Central,34.0431,-118.2692
2024-01-11 18:00:00,BURGLARY FROM VEHICLE,Central,34.0414,-118.2332
2024-01-11 11:20:00,BURGLARY FROM VEHICLE,Central,34.0502,-118.2504
2024-01-10 17:40:00,"THEFT-GRAND ($950.01 & OVER)EXCPT,GUNS,FOWL,LIVESTK,PROD",Central,34.0522,-118.2538
2024-01-11 17:30:00,INTIMATE PARTNER - SIMPLE ASSAULT,Central,34.0525,-118.2397
2024-01-11 20:45:00,TRESPASSING,Central,34.0522,-118.2434
2024-01-11 15:30:00,BATTERY - SIMPLE ASSAULT,Central,34.049,-118.2592
2024-01-11 22:05:00,BURGLARY FROM VEHICLE,Central,34.0446,-118.2507
2024-01-10 17:30:00,"ASSAULT WITH DEADLY WEAPON, AGGRAVATED ASSAULT",Central,34.0467,-118.252
2024-01-11 22:40:00,TRESPASSING,Central,34.0508,-118.2586
2024-01-12 02:58:00,BATTERY - SIMPLE ASSAULT,Central,34.0519,-118.2531
2024-01-11 22:40:00,BURGLARY FROM VEHICLE,Central,34.0435,-118.236
2024-01-12 00:30:00,BATTERY POLICE (SIMPLE),Central,34.0508,-118.2586
2024-01-12 07:00:00,TRESPASSING,Central,34.0549,-118.2511
2024-01-11 22:30:00,ROBBERY,Central,34.0561,-118.2375
2024-01-04 18:30:00,"VANDALISM - FELONY ($400 & OVER, ALL CHURCH VANDALISMS)",Central,34.0613,-118.2446
2024-01-11 22:30:00,TRESPASSING,Central,34.0508,-118.2586
2024-01-12 01:36:00,THEFT OF IDENTITY,Central,34.0635,-118.2416
2024-01-12 02:20:00,INTIMATE PARTNER - SIMPLE ASSAULT,Central,34.0429,-118.2462
2024-01-11 21:15:00,BURGLARY,Central,34.0462,-118.2628
2024-01-08 18:30:00,THEFT FROM MOTOR VEHICLE - PETTY ($950 & UNDER),Central,34.0459,-118.2352
2024-01-07 06:00:00,VEHICLE - STOLEN,Central,34.0673,-118.2354
2024-01-10 16:00:00,THEFT FROM MOTOR VEHICLE - PETTY ($950 & UNDER),Central,34.0473,-118.2566
2024-01-11 21:00:00,BURGLARY FROM VEHICLE,Central,34.0468,-118.2415
2024-01-12 03:34:00,BURGLARY,Central,34.0481,-118.2507
2024-01-11 16:20:00,BRANDISH WEAPON,Central,34.0483,-118.2631
2024-01-12 12:15:00,BATTERY - SIMPLE ASSAULT,Central,34.0516,-118.2561
2024-01-12 03:00:00,BATTERY - SIMPLE ASSAULT,Central,34.0473,-118.2641
2024-01-10 22:30:00,OTHER MISCELLANEOUS CRIME,Central,34.0435,-118.2471
2024-01-12 08:40:00,"ASSAULT WITH DEADLY WEAPON, AGGRAVATED ASSAULT",Central,34.0348,-118.2688
2024-01-12 14:30:00,TRESPASSING,Central,34.0561,-118.2375
2024-01-10 16:00:00,THEFT FROM MOTOR VEHICLE - GRAND ($950.01 AND OVER),Central,34.0473,-118.2566
2024-01-12 16:48:00,ROBBERY,Central,34.0452,-118.2533
2024-01-12 00:30:00,BURGLARY FROM VEHICLE,Central,34.0566,-118.2531
2024-01-08 07:00:00,BURGLARY FROM VEHICLE,Central,34.0517,-118.2456
2024-01-12 15:30:00,THEFT OF IDENTITY,Central,34.0481,-118.2507
2024-01-11 21:00:00,THEFT PLAIN - PETTY ($950 & UNDER),Central,34.045,-118.264
2024-01-12 18:00:00,ROBBERY,Central,34.0644,-118.2387
2024-01-11 12:00:00,BURGLARY,Central,34.0478,-118.2484
2024-01-07 14:45:00,BATTERY - SIMPLE ASSAULT,Central,34.0468,-118.2415
2024-01-12 12:15:00,VANDALISM - MISDEAMEANOR ($399 OR UNDER),Central,34.0628,-118.2286
2024-01-12 16:09:00,CRIMINAL THREATS - NO WEAPON DISPLAYED,Central,34.0736,-118.2312
2024-01-12 23:40:00,ROBBERY,Central,34.0606,-118.2439
2024-01-12 17:40:00,SHOPLIFTING-GRAND THEFT ($950.01 & OVER),Central,34.048,-118.2577
2024-01-13 00:48:00,PICKPOCKET,Central,34.0431,-118.2692
2024-01-12 18:15:00,BURGLARY FROM VEHICLE,Central,34.048,-118.2577
2024-01-12 15:10:00,THEFT FROM MOTOR VEHICLE - PETTY ($950 & UNDER),Central,34.0363,-118.2672
2024-01-11 19:00:00,THEFT FROM MOTOR VEHICLE - PETTY ($950 & UNDER),Central,34.0395,-118.2657
2024-01-13 00:15:00,INTIMATE PARTNER - SIMPLE ASSAULT,Central,34.0473,-118.2425
2024-01-06 14:00:00,THEFT OF IDENTITY,Central,34.0535,-118.2491
2024-01-12 22:50:00,BRANDISH WEAPON,Central,34.0437,-118.2547
2024-01-12 19:00:00,SHOPLIFTING - PETTY THEFT ($950 & UNDER),Central,34.0483,-118.2631
2024-01-13 00:55:00,"ASSAULT WITH DEADLY WEAPON, AGGRAVATED ASSAULT",Central,34.0474,-118.2496
2024-01-12 20:00:00,"ASSAULT WITH DEADLY WEAPON, AGGRAVATED ASSAULT",Central,34.048,-118.2577
2024-01-12 22:50:00,ROBBERY,Central,34.0453,-118.249
2024-01-11 19:07:00,"LETTERS, LEWD  -  TELEPHONE CALLS, LEWD",Central,34.0519,-118.2531
2024-01-13 03:40:00,CRIMINAL HOMICIDE,Central,34.0437,-118.2455
2024-01-13 07:20:00,"BUNCO, GRAND THEFT",Central,34.0467,-118.252
2024-01-12 14:45:00,VEHICLE - STOLEN,Central,34.0481,-118.2472
2024-01-12 17:00:00,VEHICLE - STOLEN,Central,34.0663,-118.2442
2024-01-13 03:00:00,THEFT PLAIN - PETTY ($950 & UNDER),Central,34.0448,-118.2474
2024-01-11 23:45:00,"THEFT-GRAND ($950.01 & OVER)EXCPT,GUNS,FOWL,LIVESTK,PROD",Central,34.0401,-118.2669
2024-01-13 11:35:00,VANDALISM - MISDEAMEANOR ($399 OR UNDER),Central,34.0474,-118.2496
2024-01-11 01:10:00,THEFT PLAIN - PETTY ($950 & UNDER),Central,34.0615,-118.2412
2024-01-12 23:40:00,BURGLARY FROM VEHICLE,Central,34.0435,-118.2366
2024-01-13 02:43:00,"VANDALISM - FELONY ($400 & OVER, ALL CHURCH VANDALISMS)",Central,34.0566,-118.2318
2024-01-13 14:10:00,BRANDISH WEAPON,Central,34.0498,-118.24
2024-01-13 15:44:00,"ASSAULT WITH DEADLY WEAPON, AGGRAVATED ASSAULT",Central,34.0572,-118.2481
2024-01-13 18:44:00,BATTERY - SIMPLE ASSAULT,Central,34.0525,-118.2397
2024-01-13 12:00:00,BATTERY - SIMPLE ASSAULT,Central,34.0442,-118.2439
2024-01-13 11:50:00,BATTERY - SIMPLE ASSAULT,Central,34.0627,-118.2463
2024-01-13 17:55:00,TRESPASSING,Central,34.0561,-118.2375
2024-01-13 09:00:00,OTHER MISCELLANEOUS CRIME,Central,34.0515,-118.2424
2024-01-13 19:55:00,ROBBERY,Central,34.0515,-118.2424
2024-01-13 20:10:00,SHOPLIFTING-GRAND THEFT ($950.01 & OVER),Central,34.0483,-118.2631
2024-01-13 22:45:00,PICKPOCKET,Central,34.0431,-118.2692
2024-01-13 02:20:00,INTIMATE PARTNER - AGGRAVATED ASSAULT,Central,34.0398,-118.2413
2024-01-13 21:00:00,"ASSAULT WITH DEADLY WEAPON, AGGRAVATED ASSAULT",Central,34.0481,-118.2472
2024-01-14 05:10:00,BATTERY - SIMPLE ASSAULT,Central,34.0423,-118.2453
2024-01-14 00:30:00,INTIMATE PARTNER - SIMPLE ASSAULT,Central,34.0494,-118.2599
2024-01-14 02:46:00,"ASSAULT WITH DEADLY WEAPON, AGGRAVATED ASSAULT",Central,34.0487,-118.2588
2024-01-14 00:25:00,BATTERY - SIMPLE ASSAULT,Central,34.0461,-118.2674
2024-01-13 23:45:00,TRESPASSING,Central,34.0508,-118.2586
2024-01-13 22:50:00,"BURGLARY FROM VEHICLE, ATTEMPTED",Central,34.0342,-118.2636
2024-01-14 03:30:00,VEHICLE - STOLEN,Central,34.0342,-118.2636
2024-01-13 18:00:00,VEHICLE - STOLEN,Central,34.0364,-118.2677
2024-01-13 20:00:00,BURGLARY,Central,34.0481,-118.2472
2024-01-13 09:35:00,THEFT FROM MOTOR VEHICLE - PETTY ($950 & UNDER),Central,34.0627,-118.2463
2024-01-13 17:00:00,TRESPASSING,Central,34.0508,-118.2586
2024-01-12 13:40:00,BURGLARY FROM VEHICLE,Central,34.0461,-118.2395
2024-01-11 17:00:00,VEHICLE - STOLEN,Central,34.0423,-118.2561
2024-01-11 22:00:00,BURGLARY FROM VEHICLE,Central,34.0409,-118.2574
2024-01-05 17:01:00,BURGLARY FROM VEHICLE,Central,34.0462,-118.2628
2024-01-12 22:20:00,PICKPOCKET,Central,34.0431,-118.2692
2024-01-07 02:00:00,PICKPOCKET,Central,34.0359,-118.2711
2024-01-13 23:55:00,PICKPOCKET,Central,34.046,-118.2493
2024-01-13 19:30:00,THEFT PLAIN - PETTY ($950 & UNDER),Central,34.0479,-118.2612
2024-01-13 00:01:00,BURGLARY FROM VEHICLE,Central,34.0453,-118.236
2024-01-14 10:00:00,VANDALISM - MISDEAMEANOR ($399 OR UNDER),Central,34.056,-118.2386
2024-01-13 18:15:00,"VANDALISM - FELONY ($400 & OVER, ALL CHURCH VANDALISMS)",Central,34.0495,-118.2458
2024-01-07 00:01:00,OTHER MISCELLANEOUS CRIME,Central,34.0412,-118.2436
2024-01-13 07:15:00,TRESPASSING,Central,34.0492,-118.2391
2024-01-14 15:00:00,BATTERY - SIMPLE ASSAULT,Central,34.0413,-118.2694
2024-01-14 14:30:00,BURGLARY FROM VEHICLE,Central,34.0477,-118.2394
2024-01-13 21:50:00,VEHICLE - ATTEMPT STOLEN,Central,34.0357,-118.2663
2024-01-14 01:05:00,VANDALISM - MISDEAMEANOR ($399 OR UNDER),Central,34.0437,-118.2652
2024-01-13 13:44:00,SHOPLIFTING - PETTY THEFT ($950 & UNDER),Central,34.0467,-118.252
2024-01-13 15:30:00,SHOPLIFTING - PETTY THEFT ($950 & UNDER),Central,34.0467,-118.252
2024-01-13 15:00:00,SHOPLIFTING - PETTY THEFT ($950 & UNDER),Central,34.0467,-118.252
2024-01-13 12:52:00,SHOPLIFTING - PETTY THEFT ($950 & UNDER),Central,34.0467,-118.252
2024-01-13 15:20:00,SHOPLIFTING - PETTY THEFT ($950 & UNDER),Central,34.048,-118.2577
2024-01-14 08:00:00,ROBBERY,Central,34.0479,-118.2612
2024-01-14 09:00:00,VEHICLE - STOLEN,Central,34.0491,-118.2414
2024-01-14 05:00:00,"ASSAULT WITH DEADLY WEAPON, AGGRAVATED ASSAULT",Central,34.057,-118.2329
2024-01-13 23:15:00,INTIMATE PARTNER - SIMPLE ASSAULT,Central,34.0463,-118.2402
2024-01-13 18:52:00,SHOPLIFTING - PETTY THEFT ($950 & UNDER),Central,34.0483,-118.2631
2024-01-14 14:35:00,BURGLARY FROM VEHICLE,Central,34.048,-118.2542
2024-01-14 15:35:00,"THEFT-GRAND ($950.01 & OVER)EXCPT,GUNS,FOWL,LIVESTK,PROD",Central,34.0431,-118.2692
2024-01-14 18:00:00,"VANDALISM - FELONY ($400 & OVER, ALL CHURCH VANDALISMS)",Central,34.048,-118.2577
2024-01-14 19:40:00,"ASSAULT WITH DEADLY WEAPON, AGGRAVATED ASSAULT",Central,34.047,-118.2457
2024-01-14 09:30:00,BURGLARY,Central,34.0503,-118.247
2024-01-13 17:30:00,BURGLARY,Central,34.0506,-118.2371
2024-01-14 21:45:00,"ASSAULT WITH DEADLY WEAPON, AGGRAVATED ASSAULT",Central,34.0328,-118.2683
2024-01-14 09:00:00,BATTERY WITH SEXUAL CONTACT,Central,34.0508,-118.2586
2024-01-10 21:30:00,INTIMATE PARTNER - AGGRAVATED ASSAULT,Central,34.0471,-118.2474
2024-01-14 12:30:00,"THEFT, PERSON",Central,34.0396,-118.2558
2024-01-14 10:00:00,VANDALISM - MISDEAMEANOR ($399 OR UNDER),Central,34.0459,-118.2352
2024-01-14 22:05:00,TRESPASSING,Central,34.0549,-118.2511
2024-01-15 02:20:00,"ASSAULT WITH DEADLY WEAPON, AGGRAVATED ASSAULT",Central,34.0471,-118.2491
2024-01-15 01:00:00,INTIMATE PARTNER - AGGRAVATED ASSAULT,Central,34.0685,-118.246
2024-01-15 01:00:00,VANDALISM - MISDEAMEANOR ($399 OR UNDER),Central,34.0685,-118.246
2024-01-02 16:45:00,VEHICLE - STOLEN,Central,34.0502,-118.2575
2024-01-14 04:00:00,OTHER MISCELLANEOUS CRIME,Central,34.0481,-118.2472
2024-01-10 17:55:00,THEFT PLAIN - PETTY ($950 & UNDER),Central,34.0494,-118.2599
2024-01-12 19:00:00,THEFT FROM MOTOR VEHICLE - GRAND ($950.01 AND OVER),Central,34.0612,-118.2417
2024-01-15 06:30:00,"THEFT-GRAND ($950.01 & OVER)EXCPT,GUNS,FOWL,LIVESTK,PROD",Central,34.0508,-118.2586
2024-01-13 22:00:00,"THEFT-GRAND ($950.01 & OVER)EXCPT,GUNS,FOWL,LIVESTK,PROD",Central,34.0515,-118.2592
2024-01-14 14:00:00,BATTERY - SIMPLE ASSAULT,Central,34.0536,-118.2455
2024-01-14 22:00:00,VEHICLE - STOLEN,Central,34.0735,-118.23
2024-01-11 01:00:00,VEHICLE - STOLEN,Central,34.0473,-118.2566
2024-01-15 17:30:00,THEFT PLAIN - PETTY ($950 & UNDER),Central,34.0421,-118.2469
2024-01-13 16:00:00,VEHICLE - ATTEMPT STOLEN,Central,34.0665,-118.2446
2024-01-15 07:05:00,TRESPASSING,Central,34.0549,-118.2511
2024-01-15 06:50:00,TRESPASSING,Central,34.0549,-118.2511
2024-01-15 08:40:00,BURGLARY,Central,34.0415,-118.2655
2024-01-14 14:55:00,"VANDALISM - FELONY ($400 & OVER, ALL CHURCH VANDALISMS)",Central,34.0423,-118.2561
2024-01-15 09:00:00,BATTERY - SIMPLE ASSAULT,Central,34.0557,-118.2488
2024-01-15 05:50:00,ROBBERY,Central,34.0406,-118.268
2024-01-14 20:00:00,OTHER MISCELLANEOUS CRIME,Central,34.0481,-118.2507
2024-01-13 08:00:00,VEHICLE - STOLEN,Central,34.0452,-118.2569
2024-01-11 12:30:00,"RAPE, FORCIBLE",Central,34.0437,-118.2455
2024-01-15 17:30:00,"THEFT-GRAND ($950.01 & OVER)EXCPT,GUNS,FOWL,LIVESTK,PROD",Central,34.0503,-118.2434
2024-01-15 07:50:00,TRESPASSING,Central,34.0549,-118.2511
2024-01-15 19:00:00,ROBBERY,Central,34.071,-118.2302
2024-01-08 08:03:00,"THEFT-GRAND ($950.01 & OVER)EXCPT,GUNS,FOWL,LIVESTK,PROD",Central,34.0483,-118.2631
2024-01-15 18:00:00,SHOPLIFTING - PETTY THEFT ($950 & UNDER),Central,34.0452,-118.2533
2024-01-15 20:20:00,"LETTERS, LEWD  -  TELEPHONE CALLS, LEWD",Central,34.0401,-118.2684
2024-01-15 18:30:00,BURGLARY FROM VEHICLE,Central,34.0454,-118.2333
2024-01-15 23:45:00,TRESPASSING,Central,34.0524,-118.2467
2024-01-15 23:00:00,VEHICLE - STOLEN,Central,34.0487,-118.2588
2024-01-15 21:20:00,ROBBERY,Central,34.0462,-118.2628
2024-01-15 21:00:00,INTIMATE PARTNER - SIMPLE ASSAULT,Central,34.0408,-118.2428
2024-01-14 10:10:00,OTHER MISCELLANEOUS CRIME,Central,34.0515,-118.2424
2024-01-15 17:30:00,"ASSAULT WITH DEADLY WEAPON, AGGRAVATED ASSAULT",Central,34.049,-118.2592
2024-01-16 01:00:00,"ASSAULT WITH DEADLY WEAPON, AGGRAVATED ASSAULT",Central,34.045,-118.264
2024-01-15 20:00:00,BURGLARY FROM VEHICLE,Central,34.0539,-118.2487
2024-01-14 08:55:00,"ASSAULT WITH DEADLY WEAPON, AGGRAVATED ASSAULT",Central,34.0511,-118.2597
2024-01-16 05:00:00,"ASSAULT WITH DEADLY WEAPON, AGGRAVATED ASSAULT",Central,34.0442,-118.2439
2024-01-15 17:50:00,LEWD CONDUCT,Central,34.0561,-118.2375
2024-01-12 22:00:00,BURGLARY FROM VEHICLE,Central,34.0663,-118.2442
2024-01-15 16:30:00,VEHICLE - STOLEN,Central,34.0432,-118.2504
2024-01-08 20:30:00,THEFT FROM MOTOR VEHICLE - PETTY ($950 & UNDER),Central,34.0419,-118.2351
2024-01-15 07:30:00,"VANDALISM - FELONY ($400 & OVER, ALL CHURCH VANDALISMS)",Central,34.0522,-118.2434
2024-01-16 10:40:00,THEFT FROM MOTOR VEHICLE - GRAND ($950.01 AND OVER),Central,34.0389,-118.2306
2024-01-16 06:15:00,TRESPASSING,Central,34.0549,-118.2511
2024-01-16 04:45:00,ARSON,Central,34.0502,-118.2539
2024-01-10 13:03:00,THEFT PLAIN - PETTY ($950 & UNDER),Central,34.064,-118.2375
2024-01-16 11:32:00,BATTERY - SIMPLE ASSAULT,Central,34.0467,-118.247
2024-01-13 10:43:00,"BURGLARY, ATTEMPTED",Central,34.0595,-118.2451
2024-01-16 10:00:00,BATTERY - SIMPLE ASSAULT,Central,34.0334,-118.2697
2024-01-16 13:10:00,SHOPLIFTING - PETTY THEFT ($950 & UNDER),Central,34.048,-118.2577
2024-01-16 12:50:00,"THEFT-GRAND ($950.01 & OVER)EXCPT,GUNS,FOWL,LIVESTK,PROD",Central,34.0446,-118.249
2024-01-16 09:30:00,INTIMATE PARTNER - SIMPLE ASSAULT,Central,34.0612,-118.2417
2024-01-16 10:00:00,OTHER ASSAULT,Central,34.0452,-118.2533
2024-01-16 04:00:00,TRESPASSING,Central,34.0444,-118.2628
2024-01-16 11:10:00,INTIMATE PARTNER - SIMPLE ASSAULT,Central,34.0466,-118.2555
2024-01-13 08:00:00,THEFT FROM MOTOR VEHICLE - PETTY ($950 & UNDER),Central,34.0461,-118.2475
2024-01-16 00:15:00,INTIMATE PARTNER - SIMPLE ASSAULT,Central,34.0446,-118.245
2024-01-16 19:50:00,BATTERY - SIMPLE ASSAULT,Central,34.0558,-118.2436
2024-01-16 07:30:00,VEHICLE - ATTEMPT STOLEN,Central,34.0612,-118.2417
2024-01-14 02:00:00,"ASSAULT WITH DEADLY WEAPON, AGGRAVATED ASSAULT",Central,34.0467,-118.252
2024-01-14 19:30:00,BATTERY - SIMPLE ASSAULT,Central,34.0429,-118.2462
2024-01-17 01:20:00,BURGLARY FROM VEHICLE,Central,34.0516,-118.2491
2024-01-17 02:50:00,"ASSAULT WITH DEADLY WEAPON, AGGRAVATED ASSAULT",Central,34.0423,-118.2453
2024-01-16 11:20:00,INTIMATE PARTNER - SIMPLE ASSAULT,Central,34.0503,-118.2434
2024-01-16 19:39:00,"ASSAULT WITH DEADLY WEAPON, AGGRAVATED ASSAULT",Central,34.0481,-118.2472
2024-01-17 06:15:00,THEFT PLAIN - PETTY ($950 & UNDER),Central,34.0561,-118.2375
2024-01-17 06:00:00,BATTERY - SIMPLE ASSAULT,Central,34.0547,-118.2505
2024-01-16 18:30:00,THEFT PLAIN - PETTY ($950 & UNDER),Central,34.0483,-118.2631
2024-01-17 02:20:00,BATTERY - SIMPLE ASSAULT,Central,34.0479,-118.2612
2024-01-17 07:40:00,TRESPASSING,Central,34.0561,-118.2375
2024-01-04 20:00:00,"EMBEZZLEMENT, GRAND THEFT ($950.01 & OVER)",Central,34.0308,-118.2638
2024-01-17 02:45:00,"ASSAULT WITH DEADLY WEAPON, AGGRAVATED ASSAULT",Central,34.0406,-118.268
2024-01-16 14:30:00,SHOPLIFTING - PETTY THEFT ($950 & UNDER),Central,34.0483,-118.2631
2024-01-15 11:45:00,VEHICLE - STOLEN,Central,34.0494,-118.2599
2024-01-16 11:15:00,"VANDALISM - FELONY ($400 & OVER, ALL CHURCH VANDALISMS)",Central,34.0311,-118.2645
2024-01-13 22:30:00,THEFT PLAIN - PETTY ($950 & UNDER),Central,34.0481,-118.2507
2024-01-13 12:10:00,"THEFT-GRAND ($950.01 & OVER)EXCPT,GUNS,FOWL,LIVESTK,PROD",Central,34.0431,-118.2692
2024-01-16 17:16:00,THEFT PLAIN - PETTY ($950 & UNDER),Central,34.0604,-118.2393
2024-01-16 18:00:00,"VANDALISM - FELONY ($400 & OVER, ALL CHURCH VANDALISMS)",Central,34.0408,-118.2644
2024-01-14 18:26:00,SHOPLIFTING - PETTY THEFT ($950 & UNDER),Central,34.0483,-118.2631
2024-01-07 12:16:00,THEFT OF IDENTITY,Central,34.039,-118.24
2024-01-13 16:00:00,"THEFT, PERSON",Central,34.0389,-118.255
2024-01-16 16:05:00,TRESPASSING,Central,34.0549,-118.2511
2024-01-16 16:50:00,SHOPLIFTING - PETTY THEFT ($950 & UNDER),Central,34.048,-118.2577
2024-01-10 09:30:00,OTHER MISCELLANEOUS CRIME,Central,34.0488,-118.2518
2024-01-17 10:15:00,BURGLARY FROM VEHICLE,Central,34.0409,-118.2609
2024-01-16 13:10:00,BATTERY - SIMPLE ASSAULT,Central,34.0561,-118.2375
2024-01-15 17:50:00,DOCUMENT FORGERY / STOLEN FELONY,Central,34.0569,-118.254
2024-01-17 17:00:00,VEHICLE - STOLEN,Central,34.0461,-118.2395
2024-01-17 08:20:00,VEHICLE - STOLEN,Central,34.0458,-118.2614
2024-01-16 16:37:00,SHOPLIFTING - PETTY THEFT ($950 & UNDER),Central,34.0483,-118.2631
2024-01-17 13:28:00,"THEFT-GRAND ($950.01 & OVER)EXCPT,GUNS,FOWL,LIVESTK,PROD",Central,34.0572,-118.2481
2024-01-17 16:10:00,"ASSAULT WITH DEADLY WEAPON, AGGRAVATED ASSAULT",Central,34.0474,-118.2496
2024-01-16 21:40:00,VEHICLE - STOLEN,Central,34.0473,-118.2566
2024-01-17 14:00:00,BURGLARY,Central,34.0615,-118.2412
2024-01-17 16:20:00,CRIMINAL THREATS - NO WEAPON DISPLAYED,Central,34.0488,-118.25
2024-01-17 18:30:00,VEHICLE - STOLEN,Central,34.0384,-118.2571
2024-01-16 19:00:00,BURGLARY FROM VEHICLE,Central,34.0495,-118.2459
2024-01-12 12:50:00,THEFT FROM MOTOR VEHICLE - GRAND ($950.01 AND OVER),Central,34.0483,-118.2631
2024-01-16 21:00:00,BATTERY - SIMPLE ASSAULT,Central,34.0446,-118.245
2024-01-16 05:15:00,THEFT FROM MOTOR VEHICLE - GRAND ($950.01 AND OVER),Central,34.0401,-118.2357
2024-01-17 19:00:00,SHOPLIFTING - PETTY THEFT ($950 & UNDER),Central,34.0431,-118.2692
2024-01-17 16:30:00,TRESPASSING,Central,34.0508,-118.2586
2024-01-17 16:00:00,TRESPASSING,Central,34.0508,-118.2586
2024-01-17 14:50:00,SHOPLIFTING - PETTY THEFT ($950 & UNDER),Central,34.0483,-118.2631
2024-01-17 14:55:00,SHOPLIFTING - PETTY THEFT ($950 & UNDER),Central,34.0483,-118.2631
2024-01-16 16:00:00,"THEFT-GRAND ($950.01 & OVER)EXCPT,GUNS,FOWL,LIVESTK,PROD",Central,34.0337,-118.261
2024-01-17 06:18:00,BURGLARY FROM VEHICLE,Central,34.0382,-118.2603
2024-01-17 19:07:00,TRESPASSING,Central,34.0488,-118.2518
2024-01-17 19:00:00,TRESPASSING,Central,34.0488,-118.2518
2024-01-17 18:20:00,TRESPASSING,Central,34.0488,-118.2518
2024-01-17 22:00:00,BATTERY - SIMPLE ASSAULT,Central,34.0442,-118.2439
2024-01-17 17:37:00,TRESPASSING,Central,34.0488,-118.2518
2024-01-17 18:10:00,BURGLARY,Central,34.0582,-118.2387
2024-01-17 18:03:00,TRESPASSING,Central,34.0488,-118.2518
2024-01-17 18:00:00,TRESPASSING,Central,34.0488,-118.2518
2024-01-17 19:15:00,ROBBERY,Central,34.043,-118.2606
2024-01-17 20:00:00,SHOPLIFTING - PETTY THEFT ($950 & UNDER),Central,34.0483,-118.2631
2024-01-17 19:45:00,BURGLARY FROM VEHICLE,Central,34.048,-118.2577
2024-01-17 18:30:00,BURGLARY,Central,34.0452,-118.2569
2024-01-18 02:05:00,INTIMATE PARTNER - SIMPLE ASSAULT,Central,34.0382,-118.2603
2024-01-17 23:30:00,VANDALISM - MISDEAMEANOR ($399 OR UNDER),Central,34.0612,-118.2417
2024-01-17 17:50:00,TRESPASSING,Central,34.0488,-118.2518
2024-01-13 12:00:00,PICKPOCKET,Central,34.0431,-118.2692
2024-01-17 18:30:00,TRESPASSING,Central,34.0488,-118.2518
2024-01-17 18:00:00,VEHICLE - STOLEN,Central,34.0357,-118.2663
2024-01-17 19:10:00,TRESPASSING,Central,34.0488,-118.2518
2024-01-17 18:35:00,TRESPASSING,Central,34.0488,-118.2518
2024-01-17 17:30:00,TRESPASSING,Central,34.0488,-118.2518
2024-01-17 18:15:00,TRESPASSING,Central,34.0488,-118.2518
2024-01-17 19:00:00,VEHICLE - STOLEN,Central,34.043,-118.2606
2024-01-01 00:30:00,THEFT FROM MOTOR VEHICLE - PETTY ($950 & UNDER),Central,34.0438,-118.2547
2024-01-17 18:00:00,THEFT FROM MOTOR VEHICLE - PETTY ($950 & UNDER),Central,34.0674,-118.2489
2024-01-15 02:00:00,"THEFT, PERSON",Central,34.0452,-118.2533
2024-01-11 23:00:00,THEFT FROM MOTOR VEHICLE - PETTY ($950 & UNDER),Central,34.0652,-118.2451
2024-01-10 22:00:00,VEHICLE - STOLEN,Central,34.0363,-118.2604
2024-01-11 16:30:00,THEFT FROM MOTOR VEHICLE - PETTY ($950 & UNDER),Central,34.0487,-118.2588
2024-01-14 21:00:00,"ASSAULT WITH DEADLY WEAPON, AGGRAVATED ASSAULT",Central,34.0453,-118.2443
2024-01-18 12:00:00,INTIMATE PARTNER - SIMPLE ASSAULT,Central,34.0564,-118.2499
2024-01-18 11:15:00,BATTERY - SIMPLE ASSAULT,Central,34.0414,-118.2399
2024-01-18 16:00:00,VEHICLE - STOLEN,Central,34.0494,-118.2599
2024-01-18 09:20:00,"ASSAULT WITH DEADLY WEAPON, AGGRAVATED ASSAULT",Central,34.0615,-118.2351
2024-01-17 18:00:00,"ASSAULT WITH DEADLY WEAPON, AGGRAVATED ASSAULT",Central,34.0446,-118.2507
2024-01-16 19:30:00,BURGLARY FROM VEHICLE,Central,34.048,-118.2577
2024-01-18 10:00:00,BURGLARY FROM VEHICLE,Central,34.0401,-118.2669
2024-01-16 16:00:00,SODOMY/SEXUAL CONTACT B/W PENIS OF ONE PERS TO ANUS OTH,Central,34.0561,-118.2375
2024-01-18 13:40:00,THEFT PLAIN - PETTY ($950 & UNDER),Central,34.0606,-118.2439
2024-01-17 01:00:00,BURGLARY,Central,34.0487,-118.2553
2024-01-18 15:25:00,ROBBERY,Central,34.0459,-118.2579
2024-01-19 02:00:00,"VANDALISM - FELONY ($400 & OVER, ALL CHURCH VANDALISMS)",Central,34.0515,-118.2424
2024-01-12 01:45:00,"THEFT-GRAND ($950.01 & OVER)EXCPT,GUNS,FOWL,LIVESTK,PROD",Central,34.0423,-118.263
2024-01-06 11:30:00,THEFT FROM MOTOR VEHICLE - PETTY ($950 & UNDER),Central,34.043,-118.2606
2024-01-13 13:00:00,BATTERY - SIMPLE ASSAULT,Central,34.0435,-118.2427
2024-01-18 00:01:00,BURGLARY FROM VEHICLE,Central,34.0428,-118.2532
2024-01-12 18:20:00,"THEFT-GRAND ($950.01 & OVER)EXCPT,GUNS,FOWL,LIVESTK,PROD",Central,34.0561,-118.2375
2024-01-17 07:30:00,THEFT PLAIN - PETTY ($950 & UNDER),Central,34.0431,-118.2692
2024-01-18 22:00:00,"VANDALISM - FELONY ($400 & OVER, ALL CHURCH VANDALISMS)",Central,34.0606,-118.2439
2024-01-19 03:20:00,"ASSAULT WITH DEADLY WEAPON, AGGRAVATED ASSAULT",Central,34.0454,-118.2658
2024-01-17 21:30:00,BURGLARY FROM VEHICLE,Central,34.0417,-118.2362
2024-01-18 11:30:00,OTHER ASSAULT,Central,34.0437,-118.2455
2024-01-12 18:00:00,VANDALISM - MISDEAMEANOR ($399 OR UNDER),Central,34.0535,-118.2491
2024-01-04 22:00:00,BATTERY - SIMPLE ASSAULT,Central,34.0561,-118.2375
2024-01-18 19:00:00,INTIMATE PARTNER - AGGRAVATED ASSAULT,Central,34.0445,-118.2523
2024-01-18 00:01:00,SHOPLIFTING - PETTY THEFT ($950 & UNDER),Central,34.0487,-118.2588
2024-01-18 21:55:00,SHOPLIFTING - PETTY THEFT ($950 & UNDER),Central,34.0431,-118.2692
2024-01-17 05:00:00,"VANDALISM - FELONY ($400 & OVER, ALL CHURCH VANDALISMS)",Central,34.0522,-118.2434
2024-01-18 13:50:00,TRESPASSING,Central,34.0508,-118.2586
2024-01-18 17:00:00,INTIMATE PARTNER - SIMPLE ASSAULT,Central,34.0408,-118.2644
2024-01-17 17:00:00,BURGLARY FROM VEHICLE,Central,34.0585,-118.2403
2024-01-05 07:00:00,"THEFT-GRAND ($950.01 & OVER)EXCPT,GUNS,FOWL,LIVESTK,PROD",Central,34.0539,-118.2436
2024-01-06 16:00:00,VANDALISM - MISDEAMEANOR ($399 OR UNDER),Central,34.0539,-118.2436
2024-01-18 19:10:00,THEFT OF IDENTITY,Central,34.0503,-118.2434
2024-01-19 06:00:00,"ASSAULT WITH DEADLY WEAPON, AGGRAVATED ASSAULT",Central,34.0524,-118.2467
2024-01-18 06:55:00,TRESPASSING,Central,34.0549,-118.2511
2024-01-05 12:30:00,BATTERY - SIMPLE ASSAULT,Central,34.0491,-118.2558
2024-01-19 08:00:00,TRESPASSING,Central,34.0635,-118.2357
2024-01-18 21:00:00,BURGLARY FROM VEHICLE,Central,34.048,-118.2577
2024-01-18 14:00:00,BURGLARY FROM VEHICLE,Central,34.0503,-118.247
2024-01-17 14:30:00,BATTERY - SIMPLE ASSAULT,Central,34.0581,-118.2371
2024-01-01 00:01:00,CRIMINAL THREATS - NO WEAPON DISPLAYED,Central,34.0561,-118.2375
2024-01-17 15:00:00,BURGLARY FROM VEHICLE,Central,34.0382,-118.2316
2024-01-09 22:00:00,THEFT PLAIN - PETTY ($950 & UNDER),Central,34.0431,-118.2692
2024-01-12 17:00:00,THEFT FROM MOTOR VEHICLE - PETTY ($950 & UNDER),Central,34.044,-118.2357
2024-01-19 19:30:00,BATTERY - SIMPLE ASSAULT,Central,34.0435,-118.2471
2024-01-19 17:30:00,"THEFT-GRAND ($950.01 & OVER)EXCPT,GUNS,FOWL,LIVESTK,PROD",Central,34.046,-118.2326
2024-01-19 17:20:00,"ASSAULT WITH DEADLY WEAPON, AGGRAVATED ASSAULT",Central,34.0439,-118.2479
2024-01-19 17:05:00,BATTERY - SIMPLE ASSAULT,Central,34.0461,-118.2475
2024-01-19 15:45:00,"ASSAULT WITH DEADLY WEAPON, AGGRAVATED ASSAULT",Central,34.0508,-118.2586
2024-01-19 13:55:00,THEFT PLAIN - PETTY ($950 & UNDER),Central,34.0437,-118.2455
2024-01-18 15:30:00,SHOPLIFTING - PETTY THEFT ($950 & UNDER),Central,34.0483,-118.2631
2024-01-18 20:00:00,BURGLARY FROM VEHICLE,Central,34.0752,-118.2276
2024-01-01 02:00:00,THEFT PLAIN - PETTY ($950 & UNDER),Central,34.043,-118.2641
2024-01-19 06:50:00,THEFT FROM MOTOR VEHICLE - GRAND ($950.01 AND OVER),Central,34.0671,-118.2483
2024-01-19 12:45:00,TRESPASSING,Central,34.0508,-118.2586
2024-01-19 14:15:00,TRESPASSING,Central,34.0508,-118.2586
2024-01-19 12:10:00,TRESPASSING,Central,34.0508,-118.2586
2024-01-19 13:20:00,TRESPASSING,Central,34.0508,-118.2586
2024-01-19 14:35:00,"THEFT-GRAND ($950.01 & OVER)EXCPT,GUNS,FOWL,LIVESTK,PROD",Central,34.0431,-118.2692
2024-01-18 22:00:00,BURGLARY FROM VEHICLE,Central,34.0524,-118.2467
2024-01-19 14:25:00,"BURGLARY, ATTEMPTED",Central,34.0569,-118.254
2024-01-18 20:30:00,THEFT FROM MOTOR VEHICLE - GRAND ($950.01 AND OVER),Central,34.0653,-118.2412
2024-01-19 16:36:00,SHOPLIFTING - PETTY THEFT ($950 & UNDER),Central,34.0483,-118.2631
2024-01-19 13:00:00,TRESPASSING,Central,34.0508,-118.2586
2024-01-19 14:50:00,TRESPASSING,Central,34.0508,-118.2586
2024-01-19 11:55:00,SHOPLIFTING - PETTY THEFT ($950 & UNDER),Central,34.0483,-118.2631
2024-01-19 14:30:00,TRESPASSING,Central,34.0508,-118.2586
2024-01-19 13:40:00,TRESPASSING,Central,34.0508,-118.2586
2024-01-19 13:15:00,TRESPASSING,Central,34.0508,-118.2586
2024-01-19 12:40:00,TRESPASSING,Central,34.0508,-118.2586
2024-01-19 12:30:00,TRESPASSING,Central,34.0508,-118.2586
2024-01-18 18:00:00,THEFT PLAIN - PETTY ($950 & UNDER),Central,34.0473,-118.2601
2024-01-18 23:45:00,"VANDALISM - FELONY ($400 & OVER, ALL CHURCH VANDALISMS)",Central,34.0363,-118.2573
2024-01-19 22:00:00,INTIMATE PARTNER - AGGRAVATED ASSAULT,Central,34.046,-118.2493
2024-01-19 15:30:00,TRESPASSING,Central,34.0508,-118.2586
2024-01-20 00:05:00,VEHICLE - STOLEN,Central,34.0408,-118.2644
2024-01-10 12:00:00,THEFT FROM MOTOR VEHICLE - PETTY ($950 & UNDER),Central,34.0478,-118.2484
2024-01-20 01:39:00,BURGLARY FROM VEHICLE,Central,34.0468,-118.2415
2024-01-19 15:10:00,TRESPASSING,Central,34.0508,-118.2586
2024-01-20 05:25:00,ROBBERY,Central,34.0488,-118.25
2024-01-20 07:11:00,"LETTERS, LEWD  -  TELEPHONE CALLS, LEWD",Central,34.0515,-118.2424
2024-01-20 11:40:00,VEHICLE - STOLEN,Central,34.0426,-118.2528
2024-01-20 04:00:00,BATTERY - SIMPLE ASSAULT,Central,34.0435,-118.2471
2024-01-19 15:56:00,THEFT PLAIN - PETTY ($950 & UNDER),Central,34.0483,-118.2631
2024-01-19 21:00:00,VEHICLE - STOLEN,Central,34.0633,-118.2336
2024-01-19 13:50:00,TRESPASSING,Central,34.0508,-118.2586
2024-01-19 23:55:00,"THEFT-GRAND ($950.01 & OVER)EXCPT,GUNS,FOWL,LIVESTK,PROD",Central,34.0417,-118.2584
2024-01-13 02:36:00,PICKPOCKET,Central,34.0401,-118.2329
2024-01-20 11:00:00,VEHICLE - STOLEN,Central,34.0432,-118.2504
2024-01-19 13:30:00,TRESPASSING,Central,34.0508,-118.2586
2024-01-20 03:35:00,"THEFT-GRAND ($950.01 & OVER)EXCPT,GUNS,FOWL,LIVESTK,PROD",Central,34.0438,-118.2547
2024-01-17 13:00:00,ARSON,Central,34.0328,-118.2683
2024-01-20 00:01:00,ROBBERY,Central,34.0453,-118.2443
2024-01-20 12:25:00,BURGLARY,Central,34.0408,-118.2512
2024-01-18 19:30:00,"THEFT-GRAND ($950.01 & OVER)EXCPT,GUNS,FOWL,LIVESTK,PROD",Central,34.0561,-118.2375
2024-01-20 02:30:00,BURGLARY,Central,34.0467,-118.247
2024-01-15 15:00:00,VEHICLE - STOLEN,Central,34.0444,-118.2628
2024-01-20 05:41:00,BURGLARY,Central,34.0384,-118.2571
2024-01-20 02:00:00,VEHICLE - STOLEN,Central,34.0458,-118.2614
2024-01-20 09:00:00,PROWLER,Central,34.0453,-118.2443
2024-01-20 15:25:00,SHOPLIFTING - PETTY THEFT ($950 & UNDER),Central,34.0483,-118.2631
2024-01-20 11:00:00,THEFT PLAIN - PETTY ($950 & UNDER),Central,34.0446,-118.245
2024-01-20 02:00:00,INTIMATE PARTNER - SIMPLE ASSAULT,Central,34.0663,-118.2442
2024-01-17 01:00:00,"BUNCO, GRAND THEFT",Central,34.0573,-118.2474
2024-01-20 15:35:00,BATTERY - SIMPLE ASSAULT,Central,34.051,-118.248
2024-01-20 08:00:00,INTIMATE PARTNER - AGGRAVATED ASSAULT,Central,34.043,-118.2606
2024-01-20 14:00:00,BATTERY - SIMPLE ASSAULT,Central,34.0431,-118.2692
2024-01-20 20:30:00,BURGLARY FROM VEHICLE,Central,34.0461,-118.2395
2024-01-20 20:00:00,BURGLARY FROM VEHICLE,Central,34.0445,-118.2558
2024-01-13 08:00:00,"VANDALISM - FELONY ($400 & OVER, ALL CHURCH VANDALISMS)",Central,34.0461,-118.2461
2024-01-19 20:30:00,THEFT PLAIN - PETTY ($950 & UNDER),Central,34.0419,-118.2669
2024-01-20 14:45:00,BURGLARY FROM VEHICLE,Central,34.0504,-118.2409
2024-01-20 22:50:00,BATTERY - SIMPLE ASSAULT,Central,34.055,-118.2321
2024-01-20 17:50:00,BATTERY - SIMPLE ASSAULT,Central,34.0388,-118.2717
2024-01-20 18:55:00,BATTERY - SIMPLE ASSAULT,Central,34.0387,-118.2335
2024-01-21 03:27:00,OTHER MISCELLANEOUS CRIME,Central,34.0396,-118.259
2024-01-20 21:00:00,VEHICLE - ATTEMPT STOLEN,Central,34.0492,-118.2391
2024-01-20 19:00:00,BURGLARY,Central,34.0412,-118.2436
2024-01-17 22:00:00,VEHICLE - STOLEN,Central,34.0615,-118.247
2024-01-20 15:10:00,TRESPASSING,Central,34.0534,-118.2409
2024-01-20 03:30:00,TRESPASSING,Central,34.0561,-118.2375
2024-01-21 10:10:00,BATTERY - SIMPLE ASSAULT,Central,34.0432,-118.2504
2024-01-20 15:00:00,"THEFT-GRAND ($950.01 & OVER)EXCPT,GUNS,FOWL,LIVESTK,PROD",Central,34.0431,-118.2692
2024-01-20 22:25:00,TRESPASSING,Central,34.0549,-118.2511
2024-01-20 14:30:00,TRESPASSING,Central,34.0431,-118.2692
2024-01-20 01:00:00,PICKPOCKET,Central,34.0516,-118.2491
2024-01-19 21:00:00,"THEFT, PERSON",Central,34.045,-118.264
2024-01-07 15:10:00,"VANDALISM - FELONY ($400 & OVER, ALL CHURCH VANDALISMS)",Central,34.043,-118.2606
2024-01-20 19:05:00,THEFT FROM MOTOR VEHICLE - GRAND ($950.01 AND OVER),Central,34.0671,-118.2483
2024-01-20 17:00:00,THEFT PLAIN - PETTY ($950 & UNDER),Central,34.0561,-118.2375
2024-01-21 09:26:00,SHOPLIFTING - PETTY THEFT ($950 & UNDER),Central,34.0466,-118.252
2024-01-20 10:39:00,SHOPLIFTING - PETTY THEFT ($950 & UNDER),Central,34.0483,-118.2631
2024-01-17 10:00:00,"THEFT-GRAND ($950.01 & OVER)EXCPT,GUNS,FOWL,LIVESTK,PROD",Central,34.0522,-118.2434
2024-01-19 19:15:00,"VANDALISM - FELONY ($400 & OVER, ALL CHURCH VANDALISMS)",Central,34.0409,-118.2609
2024-01-21 06:50:00,TRESPASSING,Central,34.0473,-118.2566
2024-01-21 04:30:00,TRESPASSING,Central,34.0561,-118.2375
2024-01-19 02:00:00,THEFT PLAIN - PETTY ($950 & UNDER),Central,34.038,-118.2345
2024-01-21 01:00:00,"LETTERS, LEWD  -  TELEPHONE CALLS, LEWD",Central,34.0515,-118.2424
2024-01-21 13:34:00,"LETTERS, LEWD  -  TELEPHONE CALLS, LEWD",Central,34.0515,-118.2424
2024-01-21 10:15:00,"ASSAULT WITH DEADLY WEAPON, AGGRAVATED ASSAULT",Central,34.0457,-118.2665
2024-01-21 09:40:00,SHOTS FIRED AT INHABITED DWELLING,Central,34.0615,-118.247
2024-01-21 11:15:00,BIKE - STOLEN,Central,34.0415,-118.2655
2024-01-10 12:00:00,"THEFT-GRAND ($950.01 & OVER)EXCPT,GUNS,FOWL,LIVESTK,PROD",Central,34.0457,-118.2665
2024-01-21 18:05:00,ROBBERY,Central,34.0421,-118.2469
2024-01-21 18:40:00,THEFT FROM MOTOR VEHICLE - PETTY ($950 & UNDER),Central,34.043,-118.2606
2024-01-21 10:15:00,BRANDISH WEAPON,Central,34.043,-118.242
2024-01-17 23:00:00,"ASSAULT WITH DEADLY WEAPON, AGGRAVATED ASSAULT",Central,34.0423,-118.2453
2024-01-21 15:00:00,VEHICLE - STOLEN,Central,34.0396,-118.259
2024-01-21 20:20:00,INTIMATE PARTNER - SIMPLE ASSAULT,Central,34.043,-118.2606
2024-01-22 21:20:00,BURGLARY FROM VEHICLE,Central,34.0504,-118.2409
2024-01-21 19:25:00,ROBBERY,Central,34.0446,-118.245
2024-01-21 15:25:00,SHOPLIFTING - PETTY THEFT ($950 & UNDER),Central,34.0483,-118.2631
2024-01-20 07:36:00,VANDALISM - MISDEAMEANOR ($399 OR UNDER),Central,34.042,-118.2625
2024-01-16 21:30:00,BURGLARY FROM VEHICLE,Central,34.0426,-118.2528
2024-01-17 02:07:00,"VANDALISM - FELONY ($400 & OVER, ALL CHURCH VANDALISMS)",Central,34.0607,-118.2494
2024-01-21 20:01:00,FAILURE TO YIELD,Central,34.0384,-118.2571
2024-01-21 19:15:00,"ASSAULT WITH DEADLY WEAPON, AGGRAVATED ASSAULT",Central,34.0474,-118.2496
2024-01-22 02:20:00,"ASSAULT WITH DEADLY WEAPON, AGGRAVATED ASSAULT",Central,34.0453,-118.2443
2024-01-22 04:00:00,"VANDALISM - FELONY ($400 & OVER, ALL CHURCH VANDALISMS)",Central,34.0485,-118.2326
2024-01-21 22:00:00,BURGLARY FROM VEHICLE,Central,34.0504,-118.2409
2024-01-22 20:15:00,BATTERY - SIMPLE ASSAULT,Central,34.0559,-118.232
2024-01-21 18:30:00,THEFT FROM MOTOR VEHICLE - PETTY ($950 & UNDER),Central,34.0503,-118.2434
2024-01-22 00:01:00,INTIMATE PARTNER - AGGRAVATED ASSAULT,Central,34.057,-118.2508
2024-01-21 22:10:00,BATTERY - SIMPLE ASSAULT,Central,34.0467,-118.252
2024-01-21 22:00:00,VEHICLE - STOLEN,Central,34.0394,-118.2623
2024-01-21 18:00:00,SHOPLIFTING - PETTY THEFT ($950 & UNDER),Central,34.0431,-118.2692
2024-01-21 17:00:00,VEHICLE - STOLEN,Central,34.0678,-118.2466
2024-01-18 14:00:00,"THEFT, PERSON",Central,34.0473,-118.2531
2024-01-21 01:00:00,ROBBERY,Central,34.0481,-118.2472
2024-01-12 11:50:00,CRIMINAL THREATS - NO WEAPON DISPLAYED,Central,34.0472,-118.2443
2024-01-20 03:00:00,BATTERY - SIMPLE ASSAULT,Central,34.0442,-118.2439
2024-01-05 09:00:00,EXTORTION,Central,34.0437,-118.2455
2024-01-22 06:30:00,ROBBERY,Central,34.0437,-118.2455
2024-01-19 17:00:00,"VANDALISM - FELONY ($400 & OVER, ALL CHURCH VANDALISMS)",Central,34.0487,-118.2553
2024-01-19 16:30:00,"THEFT-GRAND ($950.01 & OVER)EXCPT,GUNS,FOWL,LIVESTK,PROD",Central,34.0452,-118.2533
2024-01-22 17:00:00,THEFT PLAIN - PETTY ($950 & UNDER),Central,34.0448,-118.2474
2024-01-22 14:30:00,BRANDISH WEAPON,Central,34.0421,-118.2469
2024-01-22 17:40:00,TRESPASSING,Central,34.0488,-118.2518
2024-01-22 12:50:00,SHOPLIFTING - PETTY THEFT ($950 & UNDER),Central,34.0483,-118.2631
2024-01-22 15:14:00,SHOPLIFTING - PETTY THEFT ($950 & UNDER),Central,34.0483,-118.2631
2024-01-19 14:00:00,"VEHICLE, STOLEN - OTHER (MOTORIZED SCOOTERS, BIKES, ETC)",Central,34.0437,-118.2547
2024-01-22 19:50:00,VEHICLE - STOLEN,Central,34.0495,-118.2458
2024-01-19 22:30:00,SEXUAL PENETRATION W/FOREIGN OBJECT,Central,34.0423,-118.2561
2024-01-22 18:15:00,BRANDISH WEAPON,Central,34.0453,-118.2443
2024-01-19 16:00:00,"THEFT-GRAND ($950.01 & OVER)EXCPT,GUNS,FOWL,LIVESTK,PROD",Central,34.0503,-118.2346
2024-01-22 13:54:00,"THEFT-GRAND ($950.01 & OVER)EXCPT,GUNS,FOWL,LIVESTK,PROD",Central,34.048,-118.2577
2024-01-20 08:42:00,"THEFT-GRAND ($950.01 & OVER)EXCPT,GUNS,FOWL,LIVESTK,PROD",Central,34.0388,-118.2717
2024-01-22 15:30:00,BATTERY WITH SEXUAL CONTACT,Central,34.0453,-118.2499
2024-01-22 22:30:00,ATTEMPTED ROBBERY,Central,34.0561,-118.2375
2024-01-02 08:00:00,VANDALISM - MISDEAMEANOR ($399 OR UNDER),Central,34.0455,-118.2379
2024-01-17 08:00:00,"VANDALISM - FELONY ($400 & OVER, ALL CHURCH VANDALISMS)",Central,34.0455,-118.2379
2024-01-21 14:00:00,"THEFT-GRAND ($950.01 & OVER)EXCPT,GUNS,FOWL,LIVESTK,PROD",Central,34.0483,-118.2631
2024-01-20 18:00:00,BURGLARY FROM VEHICLE,Central,34.0423,-118.2561
2024-01-22 15:05:00,THEFT PLAIN - PETTY ($950 & UNDER),Central,34.0503,-118.2434
2024-01-22 04:00:00,BURGLARY FROM VEHICLE,Central,34.0607,-118.2435
2024-01-22 18:33:00,BURGLARY FROM VEHICLE,Central,34.0488,-118.25
2024-01-20 02:00:00,BURGLARY FROM VEHICLE,Central,34.0333,-118.2657
2024-01-21 22:35:00,BURGLARY FROM VEHICLE,Central,34.0531,-118.2478
2024-01-16 21:09:00,BURGLARY FROM VEHICLE,Central,34.0502,-118.2504
2024-01-21 17:30:00,SHOPLIFTING - PETTY THEFT ($950 & UNDER),Central,34.0483,-118.2631
2024-01-20 12:00:00,THEFT PLAIN - PETTY ($950 & UNDER),Central,34.0431,-118.2692
2024-01-22 13:15:00,THEFT FROM MOTOR VEHICLE - PETTY ($950 & UNDER),Central,34.0406,-118.268
2024-01-23 01:45:00,BATTERY - SIMPLE ASSAULT,Central,34.0452,-118.2569
2024-01-23 02:10:00,BATTERY - SIMPLE ASSAULT,Central,34.0452,-118.2569
2024-01-23 01:00:00,THEFT PLAIN - PETTY ($950 & UNDER),Central,34.0387,-118.2612
2024-01-23 04:40:00,VANDALISM - MISDEAMEANOR ($399 OR UNDER),Central,34.0547,-118.2505
2024-01-21 10:30:00,"VANDALISM - FELONY ($400 & OVER, ALL CHURCH VANDALISMS)",Central,34.0485,-118.2448
2024-01-19 02:00:00,INTIMATE PARTNER - SIMPLE ASSAULT,Central,34.0453,-118.2443
2024-01-22 14:15:00,BATTERY POLICE (SIMPLE),Central,34.0466,-118.259
2024-01-22 18:15:00,ROBBERY,Central,34.0421,-118.2469
2024-01-21 17:50:00,TRESPASSING,Central,34.0488,-118.2518
2024-01-22 17:20:00,TRESPASSING,Central,34.0488,-118.2518
2024-01-21 16:30:00,TRESPASSING,Central,34.0488,-118.2518
2024-01-22 17:15:00,TRESPASSING,Central,34.0488,-118.2518
2024-01-22 16:30:00,TRESPASSING,Central,34.0488,-118.2518
2024-01-22 17:25:00,TRESPASSING,Central,34.0488,-118.2518
2024-01-21 17:45:00,TRESPASSING,Central,34.0488,-118.2518
2024-01-21 17:30:00,TRESPASSING,Central,34.0488,-118.2518
2024-01-22 16:10:00,TRESPASSING,Central,34.0488,-118.2518
2024-01-23 06:45:00,TRESPASSING,Central,34.0497,-118.2381
2024-01-22 18:15:00,TRESPASSING,Central,34.0488,-118.2518
2024-01-22 17:10:00,TRESPASSING,Central,34.0488,-118.2518
2024-01-22 16:40:00,TRESPASSING,Central,34.0488,-118.2518
2024-01-05 22:00:00,BURGLARY FROM VEHICLE,Central,34.0458,-118.2614
2024-01-23 09:15:00,"VANDALISM - FELONY ($400 & OVER, ALL CHURCH VANDALISMS)",Central,34.0491,-118.2558
2024-01-19 20:00:00,BURGLARY FROM VEHICLE,Central,34.0414,-118.2332
2024-01-21 11:30:00,THEFT FROM MOTOR VEHICLE - PETTY ($950 & UNDER),Central,34.0561,-118.2375
2024-01-19 08:00:00,"LETTERS, LEWD  -  TELEPHONE CALLS, LEWD",Central,34.0446,-118.245
2024-01-22 07:00:00,VEHICLE - STOLEN,Central,34.0308,-118.2638
2024-01-21 16:45:00,TRESPASSING,Central,34.0488,-118.2518
2024-01-23 06:00:00,THEFT PLAIN - PETTY ($950 & UNDER),Central,34.0559,-118.232
2024-01-19 23:20:00,ATTEMPTED ROBBERY,Central,34.0466,-118.252
2024-01-22 03:00:00,"THEFT-GRAND ($950.01 & OVER)EXCPT,GUNS,FOWL,LIVESTK,PROD",Central,34.0396,-118.2726
2024-01-21 22:30:00,VIOLATION OF RESTRAINING ORDER,Central,34.0437,-118.2547
2024-01-14 23:00:00,"THEFT-GRAND ($950.01 & OVER)EXCPT,GUNS,FOWL,LIVESTK,PROD",Central,34.0488,-118.25
2024-01-08 09:00:00,DOCUMENT FORGERY / STOLEN FELONY,Central,34.0487,-118.2588
2024-01-23 12:40:00,SHOPLIFTING - PETTY THEFT ($950 & UNDER),Central,34.0483,-118.2631
2024-01-23 12:00:00,VEHICLE - STOLEN,Central,34.0388,-118.2677
2024-01-22 12:30:00,TRESPASSING,Central,34.0488,-118.2518
2024-01-20 08:40:00,"THEFT-GRAND ($950.01 & OVER)EXCPT,GUNS,FOWL,LIVESTK,PROD",Central,34.0388,-118.2717
2024-01-20 17:00:00,THEFT PLAIN - PETTY ($950 & UNDER),Central,34.0466,-118.2555
2024-01-21 18:00:00,VANDALISM - MISDEAMEANOR ($399 OR UNDER),Central,34.0457,-118.2365
2024-01-22 16:00:00,BURGLARY,Central,34.0462,-118.2585
2024-01-22 22:00:00,BURGLARY,Central,34.0333,-118.2657
2024-01-22 22:00:00,BURGLARY,Central,34.0308,-118.2638
2024-01-15 10:35:00,"VANDALISM - FELONY ($400 & OVER, ALL CHURCH VANDALISMS)",Central,34.0466,-118.2555
2024-01-21 14:15:00,"VANDALISM - FELONY ($400 & OVER, ALL CHURCH VANDALISMS)",Central,34.0561,-118.2375
2024-01-07 14:30:00,BIKE - STOLEN,Central,34.0561,-118.2375
2024-01-23 11:40:00,ROBBERY,Central,34.0595,-118.2451
2024-01-22 16:30:00,"VANDALISM - FELONY ($400 & OVER, ALL CHURCH VANDALISMS)",Central,34.043,-118.2606
2024-01-23 04:30:00,BATTERY - SIMPLE ASSAULT,Central,34.0402,-118.2598
2024-01-23 14:40:00,SHOPLIFTING - PETTY THEFT ($950 & UNDER),Central,34.048,-118.2577
2024-01-23 16:46:00,SHOPLIFTING - PETTY THEFT ($950 & UNDER),Central,34.0483,-118.2631
2024-01-23 13:00:00,INTIMATE PARTNER - SIMPLE ASSAULT,Central,34.0421,-118.2469
2024-01-23 19:50:00,BURGLARY FROM VEHICLE,Central,34.0409,-118.2609
2024-01-23 18:00:00,BURGLARY FROM VEHICLE,Central,34.0503,-118.2434
2024-01-22 19:22:00,"VANDALISM - FELONY ($400 & OVER, ALL CHURCH VANDALISMS)",Central,34.0466,-118.2555
2024-01-22 19:10:00,BATTERY - SIMPLE ASSAULT,Central,34.0466,-118.2555
2024-01-23 20:05:00,"VANDALISM - FELONY ($400 & OVER, ALL CHURCH VANDALISMS)",Central,34.0503,-118.2434
2024-01-23 12:00:00,PICKPOCKET,Central,34.046,-118.2493
2024-01-24 06:20:00,TRESPASSING,Central,34.0559,-118.232
2024-01-22 15:29:00,SHOPLIFTING - PETTY THEFT ($950 & UNDER),Central,34.0483,-118.2631
2024-01-23 15:00:00,VEHICLE - STOLEN,Central,34.0658,-118.2366
2024-01-23 23:25:00,BATTERY - SIMPLE ASSAULT,Central,34.0423,-118.2561
2024-01-19 11:50:00,BURGLARY,Central,34.0453,-118.2499
2024-01-08 12:00:00,THEFT PLAIN - PETTY ($950 & UNDER),Central,34.0435,-118.2427
2024-01-24 00:30:00,INTIMATE PARTNER - SIMPLE ASSAULT,Central,34.0432,-118.2504
2024-01-24 08:00:00,BATTERY - SIMPLE ASSAULT,Central,34.0421,-118.2469
2024-01-19 18:30:00,BURGLARY FROM VEHICLE,Central,34.0395,-118.2657
2024-01-23 08:20:00,BURGLARY FROM VEHICLE,Central,34.0408,-118.2644
2024-01-23 19:00:00,BURGLARY FROM VEHICLE,Central,34.0452,-118.2533
2024-01-23 14:00:00,THEFT PLAIN - PETTY ($950 & UNDER),Central,34.0502,-118.2539
2024-01-23 21:00:00,BURGLARY FROM VEHICLE,Central,34.0467,-118.2485
2024-01-19 14:00:00,BURGLARY,Central,34.0479,-118.2454
2024-01-24 05:00:00,BURGLARY,Central,34.0564,-118.2499
2024-01-24 12:30:00,BATTERY - SIMPLE ASSAULT,Central,34.046,-118.251
2024-01-24 13:30:00,BATTERY - SIMPLE ASSAULT,Central,34.0414,-118.2399
2024-01-08 11:10:00,THEFT PLAIN - PETTY ($950 & UNDER),Central,34.0615,-118.247
2024-01-23 11:00:00,VEHICLE - STOLEN,Central,34.0437,-118.2582
2024-01-20 17:00:00,THEFT FROM MOTOR VEHICLE - PETTY ($950 & UNDER),Central,34.071,-118.2302
2024-01-24 06:40:00,THEFT FROM MOTOR VEHICLE - PETTY ($950 & UNDER),Central,34.054,-118.2527
2024-01-24 10:00:00,ROBBERY,Central,34.0473,-118.2425
2024-01-24 12:40:00,BATTERY - SIMPLE ASSAULT,Central,34.046,-118.251
2024-01-23 16:30:00,"ASSAULT WITH DEADLY WEAPON, AGGRAVATED ASSAULT",Central,34.0378,-118.2561
2024-01-24 04:00:00,BATTERY - SIMPLE ASSAULT,Central,34.0467,-118.252
2024-01-24 16:20:00,BATTERY - SIMPLE ASSAULT,Central,34.0498,-118.24
2024-01-21 16:50:00,BATTERY - SIMPLE ASSAULT,Central,34.0504,-118.2409
2024-01-24 15:54:00,THEFT PLAIN - PETTY ($950 & UNDER),Central,34.0519,-118.2531
2024-01-24 01:45:00,ROBBERY,Central,34.046,-118.251
2024-01-24 01:50:00,THEFT FROM MOTOR VEHICLE - PETTY ($950 & UNDER),Central,34.0626,-118.2445
2024-01-24 14:45:00,SHOPLIFTING - PETTY THEFT ($950 & UNDER),Central,34.0483,-118.2631
2024-01-24 12:32:00,SHOPLIFTING - PETTY THEFT ($950 & UNDER),Central,34.0483,-118.2631
2024-01-24 23:52:00,PICKPOCKET,Central,34.0516,-118.2491
2024-01-24 13:00:00,VEHICLE - STOLEN,Central,34.0337,-118.261
2024-01-24 20:28:00,"THEFT-GRAND ($950.01 & OVER)EXCPT,GUNS,FOWL,LIVESTK,PROD",Central,34.048,-118.2577
2024-01-24 20:04:00,RESISTING ARREST,Central,34.0581,-118.2371
2024-01-24 22:00:00,BRANDISH WEAPON,Central,34.0412,-118.2436
2024-01-24 23:30:00,"ASSAULT WITH DEADLY WEAPON, AGGRAVATED ASSAULT",Central,34.0438,-118.2416
2024-01-18 07:30:00,BATTERY - SIMPLE ASSAULT,Central,34.0584,-118.2331
2024-01-24 22:00:00,BURGLARY FROM VEHICLE,Central,34.0515,-118.2424
2024-01-20 20:56:00,"VANDALISM - FELONY ($400 & OVER, ALL CHURCH VANDALISMS)",Central,34.0431,-118.2692
2024-01-03 18:25:00,"THEFT-GRAND ($950.01 & OVER)EXCPT,GUNS,FOWL,LIVESTK,PROD",Central,34.0577,-118.2318
2024-01-24 23:52:00,VANDALISM - MISDEAMEANOR ($399 OR UNDER),Central,34.042,-118.2625
2024-01-23 09:45:00,BURGLARY FROM VEHICLE,Central,34.0462,-118.2628
2024-01-24 01:00:00,VANDALISM - MISDEAMEANOR ($399 OR UNDER),Central,34.0431,-118.2692
2024-01-23 23:00:00,BURGLARY FROM VEHICLE,Central,34.0458,-118.2614
2024-01-25 07:00:00,BATTERY - SIMPLE ASSAULT,Central,34.0439,-118.2514
2024-01-23 21:00:00,BURGLARY FROM VEHICLE,Central,34.046,-118.251
2024-01-25 08:00:00,VEHICLE - STOLEN,Central,34.0606,-118.2439
2024-01-25 06:30:00,BATTERY - SIMPLE ASSAULT,Central,34.0423,-118.2453
2024-01-24 16:41:00,BRANDISH WEAPON,Central,34.0442,-118.2439
2024-01-08 11:00:00,"EMBEZZLEMENT, GRAND THEFT ($950.01 & OVER)",Central,34.0479,-118.2612
2024-01-24 22:40:00,VEHICLE - STOLEN,Central,34.0488,-118.2483
2024-01-24 12:30:00,VIOLATION OF RESTRAINING ORDER,Central,34.0572,-118.2481
2024-01-20 14:55:00,VEHICLE - STOLEN,Central,34.0503,-118.2434
2024-01-21 21:34:00,"LETTERS, LEWD  -  TELEPHONE CALLS, LEWD",Central,34.0474,-118.2496
2024-01-25 13:40:00,"ASSAULT WITH DEADLY WEAPON, AGGRAVATED ASSAULT",Central,34.0414,-118.2399
2024-01-25 15:00:00,TRESPASSING,Central,34.0547,-118.2505
2024-01-25 14:50:00,OTHER MISCELLANEOUS CRIME,Central,34.0515,-118.2424
2024-01-24 05:40:00,BURGLARY,Central,34.0488,-118.2483
2024-01-24 15:45:00,BATTERY - SIMPLE ASSAULT,Central,34.0492,-118.2391
2024-01-25 13:30:00,SHOPLIFTING - PETTY THEFT ($950 & UNDER),Central,34.0483,-118.2631
2024-01-25 14:00:00,BATTERY - SIMPLE ASSAULT,Central,34.0561,-118.2375
2024-01-22 00:30:00,VEHICLE - STOLEN,Central,34.0457,-118.2665
2024-01-24 18:00:00,"VANDALISM - FELONY ($400 & OVER, ALL CHURCH VANDALISMS)",Central,34.0506,-118.2371
2024-01-24 22:00:00,BURGLARY FROM VEHICLE,Central,34.0654,-118.2482
2024-01-25 17:00:00,VEHICLE - STOLEN,Central,34.0368,-118.2656
2024-01-25 17:14:00,THEFT PLAIN - PETTY ($950 & UNDER),Central,34.0487,-118.2553
2024-01-25 15:00:00,SHOPLIFTING - PETTY THEFT ($950 & UNDER),Central,34.0437,-118.2547
2024-01-25 08:00:00,BURGLARY FROM VEHICLE,Central,34.0483,-118.2631
2024-01-14 16:55:00,BURGLARY FROM VEHICLE,Central,34.0445,-118.2558
2024-01-25 15:00:00,INTIMATE PARTNER - SIMPLE ASSAULT,Central,34.0473,-118.2531
2024-01-25 11:15:00,"ASSAULT WITH DEADLY WEAPON, AGGRAVATED ASSAULT",Central,34.0453,-118.2499
2024-01-10 08:30:00,BURGLARY,Central,34.0633,-118.2336
2024-01-25 18:30:00,"VANDALISM - FELONY ($400 & OVER, ALL CHURCH VANDALISMS)",Central,34.0495,-118.2494
2024-01-21 11:57:00,THEFT OF IDENTITY,Central,34.046,-118.2493
2024-01-25 16:30:00,BURGLARY FROM VEHICLE,Central,34.0475,-118.2657
2024-01-25 18:45:00,BURGLARY FROM VEHICLE,Central,34.0396,-118.259
2024-01-25 23:30:00,BRANDISH WEAPON,Central,34.0516,-118.2491
2024-01-25 00:30:00,BURGLARY,Central,34.048,-118.2577
2024-01-25 22:20:00,TRESPASSING,Central,34.0508,-118.2586
2024-01-25 23:40:00,BATTERY - SIMPLE ASSAULT,Central,34.0493,-118.2582
2024-01-25 21:30:00,BATTERY - SIMPLE ASSAULT,Central,34.0421,-118.2469
2024-01-25 17:10:00,ARSON,Central,34.0502,-118.2539
2024-01-26 00:30:00,"ASSAULT WITH DEADLY WEAPON, AGGRAVATED ASSAULT",Central,34.0569,-118.254
2024-01-25 19:15:00,VANDALISM - MISDEAMEANOR ($399 OR UNDER),Central,34.0423,-118.2453
2024-01-19 15:50:00,THEFT FROM MOTOR VEHICLE - PETTY ($950 & UNDER),Central,34.042,-118.2625
2024-01-26 06:00:00,TRESPASSING,Central,34.0508,-118.2586
2024-01-25 03:30:00,VEHICLE - STOLEN,Central,34.042,-118.2625
2024-01-11 16:50:00,THEFT PLAIN - PETTY ($950 & UNDER),Central,34.0396,-118.259
2024-01-19 11:39:00,THEFT PLAIN - PETTY ($950 & UNDER),Central,34.0472,-118.2371
2024-01-25 22:30:00,THEFT FROM MOTOR VEHICLE - GRAND ($950.01 AND OVER),Central,34.0419,-118.2669
2024-01-26 08:16:00,TRESPASSING,Central,34.0488,-118.2518
2024-01-23 13:00:00,BURGLARY FROM VEHICLE,Central,34.0607,-118.2494
2024-01-26 13:20:00,BATTERY - SIMPLE ASSAULT,Central,34.0467,-118.2485
2024-01-26 09:00:00,BATTERY - SIMPLE ASSAULT,Central,34.0529,-118.2445
2024-01-24 09:00:00,VEHICLE - STOLEN,Central,34.0377,-118.2622
2024-01-13 20:26:00,"VANDALISM - FELONY ($400 & OVER, ALL CHURCH VANDALISMS)",Central,34.0491,-118.2558
2024-01-25 18:00:00,BURGLARY,Central,34.0378,-118.2561
2024-01-26 12:53:00,"BUNCO, GRAND THEFT",Central,34.0491,-118.2558
2024-01-06 10:00:00,VIOLATION OF RESTRAINING ORDER,Central,34.0487,-118.2362
2024-01-26 10:20:00,ARSON,Central,34.0421,-118.2469
2024-01-26 11:16:00,BURGLARY FROM VEHICLE,Central,34.0476,-118.2477
2024-01-26 14:30:00,"VEHICLE, STOLEN - OTHER (MOTORIZED SCOOTERS, BIKES, ETC)",Central,34.0494,-118.2599
2024-01-26 16:00:00,SHOPLIFTING-GRAND THEFT ($950.01 & OVER),Central,34.0483,-118.2631
2024-01-26 10:00:00,INTIMATE PARTNER - SIMPLE ASSAULT,Central,34.0665,-118.2446
2024-01-26 16:57:00,THEFT PLAIN - PETTY ($950 & UNDER),Central,34.0624,-118.2286
2024-01-16 09:30:00,BATTERY - SIMPLE ASSAULT,Central,34.0572,-118.2481
2024-01-23 14:20:00,"THEFT-GRAND ($950.01 & OVER)EXCPT,GUNS,FOWL,LIVESTK,PROD",Central,34.043,-118.2606
2024-01-25 01:15:00,VEHICLE - ATTEMPT STOLEN,Central,34.0472,-118.2326
2024-01-26 17:30:00,"THEFT-GRAND ($950.01 & OVER)EXCPT,GUNS,FOWL,LIVESTK,PROD",Central,34.0561,-118.2375
2024-01-25 15:00:00,"THEFT-GRAND ($950.01 & OVER)EXCPT,GUNS,FOWL,LIVESTK,PROD",Central,34.0442,-118.2681
2024-01-26 16:12:00,"THEFT-GRAND ($950.01 & OVER)EXCPT,GUNS,FOWL,LIVESTK,PROD",Central,34.048,-118.2577
2024-01-26 18:00:00,ROBBERY,Central,34.0484,-118.2339
2024-01-12 20:00:00,"THEFT-GRAND ($950.01 & OVER)EXCPT,GUNS,FOWL,LIVESTK,PROD",Central,34.0423,-118.2561
2024-01-26 18:05:00,BATTERY - SIMPLE ASSAULT,Central,34.0545,-118.2499
2024-01-24 04:32:00,BURGLARY,Central,34.0491,-118.2558
2024-01-26 17:30:00,BURGLARY FROM VEHICLE,Central,34.0488,-118.25
2024-01-26 07:30:00,TRESPASSING,Central,34.0493,-118.2582
2024-01-26 15:40:00,TRESPASSING,Central,34.0488,-118.2518
2024-01-26 14:30:00,TRESPASSING,Central,34.0488,-118.2518
2024-01-26 14:45:00,TRESPASSING,Central,34.0488,-118.2518
2024-01-26 15:30:00,TRESPASSING,Central,34.0488,-118.2518
2024-01-26 14:50:00,TRESPASSING,Central,34.0488,-118.2518
2024-01-27 01:00:00,VEHICLE - STOLEN,Central,34.0468,-118.2415
2024-01-27 00:01:00,"VANDALISM - FELONY ($400 & OVER, ALL CHURCH VANDALISMS)",Central,34.0511,-118.2336
2024-01-27 00:30:00,OTHER ASSAULT,Central,34.0433,-118.2577
2024-01-27 07:10:00,TRESPASSING,Central,34.0508,-118.2586
2024-01-26 09:00:00,INTIMATE PARTNER - SIMPLE ASSAULT,Central,34.0462,-118.2585
2024-01-27 03:00:00,BATTERY - SIMPLE ASSAULT,Central,34.0419,-118.2669
2024-01-26 14:50:00,BATTERY - SIMPLE ASSAULT,Central,34.0463,-118.2402
2024-01-26 10:50:00,BURGLARY,Central,34.0493,-118.2582
2024-01-25 21:00:00,VEHICLE - STOLEN,Central,34.042,-118.2625
2024-01-21 20:00:00,VEHICLE - STOLEN,Central,34.0484,-118.2339
2024-01-27 10:40:00,VEHICLE - STOLEN,Central,34.0394,-118.2496
2024-01-27 11:00:00,ROBBERY,Central,34.0483,-118.2631
2024-01-26 23:00:00,TRESPASSING,Central,34.0552,-118.2457
2024-01-26 19:00:00,VEHICLE - STOLEN,Central,34.0383,-118.2305
2024-01-27 12:30:00,BATTERY - SIMPLE ASSAULT,Central,34.0542,-118.2566
2024-01-27 07:00:00,"RAPE, ATTEMPTED",Central,34.0435,-118.2471
2024-01-27 13:45:00,BATTERY - SIMPLE ASSAULT,Central,34.0606,-118.2439
2024-01-24 04:45:00,"VANDALISM - FELONY ($400 & OVER, ALL CHURCH VANDALISMS)",Central,34.0409,-118.2574
2024-01-27 16:55:00,"THEFT-GRAND ($950.01 & OVER)EXCPT,GUNS,FOWL,LIVESTK,PROD",Central,34.0495,-118.2494
2024-01-26 21:30:00,BATTERY - SIMPLE ASSAULT,Central,34.0437,-118.2455
2024-01-27 16:22:00,BRANDISH WEAPON,Central,34.0473,-118.2566
2024-01-27 13:00:00,OTHER ASSAULT,Central,34.0479,-118.2612
2024-01-27 20:00:00,TRESPASSING,Central,34.0561,-118.2375
2024-01-26 19:30:00,ROBBERY,Central,34.0452,-118.2533
2024-01-27 06:00:00,"VANDALISM - FELONY ($400 & OVER, ALL CHURCH VANDALISMS)",Central,34.0467,-118.252
2024-01-27 04:15:00,THEFT FROM MOTOR VEHICLE - PETTY ($950 & UNDER),Central,34.042,-118.2485
2024-01-27 20:04:00,BRANDISH WEAPON,Central,34.0553,-118.2512
2024-01-27 20:00:00,ROBBERY,Central,34.048,-118.2542
2024-01-24 18:50:00,BATTERY - SIMPLE ASSAULT,Central,34.0559,-118.232
2024-01-27 17:30:00,BATTERY - SIMPLE ASSAULT,Central,34.0473,-118.2601
2024-01-26 12:30:00,BATTERY - SIMPLE ASSAULT,Central,34.0431,-118.2692
2024-01-01 00:01:00,"VANDALISM - FELONY ($400 & OVER, ALL CHURCH VANDALISMS)",Central,34.046,-118.251
2024-01-27 23:39:00,"ASSAULT WITH DEADLY WEAPON, AGGRAVATED ASSAULT",Central,34.0453,-118.2443
2024-01-28 12:30:00,BATTERY - SIMPLE ASSAULT,Central,34.0467,-118.2485
2024-01-26 23:00:00,BURGLARY FROM VEHICLE,Central,34.0488,-118.25
2024-01-28 01:40:00,"ASSAULT WITH DEADLY WEAPON, AGGRAVATED ASSAULT",Central,34.0417,-118.2584
2024-01-27 19:05:00,"ASSAULT WITH DEADLY WEAPON, AGGRAVATED ASSAULT",Central,34.039,-118.24
2024-01-24 12:00:00,BURGLARY FROM VEHICLE,Central,34.0401,-118.2633
2024-01-27 00:52:00,BURGLARY FROM VEHICLE,Central,34.051,-118.2445
2024-01-27 12:00:00,BURGLARY FROM VEHICLE,Central,34.0378,-118.2561
2024-01-27 00:30:00,PICKPOCKET,Central,34.051,-118.248
2024-01-21 00:01:00,THEFT PLAIN - PETTY ($950 & UNDER),Central,34.042,-118.2485
2024-01-26 18:39:00,THEFT PLAIN - PETTY ($950 & UNDER),Central,34.0483,-118.2631
2024-01-25 13:35:00,BIKE - STOLEN,Central,34.0406,-118.268
2024-01-26 23:45:00,PICKPOCKET,Central,34.046,-118.2493
2024-01-26 19:26:00,"VANDALISM - FELONY ($400 & OVER, ALL CHURCH VANDALISMS)",Central,34.0535,-118.256
2024-01-27 13:45:00,"THEFT-GRAND ($950.01 & OVER)EXCPT,GUNS,FOWL,LIVESTK,PROD",Central,34.0431,-118.2692
2024-01-27 20:00:00,THEFT FROM MOTOR VEHICLE - GRAND ($950.01 AND OVER),Central,34.0401,-118.2669
2024-01-27 11:30:00,BURGLARY FROM VEHICLE,Central,34.0417,-118.2362
2024-01-28 01:40:00,ROBBERY,Central,34.0363,-118.2604
2024-01-27 23:00:00,ROBBERY,Central,34.0437,-118.2455
2024-01-28 08:00:00,"ASSAULT WITH DEADLY WEAPON, AGGRAVATED ASSAULT",Central,34.0453,-118.2499
2024-01-23 18:30:00,BURGLARY,Central,34.0404,-118.2504
2024-01-27 15:00:00,"THEFT-GRAND ($950.01 & OVER)EXCPT,GUNS,FOWL,LIVESTK,PROD",Central,34.0372,-118.2703
2024-01-26 14:00:00,VEHICLE - STOLEN,Central,34.0349,-118.263
2024-01-27 19:52:00,BURGLARY FROM VEHICLE,Central,34.0462,-118.2585
2024-01-28 00:50:00,BURGLARY FROM VEHICLE,Central,34.0585,-118.2403
2024-01-27 19:50:00,BATTERY - SIMPLE ASSAULT,Central,34.046,-118.251
2024-01-28 08:30:00,VIOLATION OF RESTRAINING ORDER,Central,34.0412,-118.2436
2024-01-28 02:00:00,BATTERY - SIMPLE ASSAULT,Central,34.0396,-118.2726
2024-01-28 13:15:00,TRESPASSING,Central,34.0467,-118.252
2024-01-27 08:00:00,CRIMINAL THREATS - NO WEAPON DISPLAYED,Central,34.0449,-118.2638
2024-01-27 15:30:00,SHOPLIFTING - PETTY THEFT ($950 & UNDER),Central,34.0487,-118.2588
2024-01-27 19:15:00,TRESPASSING,Central,34.0561,-118.2375
2024-01-27 17:00:00,TRESPASSING,Central,34.0561,-118.2375
2024-01-28 08:20:00,TRESPASSING,Central,34.0549,-118.2511
2024-01-28 11:40:00,ROBBERY,Central,34.0502,-118.2575
2024-01-28 14:15:00,VEHICLE - STOLEN,Central,34.0468,-118.2415
2024-01-28 13:00:00,"VANDALISM - FELONY ($400 & OVER, ALL CHURCH VANDALISMS)",Central,34.0515,-118.2424
2024-01-28 16:45:00,"ASSAULT WITH DEADLY WEAPON, AGGRAVATED ASSAULT",Central,34.0415,-118.2655
2024-01-28 16:00:00,"VANDALISM - FELONY ($400 & OVER, ALL CHURCH VANDALISMS)",Central,34.0446,-118.2507
2024-01-28 14:30:00,BATTERY - SIMPLE ASSAULT,Central,34.0442,-118.2439
2024-01-28 15:46:00,VANDALISM - MISDEAMEANOR ($399 OR UNDER),Central,34.045,-118.264
2024-01-28 01:30:00,INTIMATE PARTNER - SIMPLE ASSAULT,Central,34.0495,-118.2459
2024-01-27 20:45:00,BATTERY - SIMPLE ASSAULT,Central,34.0473,-118.2601
2024-01-27 15:25:00,INTIMATE PARTNER - AGGRAVATED ASSAULT,Central,34.0445,-118.2523
2024-01-28 10:40:00,BATTERY - SIMPLE ASSAULT,Central,34.046,-118.251
2024-01-28 13:40:00,INTIMATE PARTNER - SIMPLE ASSAULT,Central,34.0442,-118.2439
2024-01-28 11:00:00,"THEFT-GRAND ($950.01 & OVER)EXCPT,GUNS,FOWL,LIVESTK,PROD",Central,34.0601,-118.2386
2024-01-27 22:00:00,"BUNCO, PETTY THEFT",Central,34.042,-118.2625
2024-01-28 13:40:00,"ASSAULT WITH DEADLY WEAPON, AGGRAVATED ASSAULT",Central,34.0503,-118.2434
2024-01-27 19:00:00,BURGLARY FROM VEHICLE,Central,34.046,-118.251
2024-01-25 17:00:00,BURGLARY FROM VEHICLE,Central,34.0437,-118.2709
2024-01-14 15:36:00,"THEFT-GRAND ($950.01 & OVER)EXCPT,GUNS,FOWL,LIVESTK,PROD",Central,34.0562,-118.2397
2024-01-28 11:30:00,SHOPLIFTING - PETTY THEFT ($950 & UNDER),Central,34.0483,-118.2631
2024-01-27 00:30:00,BURGLARY FROM VEHICLE,Central,34.0538,-118.2379
2024-01-27 17:30:00,BURGLARY FROM VEHICLE,Central,34.0423,-118.263
2024-01-27 21:20:00,TRESPASSING,Central,34.0508,-118.2586
2024-01-27 23:40:00,TRESPASSING,Central,34.0508,-118.2586
2024-01-27 18:50:00,SHOPLIFTING - PETTY THEFT ($950 & UNDER),Central,34.0483,-118.2631
2024-01-28 03:30:00,INTIMATE PARTNER - AGGRAVATED ASSAULT,Central,34.0421,-118.2469
2024-01-28 15:45:00,VANDALISM - MISDEAMEANOR ($399 OR UNDER),Central,34.0396,-118.259
2024-01-28 23:05:00,"VANDALISM - FELONY ($400 & OVER, ALL CHURCH VANDALISMS)",Central,34.0534,-118.2483
2024-01-28 23:50:00,OTHER MISCELLANEOUS CRIME,Central,34.0483,-118.2631
2024-01-28 22:00:00,BRANDISH WEAPON,Central,34.0444,-118.2628
2024-01-29 03:30:00,"ASSAULT WITH DEADLY WEAPON, AGGRAVATED ASSAULT",Central,34.0367,-118.2385
2024-01-28 20:30:00,VEHICLE - STOLEN,Central,34.0383,-118.2695
2024-01-28 21:14:00,BURGLARY FROM VEHICLE,Central,34.045,-118.264
2024-01-27 15:20:00,ROBBERY,Central,34.0496,-118.2603
2024-01-28 21:13:00,OTHER MISCELLANEOUS CRIME,Central,34.0454,-118.2658
2024-01-01 22:10:00,"THEFT-GRAND ($950.01 & OVER)EXCPT,GUNS,FOWL,LIVESTK,PROD",Central,34.0495,-118.2528
2024-01-28 13:30:00,"ASSAULT WITH DEADLY WEAPON, AGGRAVATED ASSAULT",Central,34.032,-118.2608
2024-01-15 21:30:00,VEHICLE - STOLEN,Central,34.0433,-118.2488
2024-01-28 19:20:00,"ASSAULT WITH DEADLY WEAPON, AGGRAVATED ASSAULT",Central,34.046,-118.2493
2024-01-01 00:01:00,THEFT FROM MOTOR VEHICLE - PETTY ($950 & UNDER),Central,34.062,-118.2425
2024-01-29 05:10:00,TRESPASSING,Central,34.0561,-118.2375
2024-01-29 11:00:00,TRESPASSING,Central,34.0559,-118.232
2024-01-29 08:05:00,BATTERY - SIMPLE ASSAULT,Central,34.0453,-118.2443
2024-01-26 21:00:00,INTIMATE PARTNER - AGGRAVATED ASSAULT,Central,34.0412,-118.2474
2024-01-29 09:00:00,VEHICLE - STOLEN,Central,34.0627,-118.2359
2024-01-29 13:00:00,BATTERY - SIMPLE ASSAULT,Central,34.0495,-118.2459
2024-01-23 07:45:00,BATTERY - SIMPLE ASSAULT,Central,34.0481,-118.2507
2024-01-27 10:30:00,BATTERY - SIMPLE ASSAULT,Central,34.0446,-118.245
2024-01-29 09:29:00,"VANDALISM - FELONY ($400 & OVER, ALL CHURCH VANDALISMS)",Central,34.0389,-118.255
2024-01-29 09:15:00,TRESPASSING,Central,34.0431,-118.2692
2024-01-29 09:00:00,"ASSAULT WITH DEADLY WEAPON, AGGRAVATED ASSAULT",Central,34.0459,-118.243
2024-01-29 13:40:00,SHOPLIFTING - PETTY THEFT ($950 & UNDER),Central,34.0483,-118.2631
2024-01-29 14:50:00,TRESPASSING,Central,34.0561,-118.2375
2024-01-29 13:50:00,TRESPASSING,Central,34.0508,-118.2586
2024-01-29 13:00:00,SHOPLIFTING - PETTY THEFT ($950 & UNDER),Central,34.048,-118.2577
2024-01-29 18:00:00,BRANDISH WEAPON,Central,34.0462,-118.2585
2024-01-29 18:10:00,CRIMINAL THREATS - NO WEAPON DISPLAYED,Central,34.0462,-118.2585
2024-01-28 17:50:00,VANDALISM - MISDEAMEANOR ($399 OR UNDER),Central,34.0464,-118.2447
2024-01-27 21:30:00,VEHICLE - STOLEN,Central,34.0347,-118.2646
2024-01-25 23:00:00,BRANDISH WEAPON,Central,34.051,-118.2445
2024-01-29 13:00:00,"EMBEZZLEMENT, GRAND THEFT ($950.01 & OVER)",Central,34.0534,-118.2409
2024-01-29 13:25:00,BRANDISH WEAPON,Central,34.0453,-118.2499
2024-01-29 22:00:00,VEHICLE - STOLEN,Central,34.0452,-118.2569
2024-01-29 18:00:00,VEHICLE - STOLEN,Central,34.0542,-118.2566
2024-01-29 23:40:00,BURGLARY FROM VEHICLE,Central,34.0523,-118.2571
2024-01-29 12:55:00,BRANDISH WEAPON,Central,34.0433,-118.2488
2024-01-28 19:30:00,BURGLARY FROM VEHICLE,Central,34.048,-118.2577
2024-01-29 22:42:00,BURGLARY,Central,34.0685,-118.246
2024-01-29 12:30:00,THEFT PLAIN - PETTY ($950 & UNDER),Central,34.0382,-118.2316
2024-01-29 08:45:00,BURGLARY,Central,34.0504,-118.2409
2024-01-29 17:00:00,BURGLARY,Central,34.0478,-118.2484
2024-01-27 18:00:00,BURGLARY,Central,34.0419,-118.2523
2024-01-27 23:30:00,THEFT PLAIN - PETTY ($950 & UNDER),Central,34.045,-118.264
2024-01-27 20:00:00,THEFT PLAIN - PETTY ($950 & UNDER),Central,34.0431,-118.2692
2024-01-25 01:24:00,THEFT PLAIN - PETTY ($950 & UNDER),Central,34.0419,-118.2669
2024-01-28 15:00:00,"VANDALISM - FELONY ($400 & OVER, ALL CHURCH VANDALISMS)",Central,34.0479,-118.2612
2024-01-28 21:00:00,PICKPOCKET,Central,34.0491,-118.2558
2024-01-27 10:15:00,BURGLARY FROM VEHICLE,Central,34.0517,-118.2456
2024-01-28 22:00:00,BURGLARY FROM VEHICLE,Central,34.0452,-118.2569
2024-01-29 13:12:00,"VANDALISM - FELONY ($400 & OVER, ALL CHURCH VANDALISMS)",Central,34.0545,-118.2378
2024-01-26 13:00:00,THEFT PLAIN - PETTY ($950 & UNDER),Central,34.0483,-118.2631
2024-01-07 14:40:00,SHOPLIFTING - PETTY THEFT ($950 & UNDER),Central,34.0483,-118.2631
2024-01-27 22:30:00,BURGLARY FROM VEHICLE,Central,34.0476,-118.2477
2024-01-07 11:13:00,SHOPLIFTING - PETTY THEFT ($950 & UNDER),Central,34.0483,-118.2631
2024-01-29 06:00:00,ORAL COPULATION,Central,34.0483,-118.2631
2024-01-29 12:30:00,"VANDALISM - FELONY ($400 & OVER, ALL CHURCH VANDALISMS)",Central,34.0382,-118.2316
2024-01-29 17:00:00,THEFT FROM MOTOR VEHICLE - GRAND ($950.01 AND OVER),Central,34.0396,-118.259
2024-01-29 16:00:00,"ASSAULT WITH DEADLY WEAPON, AGGRAVATED ASSAULT",Central,34.0468,-118.2415
2024-01-29 12:30:00,CRIMINAL THREATS - NO WEAPON DISPLAYED,Central,34.0382,-118.2316
2024-01-29 18:30:00,INTIMATE PARTNER - SIMPLE ASSAULT,Central,34.0473,-118.2641
2024-01-26 10:30:00,CRIMINAL THREATS - NO WEAPON DISPLAYED,Central,34.0549,-118.2426
2024-01-26 08:10:00,TRESPASSING,Central,34.0488,-118.2518
2024-01-29 12:50:00,TRESPASSING,Central,34.0508,-118.2586
2024-01-28 22:00:00,VEHICLE - STOLEN,Central,34.0493,-118.2417
2024-01-30 09:00:00,ROBBERY,Central,34.0442,-118.2439
2024-01-28 16:00:00,VEHICLE - STOLEN,Central,34.0366,-118.2643
2024-01-30 01:10:00,BATTERY - SIMPLE ASSAULT,Central,34.0433,-118.2488
2024-01-30 08:05:00,TRESPASSING,Central,34.0549,-118.2511
2024-01-29 13:35:00,TRESPASSING,Central,34.0508,-118.2586
2024-01-29 13:40:00,TRESPASSING,Central,34.0508,-118.2586
2024-01-29 12:40:00,TRESPASSING,Central,34.0508,-118.2586
2024-01-24 12:20:00,TRESPASSING,Central,34.0508,-118.2586
2024-01-29 13:00:00,TRESPASSING,Central,34.0508,-118.2586
2024-01-30 08:20:00,BATTERY - SIMPLE ASSAULT,Central,34.064,-118.2375
2024-01-10 12:00:00,SEX OFFENDER REGISTRANT OUT OF COMPLIANCE,Central,34.0448,-118.2474
2024-01-30 10:35:00,TRESPASSING,Central,34.0561,-118.2375
2024-01-29 12:20:00,TRESPASSING,Central,34.0508,-118.2586
2024-01-29 15:15:00,TRESPASSING,Central,34.0524,-118.2467
2024-01-29 13:10:00,TRESPASSING,Central,34.0508,-118.2586
2024-01-27 10:00:00,VEHICLE - STOLEN,Central,34.0517,-118.2456
2024-01-30 12:50:00,BATTERY - SIMPLE ASSAULT,Central,34.0401,-118.2669
2024-01-26 22:00:00,BURGLARY FROM VEHICLE,Central,34.048,-118.2577
2024-01-26 13:35:00,THEFT PLAIN - PETTY ($950 & UNDER),Central,34.0453,-118.2499
2024-01-29 15:00:00,BURGLARY FROM VEHICLE,Central,34.0381,-118.2511
2024-01-28 01:28:00,THEFT FROM MOTOR VEHICLE - PETTY ($950 & UNDER),Central,34.0359,-118.2648
2024-01-26 13:05:00,"THEFT-GRAND ($950.01 & OVER)EXCPT,GUNS,FOWL,LIVESTK,PROD",Central,34.0463,-118.2402
2024-01-30 03:20:00,BURGLARY FROM VEHICLE,Central,34.0488,-118.25
2024-01-30 07:30:00,VEHICLE - STOLEN,Central,34.0533,-118.2361
2024-01-27 10:00:00,VEHICLE - ATTEMPT STOLEN,Central,34.043,-118.2606
2024-01-30 19:30:00,VEHICLE - STOLEN,Central,34.0453,-118.236
2024-01-30 11:25:00,CRIMINAL THREATS - NO WEAPON DISPLAYED,Central,34.043,-118.2641
2024-01-16 12:00:00,"THEFT-GRAND ($950.01 & OVER)EXCPT,GUNS,FOWL,LIVESTK,PROD",Central,34.0541,-118.2451
2024-01-22 16:00:00,BURGLARY,Central,34.0452,-118.2569
2024-01-25 10:39:00,BURGLARY,Central,34.0627,-118.2341
2024-01-28 21:30:00,BURGLARY FROM VEHICLE,Central,34.0474,-118.2496
2024-01-22 19:00:00,BURGLARY,Central,34.0401,-118.2329
2024-01-20 19:30:00,ROBBERY,Central,34.0437,-118.2547
2024-01-30 18:20:00,"VANDALISM - FELONY ($400 & OVER, ALL CHURCH VANDALISMS)",Central,34.0487,-118.2588
2024-01-30 17:40:00,VANDALISM - MISDEAMEANOR ($399 OR UNDER),Central,34.0474,-118.2496
2024-01-30 13:30:00,SHOPLIFTING - PETTY THEFT ($950 & UNDER),Central,34.0483,-118.2631
2024-01-30 22:00:00,VEHICLE - STOLEN,Central,34.0668,-118.2497
2024-01-22 10:30:00,"ASSAULT WITH DEADLY WEAPON, AGGRAVATED ASSAULT",Central,34.0457,-118.2665
2024-01-31 03:00:00,OTHER ASSAULT,Central,34.0417,-118.2444
2024-01-16 12:30:00,BATTERY - SIMPLE ASSAULT,Central,34.0431,-118.2692
2024-01-30 18:33:00,"LETTERS, LEWD  -  TELEPHONE CALLS, LEWD",Central,34.0491,-118.2558
2024-01-28 01:20:00,BURGLARY FROM VEHICLE,Central,34.047,-118.2647
2024-01-30 15:50:00,SHOPLIFTING-GRAND THEFT ($950.01 & OVER),Central,34.0483,-118.2631
2024-01-30 18:20:00,ROBBERY,Central,34.0582,-118.2387
2024-01-30 14:00:00,THEFT PLAIN - PETTY ($950 & UNDER),Central,34.0444,-118.2407
2024-01-30 17:00:00,VANDALISM - MISDEAMEANOR ($399 OR UNDER),Central,34.0566,-118.2318
2024-01-30 19:00:00,TRESPASSING,Central,34.0492,-118.2391
2024-01-30 16:20:00,OTHER MISCELLANEOUS CRIME,Central,34.0435,-118.2427
2024-01-30 16:00:00,VEHICLE - STOLEN,Central,34.043,-118.2606
2024-01-31 00:01:00,VEHICLE - STOLEN,Central,34.0444,-118.2628
2024-01-31 07:50:00,BRANDISH WEAPON,Central,34.0449,-118.2458
2024-01-31 06:45:00,TRESPASSING,Central,34.0549,-118.2511
2024-01-16 08:30:00,BATTERY - SIMPLE ASSAULT,Central,34.0445,-118.2523
2024-01-31 07:40:00,BATTERY - SIMPLE ASSAULT,Central,34.052,-118.2332
2024-01-31 07:40:00,VANDALISM - MISDEAMEANOR ($399 OR UNDER),Central,34.052,-118.2332
2024-01-30 14:45:00,TRESPASSING,Central,34.0508,-118.2586
2024-01-29 13:30:00,TRESPASSING,Central,34.0508,-118.2586
2024-01-31 02:40:00,BURGLARY,Central,34.0391,-118.2384
2024-01-30 14:00:00,INTIMATE PARTNER - SIMPLE ASSAULT,Central,34.0423,-118.2561
2024-01-31 16:00:00,BATTERY - SIMPLE ASSAULT,Central,34.0494,-118.2599
2024-01-25 11:55:00,"THEFT-GRAND ($950.01 & OVER)EXCPT,GUNS,FOWL,LIVESTK,PROD",Central,34.0589,-118.2323
2024-01-19 22:00:00,THEFT PLAIN - PETTY ($950 & UNDER),Central,34.0581,-118.2371
2024-01-30 11:00:00,"VANDALISM - FELONY ($400 & OVER, ALL CHURCH VANDALISMS)",Central,34.0488,-118.25
2024-01-29 11:48:00,SHOPLIFTING - PETTY THEFT ($950 & UNDER),Central,34.0483,-118.2631
2024-01-29 22:01:00,THEFT FROM MOTOR VEHICLE - GRAND ($950.01 AND OVER),Central,34.0452,-118.2569
2024-01-31 14:10:00,SHOPLIFTING - PETTY THEFT ($950 & UNDER),Central,34.0483,-118.2631
2024-01-30 19:30:00,BURGLARY FROM VEHICLE,Central,34.0391,-118.2582
2024-01-30 21:00:00,BURGLARY FROM VEHICLE,Central,34.0495,-118.2459
2024-01-30 21:50:00,BURGLARY FROM VEHICLE,Central,34.0572,-118.2481
2024-01-28 21:30:00,"THEFT-GRAND ($950.01 & OVER)EXCPT,GUNS,FOWL,LIVESTK,PROD",Central,34.0487,-118.2588
2024-01-30 19:45:00,"VANDALISM - FELONY ($400 & OVER, ALL CHURCH VANDALISMS)",Central,34.0502,-118.2487
2024-01-01 03:00:00,THEFT PLAIN - PETTY ($950 & UNDER),Central,34.0652,-118.2468
2024-01-19 10:00:00,THEFT FROM MOTOR VEHICLE - PETTY ($950 & UNDER),Central,34.0452,-118.2569
2024-01-29 20:00:00,BURGLARY FROM VEHICLE,Central,34.0468,-118.2623
2024-01-30 09:40:00,BIKE - STOLEN,Central,34.0335,-118.2619
2024-01-31 13:30:00,"THEFT, PERSON",Central,34.0453,-118.2499
2024-01-30 17:00:00,"THEFT, PERSON",Central,34.0445,-118.2523
2024-01-30 07:20:00,"ASSAULT WITH DEADLY WEAPON, AGGRAVATED ASSAULT",Central,34.0463,-118.255
2024-01-16 19:00:00,THEFT PLAIN - PETTY ($950 & UNDER),Central,34.0437,-118.2547
2024-01-31 14:25:00,BATTERY WITH SEXUAL CONTACT,Central,34.0491,-118.2558
2024-01-27 02:00:00,"THEFT-GRAND ($950.01 & OVER)EXCPT,GUNS,FOWL,LIVESTK,PROD",Central,34.0416,-118.255
2024-01-31 17:15:00,TRESPASSING,Central,34.0561,-118.2375
2024-01-29 09:30:00,"THEFT-GRAND ($950.01 & OVER)EXCPT,GUNS,FOWL,LIVESTK,PROD",Central,34.0396,-118.2726
2024-01-31 11:18:00,VIOLATION OF RESTRAINING ORDER,Central,34.0488,-118.2483
2024-01-29 20:00:00,THEFT FROM MOTOR VEHICLE - PETTY ($950 & UNDER),Central,34.0652,-118.2468
2024-01-31 20:15:00,BATTERY ON A FIREFIGHTER,Central,34.0561,-118.2375
2024-01-31 16:35:00,TRESPASSING,Central,34.0561,-118.2375
2024-01-31 16:55:00,TRESPASSING,Central,34.0561,-118.2375
2024-01-31 17:55:00,TRESPASSING,Central,34.0561,-118.2375
2024-01-31 18:45:00,TRESPASSING,Central,34.0561,-118.2375
2024-01-31 17:45:00,TRESPASSING,Central,34.0561,-118.2375
2024-01-31 18:35:00,TRESPASSING,Central,34.0561,-118.2375
2024-01-31 17:25:00,TRESPASSING,Central,34.0561,-118.2375
2024-01-31 17:15:00,BRANDISH WEAPON,Central,34.0448,-118.2474
2024-01-31 17:55:00,BRANDISH WEAPON,Central,34.0508,-118.2586
2024-01-31 10:45:00,THEFT PLAIN - PETTY ($950 & UNDER),Central,34.0561,-118.2375
2024-01-31 21:45:00,BURGLARY FROM VEHICLE,Central,34.0524,-118.2467
2024-01-31 03:30:00,VANDALISM - MISDEAMEANOR ($399 OR UNDER),Central,34.0417,-118.2398
2024-01-30 22:25:00,"VANDALISM - FELONY ($400 & OVER, ALL CHURCH VANDALISMS)",Central,34.0474,-118.2496
2024-01-30 14:10:00,TRESPASSING,Central,34.0508,-118.2586
2024-01-31 22:20:00,TRESPASSING,Central,34.0508,-118.2586
2024-01-31 17:35:00,SHOPLIFTING - PETTY THEFT ($950 & UNDER),Central,34.0483,-118.2631
2024-01-31 19:10:00,TRESPASSING,Central,34.0561,-118.2375
2024-01-31 18:15:00,TRESPASSING,Central,34.0561,-118.2375
2024-01-31 04:30:00,BRANDISH WEAPON,Central,34.0442,-118.2439
2024-01-31 17:00:00,TRESPASSING,Central,34.0561,-118.2375
2024-01-31 01:50:00,BATTERY - SIMPLE ASSAULT,Central,34.0421,-118.2469
2024-01-31 18:30:00,TRESPASSING,Central,34.0561,-118.2375
2024-01-30 13:00:00,THEFT PLAIN - PETTY ($950 & UNDER),Central,34.0423,-118.2595
2024-01-31 18:20:00,TRESPASSING,Central,34.0561,-118.2375
2024-01-31 12:15:00,INTIMATE PARTNER - SIMPLE ASSAULT,Central,34.0346,-118.2323
2024-01-30 18:30:00,OTHER MISCELLANEOUS CRIME,Central,34.0515,-118.2424
2024-01-31 21:30:00,ATTEMPTED ROBBERY,Central,34.0478,-118.2484
2024-01-30 00:30:00,VANDALISM - MISDEAMEANOR ($399 OR UNDER),Central,34.043,-118.2641
2024-01-30 14:50:00,PICKPOCKET,Central,34.045,-118.264
2024-02-01 07:30:00,BURGLARY FROM VEHICLE,Central,34.0562,-118.2307
2024-01-31 21:00:00,"THEFT-GRAND ($950.01 & OVER)EXCPT,GUNS,FOWL,LIVESTK,PROD",Central,34.0437,-118.2455
2024-01-31 23:30:00,BURGLARY FROM VEHICLE,Central,34.048,-118.2577
2024-02-01 07:15:00,"THEFT-GRAND ($950.01 & OVER)EXCPT,GUNS,FOWL,LIVESTK,PROD",Central,34.043,-118.2641
2024-02-01 12:15:00,VEHICLE - STOLEN,Central,34.0446,-118.249
2024-01-31 14:55:00,SHOPLIFTING - PETTY THEFT ($950 & UNDER),Central,34.048,-118.2577
2024-01-31 17:30:00,ATTEMPTED ROBBERY,Central,34.0449,-118.2458
2024-02-01 09:00:00,BATTERY - SIMPLE ASSAULT,Central,34.0401,-118.2633
2024-01-31 15:00:00,TRESPASSING,Central,34.0491,-118.2558
2024-02-01 14:25:00,SHOPLIFTING - PETTY THEFT ($950 & UNDER),Central,34.0483,-118.2631
2024-02-01 16:00:00,ROBBERY,Central,34.0396,-118.2558
2024-01-25 16:40:00,SHOPLIFTING - PETTY THEFT ($950 & UNDER),Central,34.0483,-118.2631
2024-01-27 16:00:00,VANDALISM - MISDEAMEANOR ($399 OR UNDER),Central,34.0519,-118.2531
2024-01-31 22:20:00,BURGLARY FROM VEHICLE,Central,34.0598,-118.2484
2024-01-27 09:00:00,VANDALISM - MISDEAMEANOR ($399 OR UNDER),Central,34.0516,-118.2561
2024-01-08 18:46:00,BURGLARY FROM VEHICLE,Central,34.0467,-118.252
2024-01-28 09:00:00,VANDALISM - MISDEAMEANOR ($399 OR UNDER),Central,34.0516,-118.2561
2024-01-01 00:01:00,"LETTERS, LEWD  -  TELEPHONE CALLS, LEWD",Central,34.0572,-118.2388
2024-02-01 16:30:00,ROBBERY,Central,34.0453,-118.2499
2024-02-01 16:50:00,ROBBERY,Central,34.0453,-118.2499
2024-01-30 02:00:00,"RAPE, FORCIBLE",Central,34.0566,-118.2531
2024-01-31 17:30:00,"LETTERS, LEWD  -  TELEPHONE CALLS, LEWD",Central,34.0437,-118.2617
2024-01-31 18:00:00,"VANDALISM - FELONY ($400 & OVER, ALL CHURCH VANDALISMS)",Central,34.0473,-118.2566
2024-01-26 14:51:00,"LETTERS, LEWD  -  TELEPHONE CALLS, LEWD",Central,34.0501,-118.2593
2024-02-01 09:20:00,TRESPASSING,Central,34.0395,-118.2657
2024-02-01 10:20:00,"BUNCO, PETTY THEFT",Central,34.0415,-118.262
2024-02-01 17:00:00,VEHICLE - STOLEN,Central,34.0445,-118.2558
2024-01-31 12:00:00,VEHICLE - STOLEN,Central,34.0686,-118.2266
2024-02-01 16:00:00,BURGLARY FROM VEHICLE,Central,34.0601,-118.2502
2024-02-01 07:50:00,"VANDALISM - FELONY ($400 & OVER, ALL CHURCH VANDALISMS)",Central,34.0481,-118.2507
2024-02-01 13:40:00,"ASSAULT WITH DEADLY WEAPON, AGGRAVATED ASSAULT",Central,34.045,-118.2435
2024-01-27 10:30:00,BATTERY - SIMPLE ASSAULT,Central,34.0615,-118.2412
2024-02-01 22:45:00,INDECENT EXPOSURE,Central,34.0459,-118.243
2024-01-27 15:00:00,THEFT FROM MOTOR VEHICLE - PETTY ($950 & UNDER),Central,34.0519,-118.2531
2024-01-30 01:15:00,TRESPASSING,Central,34.0437,-118.2652
2024-02-02 08:50:00,VEHICLE - STOLEN,Central,34.0394,-118.2623
2024-02-02 04:00:00,"THEFT-GRAND ($950.01 & OVER)EXCPT,GUNS,FOWL,LIVESTK,PROD",Central,34.0437,-118.2652
2024-02-02 06:55:00,TRESPASSING,Central,34.0524,-118.2467
2024-02-01 16:20:00,SHOPLIFTING - PETTY THEFT ($950 & UNDER),Central,34.0483,-118.2631
2024-02-01 10:50:00,BATTERY WITH SEXUAL CONTACT,Central,34.0561,-118.2375
2024-02-02 07:30:00,BATTERY - SIMPLE ASSAULT,Central,34.0388,-118.2717
2024-02-01 17:00:00,VEHICLE - STOLEN,Central,34.0473,-118.2601
2024-02-02 02:30:00,INTIMATE PARTNER - AGGRAVATED ASSAULT,Central,34.0569,-118.254
2024-02-02 07:15:00,TRESPASSING,Central,34.0524,-118.2467
2024-02-02 06:30:00,TRESPASSING,Central,34.0549,-118.2511
2024-02-01 21:00:00,VEHICLE - STOLEN,Central,34.0363,-118.2672
2024-02-02 08:30:00,TRESPASSING,Central,34.0549,-118.2511
2024-02-01 16:00:00,VEHICLE - STOLEN,Central,34.0408,-118.2428
2024-02-02 07:05:00,TRESPASSING,Central,34.0549,-118.2511
2024-02-01 18:15:00,BURGLARY FROM VEHICLE,Central,34.0453,-118.236
2024-01-25 20:05:00,"VANDALISM - FELONY ($400 & OVER, ALL CHURCH VANDALISMS)",Central,34.0431,-118.2692
2024-02-01 16:00:00,VANDALISM - MISDEAMEANOR ($399 OR UNDER),Central,34.0535,-118.2552
2024-02-02 16:00:00,ROBBERY,Central,34.0561,-118.2375
2024-02-02 16:20:00,BATTERY - SIMPLE ASSAULT,Central,34.0502,-118.2539
2024-02-01 14:45:00,SHOPLIFTING-GRAND THEFT ($950.01 & OVER),Central,34.0466,-118.259
2024-01-13 11:58:00,"THEFT-GRAND ($950.01 & OVER)EXCPT,GUNS,FOWL,LIVESTK,PROD",Central,34.0414,-118.2399
2024-02-02 03:00:00,BRANDISH WEAPON,Central,34.0569,-118.254
2024-01-30 16:30:00,SHOPLIFTING - PETTY THEFT ($950 & UNDER),Central,34.048,-118.2577
2024-01-16 00:01:00,THEFT FROM MOTOR VEHICLE - GRAND ($950.01 AND OVER),Central,34.0615,-118.247
2024-01-23 14:32:00,THEFT PLAIN - PETTY ($950 & UNDER),Central,34.0452,-118.2533
2024-01-27 11:30:00,BURGLARY FROM VEHICLE,Central,34.0452,-118.2569
2024-01-29 19:50:00,THEFT PLAIN - PETTY ($950 & UNDER),Central,34.0426,-118.2412
2024-02-01 12:20:00,BURGLARY FROM VEHICLE,Central,34.0485,-118.2326
2024-02-02 12:00:00,BATTERY - SIMPLE ASSAULT,Central,34.0449,-118.2458
2024-02-02 23:45:00,DISCHARGE FIREARMS/SHOTS FIRED,Central,34.0415,-118.2655
2024-02-02 22:00:00,BATTERY - SIMPLE ASSAULT,Central,34.0542,-118.2415
2024-02-01 21:40:00,OTHER ASSAULT,Central,34.0615,-118.2351
2024-02-01 22:00:00,VANDALISM - MISDEAMEANOR ($399 OR UNDER),Central,34.046,-118.251
2024-02-01 20:48:00,BATTERY - SIMPLE ASSAULT,Central,34.0607,-118.2494
2024-02-02 23:20:00,ROBBERY,Central,34.0472,-118.2342
2024-02-02 01:47:00,BOMB SCARE,Central,34.0572,-118.2481
2024-02-02 22:20:00,TRESPASSING,Central,34.0549,-118.2511
2024-02-02 22:00:00,TRESPASSING,Central,34.0431,-118.2537
2024-02-02 21:50:00,TRESPASSING,Central,34.0549,-118.2511
2024-02-02 21:10:00,SHOPLIFTING - PETTY THEFT ($950 & UNDER),Central,34.048,-118.2577
2024-02-02 19:00:00,VEHICLE - STOLEN,Central,34.0626,-118.2434
2024-02-01 14:30:00,"VANDALISM - FELONY ($400 & OVER, ALL CHURCH VANDALISMS)",Central,34.0495,-118.2458
2024-02-02 21:30:00,VEHICLE - STOLEN,Central,34.0461,-118.2674
2024-01-18 16:20:00,SHOPLIFTING - PETTY THEFT ($950 & UNDER),Central,34.0483,-118.2631
2024-01-05 11:16:00,SHOPLIFTING - PETTY THEFT ($950 & UNDER),Central,34.0483,-118.2631
2024-02-03 09:30:00,CRIMINAL THREATS - NO WEAPON DISPLAYED,Central,34.0542,-118.2566
2024-02-03 03:30:00,BRANDISH WEAPON,Central,34.0564,-118.2374
2024-02-03 02:10:00,INTIMATE PARTNER - SIMPLE ASSAULT,Central,34.0545,-118.2499
2024-02-03 02:00:00,ROBBERY,Hollywood,34.1037,-118.3267
2024-02-03 08:25:00,BATTERY - SIMPLE ASSAULT,Central,34.0372,-118.2654
2024-01-05 11:25:00,SHOPLIFTING - PETTY THEFT ($950 & UNDER),Central,34.0483,-118.2631
2024-02-01 19:30:00,THEFT FROM MOTOR VEHICLE - PETTY ($950 & UNDER),Central,34.0458,-118.2614
2024-02-02 23:08:00,"VANDALISM - FELONY ($400 & OVER, ALL CHURCH VANDALISMS)",Central,34.0516,-118.2561
2024-01-30 11:45:00,INTIMATE PARTNER - SIMPLE ASSAULT,Central,34.043,-118.242
2024-02-02 11:10:00,"THEFT, PERSON",Central,34.0481,-118.2562
2024-02-04 00:50:00,"ASSAULT WITH DEADLY WEAPON, AGGRAVATED ASSAULT",Central,34.0501,-118.2593
2024-02-03 14:30:00,THEFT PLAIN - PETTY ($950 & UNDER),Central,34.0615,-118.247
2024-02-03 12:20:00,INTIMATE PARTNER - SIMPLE ASSAULT,Central,34.0453,-118.2443
2024-02-03 23:00:00,INTIMATE PARTNER - AGGRAVATED ASSAULT,Central,34.0432,-118.2504
2024-02-03 22:54:00,CRIMINAL THREATS - NO WEAPON DISPLAYED,Central,34.051,-118.2445
2024-02-02 15:15:00,BATTERY - SIMPLE ASSAULT,Central,34.0396,-118.2726
2024-02-03 22:00:00,VEHICLE - STOLEN,Central,34.0615,-118.2412
2024-02-04 01:00:00,INTIMATE PARTNER - SIMPLE ASSAULT,Central,34.0402,-118.2598
2024-02-04 06:55:00,BATTERY - SIMPLE ASSAULT,Central,34.0462,-118.2585
2024-02-03 22:25:00,"ASSAULT WITH DEADLY WEAPON, AGGRAVATED ASSAULT",Central,34.046,-118.2493
2024-02-04 02:10:00,"ASSAULT WITH DEADLY WEAPON, AGGRAVATED ASSAULT",Central,34.046,-118.251
2024-02-03 16:30:00,VEHICLE - STOLEN,Central,34.0363,-118.2672
2024-02-04 02:10:00,BATTERY - SIMPLE ASSAULT,Central,34.046,-118.251
2024-02-03 13:30:00,SHOPLIFTING - PETTY THEFT ($950 & UNDER),Central,34.0483,-118.2631
2024-01-30 17:15:00,THEFT PLAIN - PETTY ($950 & UNDER),Central,34.0491,-118.2558
2024-02-03 20:35:00,"VANDALISM - FELONY ($400 & OVER, ALL CHURCH VANDALISMS)",Central,34.0491,-118.2558
2024-02-02 19:00:00,"VANDALISM - FELONY ($400 & OVER, ALL CHURCH VANDALISMS)",Central,34.0467,-118.2485
2024-02-03 02:00:00,"THEFT-GRAND ($950.01 & OVER)EXCPT,GUNS,FOWL,LIVESTK,PROD",Central,34.0637,-118.244
2024-02-03 13:20:00,BATTERY - SIMPLE ASSAULT,Central,34.0467,-118.2485
2024-02-03 11:30:00,BRANDISH WEAPON,Central,34.0467,-118.252
2024-02-04 08:00:00,OTHER ASSAULT,Central,34.0542,-118.2566
2024-02-04 05:00:00,BURGLARY FROM VEHICLE,Central,34.0649,-118.2465
2024-02-03 18:30:00,BIKE - STOLEN,Central,34.0462,-118.2585
2024-02-03 20:20:00,BURGLARY FROM VEHICLE,Central,34.0414,-118.2332
2024-01-18 15:02:00,SHOPLIFTING - PETTY THEFT ($950 & UNDER),Central,34.0483,-118.2631
2024-02-04 03:30:00,INTIMATE PARTNER - SIMPLE ASSAULT,Central,34.0761,-118.2308
2024-02-02 18:50:00,SHOPLIFTING - PETTY THEFT ($950 & UNDER),Central,34.0483,-118.2631
2024-02-03 06:10:00,THEFT OF IDENTITY,Central,34.0467,-118.252
2024-02-04 10:00:00,VEHICLE - STOLEN,Central,34.0472,-118.2326
2024-02-04 07:00:00,THEFT OF IDENTITY,Central,34.0454,-118.2333
2024-02-03 22:30:00,THEFT FROM MOTOR VEHICLE - PETTY ($950 & UNDER),Central,34.0673,-118.2354
2024-02-04 11:30:00,BATTERY - SIMPLE ASSAULT,Central,34.0406,-118.268
2024-02-04 09:55:00,"ASSAULT WITH DEADLY WEAPON, AGGRAVATED ASSAULT",Central,34.0679,-118.2405
2024-02-04 13:50:00,SHOPLIFTING - PETTY THEFT ($950 & UNDER),Central,34.0483,-118.2631
2024-02-03 14:30:00,RESISTING ARREST,Central,34.0561,-118.2375
2024-02-04 15:20:00,BATTERY - SIMPLE ASSAULT,Central,34.0457,-118.2665
2024-02-04 17:35:00,ROBBERY,Central,34.0483,-118.2631
2024-02-03 19:40:00,BRANDISH WEAPON,Central,34.043,-118.2641
2024-02-04 15:18:00,THEFT PLAIN - ATTEMPT,Central,34.0615,-118.2412
2024-02-04 19:20:00,CRIMINAL THREATS - NO WEAPON DISPLAYED,Central,34.0453,-118.2443
2024-02-04 14:00:00,THEFT PLAIN - PETTY ($950 & UNDER),Central,34.043,-118.242
2024-02-04 04:30:00,BURGLARY FROM VEHICLE,Central,34.0396,-118.259
2024-02-04 13:50:00,BATTERY POLICE (SIMPLE),Central,34.0522,-118.2434
2024-02-04 12:00:00,SHOPLIFTING - PETTY THEFT ($950 & UNDER),Central,34.048,-118.2577
2024-02-04 14:15:00,INTIMATE PARTNER - SIMPLE ASSAULT,Central,34.0448,-118.2474
2024-02-03 18:35:00,SHOPLIFTING - PETTY THEFT ($950 & UNDER),Central,34.0483,-118.2631
2024-02-03 16:00:00,SHOPLIFTING - PETTY THEFT ($950 & UNDER),Central,34.0483,-118.2631
2024-02-03 20:20:00,SHOPLIFTING - PETTY THEFT ($950 & UNDER),Central,34.048,-118.2577
2024-01-25 05:59:00,THEFT OF IDENTITY,Central,34.0569,-118.254
2024-02-03 12:00:00,BURGLARY FROM VEHICLE,Central,34.0369,-118.2583
2024-02-03 21:45:00,BATTERY - SIMPLE ASSAULT,Central,34.0461,-118.2475
2024-02-04 01:00:00,ROBBERY,Central,34.0525,-118.2432
2024-01-20 17:00:00,BURGLARY FROM VEHICLE,Central,34.0714,-118.2329
2024-01-28 07:45:00,BATTERY - SIMPLE ASSAULT,Central,34.0561,-118.2375
2024-01-16 18:00:00,THEFT OF IDENTITY,Central,34.0472,-118.2371
2024-02-04 14:45:00,ROBBERY,Central,34.048,-118.2577
2024-02-02 00:01:00,BATTERY - SIMPLE ASSAULT,Central,34.0684,-118.2449
2024-02-04 08:00:00,ROBBERY,Central,34.0426,-118.2412
2024-02-04 22:25:00,THEFT FROM PERSON - ATTEMPT,Central,34.0503,-118.2434
2024-02-02 15:12:00,BATTERY WITH SEXUAL CONTACT,Central,34.0684,-118.2449
2024-01-28 05:45:00,"VANDALISM - FELONY ($400 & OVER, ALL CHURCH VANDALISMS)",Central,34.0517,-118.2456
2024-02-05 03:00:00,INTIMATE PARTNER - SIMPLE ASSAULT,Central,34.0453,-118.2499
2024-02-05 03:00:00,"SEX,UNLAWFUL(INC MUTUAL CONSENT, PENETRATION W/ FRGN OBJ",Central,34.0453,-118.2499
2024-02-04 16:00:00,VEHICLE - STOLEN,Central,34.0395,-118.2657
2024-02-05 13:10:00,SHOPLIFTING - PETTY THEFT ($950 & UNDER),Central,34.048,-118.2577
2024-02-05 09:00:00,"ASSAULT WITH DEADLY WEAPON, AGGRAVATED ASSAULT",Central,34.0421,-118.2469
2024-02-05 09:50:00,"THEFT-GRAND ($950.01 & OVER)EXCPT,GUNS,FOWL,LIVESTK,PROD",Central,34.0483,-118.2631
2024-02-05 15:20:00,VIOLATION OF COURT ORDER,Central,34.0446,-118.2507
2024-02-03 16:00:00,VEHICLE - STOLEN,Central,34.0462,-118.2585
2024-02-05 16:30:00,THEFT PLAIN - PETTY ($950 & UNDER),Central,34.0508,-118.2586
2024-02-02 17:00:00,"THEFT-GRAND ($950.01 & OVER)EXCPT,GUNS,FOWL,LIVESTK,PROD",Central,34.0363,-118.2672
2024-02-05 13:00:00,BATTERY - SIMPLE ASSAULT,Central,34.0484,-118.2573
2024-02-03 13:00:00,INTIMATE PARTNER - SIMPLE ASSAULT,Central,34.0438,-118.2547
2024-02-03 00:05:00,THEFT FROM MOTOR VEHICLE - GRAND ($950.01 AND OVER),Central,34.0452,-118.2569
2024-02-05 07:50:00,BATTERY - SIMPLE ASSAULT,Central,34.048,-118.2577
2024-02-01 12:20:00,THEFT FROM MOTOR VEHICLE - GRAND ($950.01 AND OVER),Central,34.0423,-118.2561
2024-02-06 02:00:00,"THEFT-GRAND ($950.01 & OVER)EXCPT,GUNS,FOWL,LIVESTK,PROD",Central,34.0487,-118.2553
2024-02-05 17:50:00,INTIMATE PARTNER - SIMPLE ASSAULT,Central,34.0453,-118.2499
2024-02-05 12:00:00,"THEFT-GRAND ($950.01 & OVER)EXCPT,GUNS,FOWL,LIVESTK,PROD",Central,34.0431,-118.2692
2024-01-31 00:01:00,BURGLARY FROM VEHICLE,Central,34.0482,-118.2326
2024-02-06 00:40:00,THEFT PLAIN - PETTY ($950 & UNDER),Central,34.0561,-118.2375
2024-02-05 12:00:00,"LETTERS, LEWD  -  TELEPHONE CALLS, LEWD",Central,34.0449,-118.2458
2024-02-05 17:30:00,SHOPLIFTING - PETTY THEFT ($950 & UNDER),Central,34.0483,-118.2631
2024-02-03 17:30:00,THEFT FROM MOTOR VEHICLE - PETTY ($950 & UNDER),Central,34.0571,-118.2405
2024-02-04 09:39:00,THEFT OF IDENTITY,Central,34.049,-118.2381
2024-01-26 00:01:00,"THEFT-GRAND ($950.01 & OVER)EXCPT,GUNS,FOWL,LIVESTK,PROD",Central,34.0406,-118.268
2024-02-06 01:15:00,ROBBERY,Central,34.0446,-118.245
2024-02-05 00:05:00,ROBBERY,Central,34.0408,-118.2428
2024-02-03 14:30:00,ASSAULT WITH DEADLY WEAPON ON POLICE OFFICER,Central,34.0416,-118.244
2024-02-04 16:40:00,"THEFT-GRAND ($950.01 & OVER)EXCPT,GUNS,FOWL,LIVESTK,PROD",Central,34.0559,-118.232
2024-01-19 18:50:00,"ASSAULT WITH DEADLY WEAPON, AGGRAVATED ASSAULT",Central,34.042,-118.2625
2024-02-01 11:00:00,"BUNCO, ATTEMPT",Central,34.0685,-118.246
2024-02-06 14:45:00,BURGLARY FROM VEHICLE,Central,34.0562,-118.2307
2024-02-06 16:00:00,VEHICLE - STOLEN,Central,34.0414,-118.2319
2024-02-06 05:00:00,VEHICLE - STOLEN,Central,34.058,-118.241
2024-02-06 21:35:00,ROBBERY,Central,34.0454,-118.2658
2024-02-02 22:00:00,BURGLARY,Central,34.0396,-118.2558
2024-02-06 12:30:00,"ASSAULT WITH DEADLY WEAPON, AGGRAVATED ASSAULT",Central,34.0446,-118.245
2024-02-06 21:30:00,CRIMINAL THREATS - NO WEAPON DISPLAYED,Central,34.0542,-118.2415
2024-02-07 00:10:00,INTIMATE PARTNER - SIMPLE ASSAULT,Central,34.0495,-118.2494
2024-02-06 08:00:00,BATTERY - SIMPLE ASSAULT,Central,34.0495,-118.2458
2024-02-06 14:00:00,INTIMATE PARTNER - SIMPLE ASSAULT,Central,34.0495,-118.2459
2024-02-06 10:16:00,"VANDALISM - FELONY ($400 & OVER, ALL CHURCH VANDALISMS)",Central,34.0342,-118.2636
2024-02-06 10:00:00,BATTERY - SIMPLE ASSAULT,Central,34.0408,-118.2428
2024-02-04 14:00:00,"VANDALISM - FELONY ($400 & OVER, ALL CHURCH VANDALISMS)",Central,34.0457,-118.2665
2024-02-04 18:33:00,THEFT PLAIN - PETTY ($950 & UNDER),Central,34.0431,-118.2692
2024-02-05 10:00:00,"THEFT-GRAND ($950.01 & OVER)EXCPT,GUNS,FOWL,LIVESTK,PROD",Central,34.0572,-118.2481
2024-02-06 01:42:00,THEFT PLAIN - PETTY ($950 & UNDER),Central,34.0559,-118.232
2024-02-06 15:02:00,SHOPLIFTING - PETTY THEFT ($950 & UNDER),Central,34.048,-118.2577
2024-02-04 18:00:00,BURGLARY FROM VEHICLE,Central,34.0457,-118.2665
2024-02-06 17:45:00,OTHER ASSAULT,Central,34.045,-118.264
2024-02-06 13:55:00,THEFT OF IDENTITY,Central,34.0522,-118.2434
2024-01-31 05:29:00,"VANDALISM - FELONY ($400 & OVER, ALL CHURCH VANDALISMS)",Central,34.0459,-118.2352
2024-01-12 08:00:00,"THEFT-GRAND ($950.01 & OVER)EXCPT,GUNS,FOWL,LIVESTK,PROD",Central,34.0435,-118.2366
2024-02-07 03:00:00,BRANDISH WEAPON,Central,34.0449,-118.2458
2024-01-31 20:00:00,BURGLARY FROM VEHICLE,Central,34.042,-118.2625
2024-02-06 15:30:00,TRESPASSING,Central,34.0561,-118.2375
2024-02-06 15:00:00,VEHICLE - STOLEN,Central,34.0432,-118.2504
2024-02-07 05:56:00,THEFT PLAIN - ATTEMPT,Central,34.0383,-118.2305
2024-02-06 15:00:00,TRESPASSING,Central,34.0547,-118.2335
2024-02-06 17:30:00,VEHICLE - ATTEMPT STOLEN,Central,34.0473,-118.2566
2024-01-18 20:15:00,BURGLARY FROM VEHICLE,Central,34.0445,-118.2558
2024-02-03 23:00:00,"THEFT-GRAND ($950.01 & OVER)EXCPT,GUNS,FOWL,LIVESTK,PROD",Central,34.0561,-118.2375
2024-02-07 13:13:00,ROBBERY,Central,34.0473,-118.2601
2024-02-07 04:00:00,"ASSAULT WITH DEADLY WEAPON, AGGRAVATED ASSAULT",Central,34.0453,-118.2443
2024-02-06 14:30:00,TRESPASSING,Central,34.0431,-118.2692
2024-02-04 02:00:00,ROBBERY,Central,34.0454,-118.2333
2024-01-18 03:00:00,BATTERY - SIMPLE ASSAULT,Central,34.0467,-118.2485
2024-02-07 13:45:00,SHOPLIFTING - PETTY THEFT ($950 & UNDER),Central,34.048,-118.2577
2024-02-07 08:30:00,TRESPASSING,Central,34.0549,-118.2511
2024-02-06 20:20:00,SHOPLIFTING - PETTY THEFT ($950 & UNDER),Central,34.048,-118.2577
2024-02-07 11:30:00,SHOPLIFTING - PETTY THEFT ($950 & UNDER),Central,34.0483,-118.2631
2024-02-07 15:40:00,TRESPASSING,Central,34.0488,-118.2518
2024-02-07 17:05:00,"VANDALISM - FELONY ($400 & OVER, ALL CHURCH VANDALISMS)",Central,34.0502,-118.2539
2024-02-07 01:00:00,BURGLARY FROM VEHICLE,Central,34.0452,-118.2569
2024-02-07 14:40:00,BATTERY - SIMPLE ASSAULT,Central,34.0467,-118.247
2024-02-07 10:30:00,BATTERY - SIMPLE ASSAULT,Central,34.0473,-118.2566
2024-02-07 11:30:00,ROBBERY,Central,34.0429,-118.2462
2024-02-07 08:15:00,BURGLARY,Central,34.0446,-118.245
2024-02-03 01:05:00,PICKPOCKET,Central,34.0453,-118.2499
2024-02-06 17:00:00,BURGLARY FROM VEHICLE,Central,34.0458,-118.2614
2024-02-04 02:00:00,"THEFT-GRAND ($950.01 & OVER)EXCPT,GUNS,FOWL,LIVESTK,PROD",Central,34.043,-118.2606
2024-02-07 16:00:00,TRESPASSING,Central,34.0488,-118.2518
2024-02-07 09:00:00,BURGLARY,Central,34.0671,-118.2483
2024-02-07 09:00:00,BURGLARY FROM VEHICLE,Central,34.0483,-118.2631
2024-02-07 15:45:00,TRESPASSING,Central,34.0488,-118.2518
2024-01-31 18:00:00,TRESPASSING,Central,34.0497,-118.2381
2024-02-07 15:55:00,TRESPASSING,Central,34.0488,-118.2518
2024-02-07 16:15:00,TRESPASSING,Central,34.0488,-118.2518
2024-02-07 16:10:00,TRESPASSING,Central,34.0488,-118.2518
2024-02-07 18:20:00,SHOPLIFTING-GRAND THEFT ($950.01 & OVER),Central,34.0647,-118.247
2024-02-07 17:00:00,VEHICLE - STOLEN,Central,34.0542,-118.2566
2024-02-07 18:20:00,SHOPLIFTING-GRAND THEFT ($950.01 & OVER),Central,34.0483,-118.2631
2024-02-07 17:00:00,THEFT PLAIN - PETTY ($950 & UNDER),Central,34.0483,-118.2631
2024-02-07 17:15:00,BATTERY - SIMPLE ASSAULT,Central,34.0467,-118.252
2024-02-07 20:45:00,VANDALISM - MISDEAMEANOR ($399 OR UNDER),Central,34.0364,-118.2677
2024-02-07 17:15:00,SHOPLIFTING - PETTY THEFT ($950 & UNDER),Central,34.0483,-118.2631
2024-02-08 01:00:00,ROBBERY,Central,34.0495,-118.2528
2024-02-05 17:00:00,BURGLARY FROM VEHICLE,Central,34.0472,-118.2443
2024-02-07 21:40:00,"THEFT-GRAND ($950.01 & OVER)EXCPT,GUNS,FOWL,LIVESTK,PROD",Central,34.0524,-118.2467
2024-02-07 20:00:00,THEFT PLAIN - PETTY ($950 & UNDER),Central,34.0452,-118.2533
2024-02-07 19:10:00,VEHICLE - STOLEN,Central,34.0458,-118.2614
2024-02-07 16:20:00,SHOPLIFTING - PETTY THEFT ($950 & UNDER),Central,34.0483,-118.2631
2024-02-08 06:00:00,TRESPASSING,Central,34.0561,-118.2375
2024-02-07 07:18:00,BRANDISH WEAPON,Central,34.058,-118.241
2024-01-11 09:00:00,CRIMINAL THREATS - NO WEAPON DISPLAYED,Central,34.0467,-118.2485
2024-02-07 18:40:00,"VANDALISM - FELONY ($400 & OVER, ALL CHURCH VANDALISMS)",Central,34.0351,-118.2386
2024-02-07 15:00:00,"BUNCO, GRAND THEFT",Central,34.0615,-118.247
2024-02-08 07:00:00,TRESPASSING,Central,34.0547,-118.2505
2024-02-08 08:00:00,VANDALISM - MISDEAMEANOR ($399 OR UNDER),Central,34.0391,-118.2384
2024-02-07 12:00:00,"VANDALISM - FELONY ($400 & OVER, ALL CHURCH VANDALISMS)",Central,34.0601,-118.2386
2024-02-07 08:40:00,VEHICLE - STOLEN,Central,34.058,-118.241
2024-02-07 22:30:00,BATTERY POLICE (SIMPLE),Central,34.0527,-118.2398
2024-02-08 10:00:00,BATTERY - SIMPLE ASSAULT,Central,34.0561,-118.2375
2024-02-07 17:15:00,INTIMATE PARTNER - AGGRAVATED ASSAULT,Central,34.0551,-118.2545
2024-02-08 08:50:00,THEFT PLAIN - PETTY ($950 & UNDER),Central,34.0561,-118.2375
2024-02-08 11:55:00,THEFT PLAIN - PETTY ($950 & UNDER),Central,34.0439,-118.2479
2024-02-03 14:08:00,BURGLARY,Central,34.0595,-118.2451
2024-02-04 12:00:00,INTIMATE PARTNER - SIMPLE ASSAULT,Central,34.0483,-118.2631
2024-02-01 18:45:00,"VANDALISM - FELONY ($400 & OVER, ALL CHURCH VANDALISMS)",Central,34.0571,-118.2405
2024-02-07 21:15:00,BATTERY - SIMPLE ASSAULT,Central,34.048,-118.2542
2024-02-07 15:30:00,"ASSAULT WITH DEADLY WEAPON, AGGRAVATED ASSAULT",Central,34.042,-118.2485
2024-02-07 17:00:00,BURGLARY FROM VEHICLE,Central,34.0627,-118.2341
2024-01-06 16:07:00,THEFT PLAIN - PETTY ($950 & UNDER),Central,34.0445,-118.2558
2024-02-07 18:30:00,ROBBERY,Central,34.0392,-118.2328
2024-02-08 14:30:00,ROBBERY,Central,34.0364,-118.2677
2024-02-08 06:15:00,THEFT PLAIN - PETTY ($950 & UNDER),Central,34.0408,-118.2428
2024-02-02 10:15:00,BATTERY - SIMPLE ASSAULT,Central,34.0595,-118.2451
2024-02-08 11:15:00,"ASSAULT WITH DEADLY WEAPON, AGGRAVATED ASSAULT",Central,34.0591,-118.2412
2024-01-09 10:10:00,"THEFT-GRAND ($950.01 & OVER)EXCPT,GUNS,FOWL,LIVESTK,PROD",Central,34.0481,-118.2507
2024-02-08 11:50:00,"THEFT-GRAND ($950.01 & OVER)EXCPT,GUNS,FOWL,LIVESTK,PROD",Central,34.0536,-118.2455
2024-02-08 19:05:00,"THEFT, PERSON",Central,34.0508,-118.2586
2024-02-08 15:00:00,THEFT PLAIN - PETTY ($950 & UNDER),Central,34.0389,-118.255
2024-02-08 13:00:00,"THEFT, PERSON",Central,34.0435,-118.2471
2024-02-08 18:55:00,"ASSAULT WITH DEADLY WEAPON, AGGRAVATED ASSAULT",Central,34.0407,-118.2468
2024-02-08 01:00:00,BURGLARY FROM VEHICLE,Central,34.0485,-118.2448
2024-02-08 04:00:00,"VANDALISM - FELONY ($400 & OVER, ALL CHURCH VANDALISMS)",Central,34.0519,-118.2531
2024-02-08 16:10:00,BURGLARY FROM VEHICLE,Central,34.0506,-118.2371
2024-02-08 19:00:00,"ASSAULT WITH DEADLY WEAPON, AGGRAVATED ASSAULT",Central,34.046,-118.251
2024-02-08 18:45:00,CRIMINAL THREATS - NO WEAPON DISPLAYED,Central,34.0457,-118.2665
2024-02-08 16:10:00,BATTERY - SIMPLE ASSAULT,Central,34.0607,-118.2405
2024-02-08 03:30:00,"BURGLARY, ATTEMPTED",Central,34.0495,-118.2459
2024-02-07 20:00:00,BURGLARY FROM VEHICLE,Central,34.0477,-118.2467
2024-01-09 19:00:00,THEFT FROM MOTOR VEHICLE - PETTY ($950 & UNDER),Central,34.0431,-118.2692
2024-01-31 13:30:00,"ASSAULT WITH DEADLY WEAPON, AGGRAVATED ASSAULT",Central,34.0453,-118.2499
2024-02-09 00:15:00,TRESPASSING,Central,34.0488,-118.2518
2024-02-08 21:00:00,"ASSAULT WITH DEADLY WEAPON, AGGRAVATED ASSAULT",Central,34.0406,-118.268
2024-02-07 08:00:00,VEHICLE - STOLEN,Central,34.0367,-118.2615
2024-02-08 15:00:00,THEFT FROM MOTOR VEHICLE - GRAND ($950.01 AND OVER),Central,34.0479,-118.2612
2024-02-08 18:44:00,BURGLARY FROM VEHICLE,Central,34.0431,-118.2692
2024-02-08 13:30:00,ROBBERY,Central,34.048,-118.2577
2024-02-08 22:30:00,BURGLARY,Central,34.0736,-118.2315
2024-02-08 20:05:00,BRANDISH WEAPON,Central,34.043,-118.2641
2024-02-07 12:50:00,BATTERY - SIMPLE ASSAULT,Central,34.0453,-118.2499
2024-02-09 10:10:00,TRESPASSING,Central,34.0549,-118.2511
2024-02-09 08:20:00,TRESPASSING,Central,34.0549,-118.2511
2024-02-09 06:35:00,TRESPASSING,Central,34.0549,-118.2511
2024-02-06 17:55:00,THEFT PLAIN - PETTY ($950 & UNDER),Central,34.0503,-118.2434
2024-02-04 12:15:00,BURGLARY FROM VEHICLE,Central,34.0412,-118.2331
2024-02-08 08:20:00,THEFT PLAIN - PETTY ($950 & UNDER),Central,34.0502,-118.2336
2024-02-08 15:53:00,"VANDALISM - FELONY ($400 & OVER, ALL CHURCH VANDALISMS)",Central,34.0501,-118.2593
2024-02-09 10:30:00,SHOPLIFTING - PETTY THEFT ($950 & UNDER),Central,34.0483,-118.2631
2024-02-09 08:30:00,TRESPASSING,Central,34.0549,-118.2511
2024-02-09 10:30:00,TRESPASSING,Central,34.0549,-118.2511
2024-02-09 11:50:00,TRESPASSING,Central,34.0549,-118.2511
2024-02-09 06:20:00,TRESPASSING,Central,34.0549,-118.2511
2024-02-09 08:10:00,TRESPASSING,Central,34.0549,-118.2511
2024-02-09 09:20:00,TRESPASSING,Central,34.0549,-118.2511
2024-02-09 19:30:00,"THEFT-GRAND ($950.01 & OVER)EXCPT,GUNS,FOWL,LIVESTK,PROD",Central,34.0467,-118.2485
2024-02-09 15:20:00,BATTERY - SIMPLE ASSAULT,Central,34.0449,-118.2528
2024-02-09 10:00:00,"THEFT, PERSON",Central,34.0549,-118.2426
2024-02-09 09:00:00,VIOLATION OF COURT ORDER,Central,34.0498,-118.24
2024-02-09 17:20:00,"THEFT-GRAND ($950.01 & OVER)EXCPT,GUNS,FOWL,LIVESTK,PROD",Central,34.0515,-118.2424
2024-02-09 12:15:00,TRESPASSING,Central,34.0421,-118.2673
2024-02-08 17:39:00,SHOPLIFTING - PETTY THEFT ($950 & UNDER),Central,34.048,-118.2577
2024-02-09 17:30:00,TRESPASSING,Central,34.0419,-118.2669
2024-02-09 11:00:00,OTHER ASSAULT,Central,34.0401,-118.2669
2024-02-09 15:45:00,"ASSAULT WITH DEADLY WEAPON, AGGRAVATED ASSAULT",Central,34.0453,-118.249
2024-02-06 22:00:00,VEHICLE - STOLEN,Central,34.048,-118.2542
2024-02-09 02:00:00,TRESPASSING,Central,34.0561,-118.2375
2024-02-10 00:15:00,ROBBERY,Central,34.0406,-118.268
2024-02-09 19:40:00,"VANDALISM - FELONY ($400 & OVER, ALL CHURCH VANDALISMS)",Central,34.0432,-118.2504
2024-02-09 09:00:00,INTIMATE PARTNER - SIMPLE ASSAULT,Central,34.0569,-118.254
2024-02-09 21:30:00,BURGLARY FROM VEHICLE,Central,34.0462,-118.2585
2024-02-09 16:00:00,THEFT PLAIN - PETTY ($950 & UNDER),Central,34.064,-118.2375
2024-02-09 21:52:00,THEFT FROM MOTOR VEHICLE - PETTY ($950 & UNDER),Central,34.0543,-118.2535
2024-02-09 18:00:00,BURGLARY FROM VEHICLE,Central,34.0396,-118.259
2024-02-09 03:00:00,"ASSAULT WITH DEADLY WEAPON, AGGRAVATED ASSAULT",Central,34.0476,-118.2477
2024-02-10 03:10:00,BURGLARY,Central,34.0488,-118.2483
2024-02-09 21:55:00,"ASSAULT WITH DEADLY WEAPON, AGGRAVATED ASSAULT",Central,34.0446,-118.249
2024-02-08 23:30:00,INTIMATE PARTNER - SIMPLE ASSAULT,Central,34.058,-118.241
2024-02-08 21:35:00,TRESPASSING,Central,34.043,-118.2641
2024-02-10 04:11:00,BURGLARY,Central,34.0607,-118.2405
2024-02-09 20:50:00,TRESPASSING,Central,34.043,-118.2641
2024-02-08 11:30:00,VEHICLE - STOLEN,Central,34.0358,-118.2345
2024-02-09 17:45:00,VEHICLE - STOLEN,Central,34.0497,-118.2381
2024-02-09 19:20:00,VEHICLE - STOLEN,Central,34.043,-118.2571
2024-02-02 17:00:00,THEFT FROM MOTOR VEHICLE - PETTY ($950 & UNDER),Central,34.0633,-118.2336
2024-02-10 09:30:00,"THEFT-GRAND ($950.01 & OVER)EXCPT,GUNS,FOWL,LIVESTK,PROD",Central,34.0388,-118.2574
2024-02-10 23:55:00,"ASSAULT WITH DEADLY WEAPON, AGGRAVATED ASSAULT",Central,34.0564,-118.2374
2024-02-10 00:45:00,BURGLARY FROM VEHICLE,Central,34.0349,-118.263
2024-02-09 12:30:00,"THEFT-GRAND ($950.01 & OVER)EXCPT,GUNS,FOWL,LIVESTK,PROD",Central,34.0439,-118.2326
2024-02-01 16:50:00,SHOPLIFTING - PETTY THEFT ($950 & UNDER),Central,34.0483,-118.2631
2024-02-09 21:30:00,"VANDALISM - FELONY ($400 & OVER, ALL CHURCH VANDALISMS)",Central,34.0433,-118.2577
2024-01-06 17:55:00,BATTERY - SIMPLE ASSAULT,Central,34.0491,-118.2558
2024-02-10 10:30:00,BATTERY - SIMPLE ASSAULT,Central,34.0634,-118.2285
2024-02-10 05:00:00,TRESPASSING,Central,34.0561,-118.2375
2024-02-08 16:00:00,TRESPASSING,Central,34.0401,-118.2669
2024-02-10 03:00:00,ROBBERY,Central,34.0347,-118.2646
2024-02-10 12:45:00,BATTERY - SIMPLE ASSAULT,Central,34.0483,-118.2631
2024-02-10 16:20:00,"THEFT, PERSON",Central,34.0406,-118.268
2024-02-10 17:40:00,ROBBERY,Central,34.0409,-118.2574
2024-02-10 17:19:00,BATTERY - SIMPLE ASSAULT,Central,34.0396,-118.259
2024-02-10 17:10:00,ROBBERY,Central,34.0431,-118.2692
2024-02-10 15:55:00,BATTERY - SIMPLE ASSAULT,Central,34.0431,-118.2692
2024-02-10 16:00:00,"VANDALISM - FELONY ($400 & OVER, ALL CHURCH VANDALISMS)",Central,34.0488,-118.2518
2024-02-11 00:50:00,"ASSAULT WITH DEADLY WEAPON, AGGRAVATED ASSAULT",Central,34.0582,-118.2387
2024-02-11 00:12:00,ROBBERY,Central,34.0492,-118.2525
2024-02-10 12:00:00,BURGLARY FROM VEHICLE,Central,34.048,-118.2577
2024-02-10 20:00:00,"VANDALISM - FELONY ($400 & OVER, ALL CHURCH VANDALISMS)",Central,34.0502,-118.2539
2024-02-11 00:05:00,OTHER MISCELLANEOUS CRIME,Central,34.0502,-118.2539
2024-02-11 05:10:00,VANDALISM - MISDEAMEANOR ($399 OR UNDER),Central,34.0336,-118.2626
2024-02-09 14:14:00,BURGLARY FROM VEHICLE,Central,34.0659,-118.2294
2024-02-10 12:10:00,BATTERY - SIMPLE ASSAULT,Central,34.0415,-118.2655
2024-02-10 11:30:00,"THEFT-GRAND ($950.01 & OVER)EXCPT,GUNS,FOWL,LIVESTK,PROD",Central,34.0431,-118.2692
2024-02-10 21:00:00,BATTERY - SIMPLE ASSAULT,Central,34.0442,-118.2439
2024-02-10 19:30:00,VEHICLE - STOLEN,Central,34.0425,-118.2493
2024-02-09 17:00:00,BURGLARY,Central,34.0601,-118.2386
2024-02-11 07:00:00,BRANDISH WEAPON,Central,34.0446,-118.245
2024-02-03 11:00:00,"THEFT-GRAND ($950.01 & OVER)EXCPT,GUNS,FOWL,LIVESTK,PROD",Central,34.0561,-118.2375
2024-02-10 18:15:00,"THEFT, PERSON",Central,34.045,-118.264
2024-02-10 19:30:00,BATTERY - SIMPLE ASSAULT,Central,34.0415,-118.2655
2024-02-11 12:40:00,LEWD/LASCIVIOUS ACTS WITH CHILD,Central,34.0543,-118.2466
2024-02-11 12:40:00,LEWD CONDUCT,Central,34.0543,-118.2466
2024-02-11 01:00:00,TRESPASSING,Central,34.0421,-118.2673
2024-02-11 09:15:00,TRESPASSING,Central,34.043,-118.2641
2024-02-11 07:55:00,TRESPASSING,Central,34.0415,-118.2655
2024-02-11 10:00:00,TRESPASSING,Central,34.043,-118.2641
2024-02-10 01:00:00,TRESPASSING,Central,34.0421,-118.2673
2024-02-11 01:30:00,TRESPASSING,Central,34.0421,-118.2673
2024-02-10 11:30:00,SHOPLIFTING - PETTY THEFT ($950 & UNDER),Central,34.0437,-118.2547
2024-02-08 17:40:00,"THEFT-GRAND ($950.01 & OVER)EXCPT,GUNS,FOWL,LIVESTK,PROD",Central,34.0419,-118.2669
2024-02-10 14:00:00,BURGLARY FROM VEHICLE,Central,34.0382,-118.2356
2024-02-03 21:00:00,THEFT PLAIN - PETTY ($950 & UNDER),Central,34.0549,-118.2426
2024-02-10 18:30:00,THEFT FROM MOTOR VEHICLE - PETTY ($950 & UNDER),Central,34.0454,-118.2658
2024-02-10 16:00:00,THEFT PLAIN - PETTY ($950 & UNDER),Central,34.0702,-118.2273
2024-02-11 03:00:00,BURGLARY FROM VEHICLE,Central,34.0343,-118.262
2024-02-11 08:00:00,BURGLARY FROM VEHICLE,Central,34.0458,-118.2614
2024-02-10 20:00:00,BURGLARY FROM VEHICLE,Central,34.0466,-118.259
2024-02-11 16:50:00,BATTERY - SIMPLE ASSAULT,Central,34.0408,-118.2644
2024-02-09 23:30:00,INTIMATE PARTNER - SIMPLE ASSAULT,Central,34.058,-118.241
2024-02-10 22:15:00,TRESPASSING,Central,34.0549,-118.2511
2024-02-11 16:15:00,TRESPASSING,Central,34.0561,-118.2375
2024-02-11 16:10:00,SHOPLIFTING - PETTY THEFT ($950 & UNDER),Central,34.0483,-118.2631
2024-02-10 10:35:00,TRESPASSING,Central,34.0487,-118.2588
2024-02-11 17:25:00,"THEFT-GRAND ($950.01 & OVER)EXCPT,GUNS,FOWL,LIVESTK,PROD",Central,34.0522,-118.2434
2024-02-10 20:00:00,VEHICLE - STOLEN,Central,34.0362,-118.2325
2024-02-11 23:15:00,TRESPASSING,Central,34.0549,-118.2511
2024-02-11 23:45:00,ROBBERY,Central,34.0459,-118.2352
2024-02-10 17:10:00,BURGLARY FROM VEHICLE,Central,34.0491,-118.2414
2024-02-10 13:00:00,BURGLARY FROM VEHICLE,Central,34.0582,-118.2387
2024-02-12 01:30:00,TRESPASSING,Central,34.0454,-118.2658
2024-02-11 21:15:00,BURGLARY FROM VEHICLE,Central,34.0444,-118.2628
2024-02-11 23:35:00,BATTERY POLICE (SIMPLE),Central,34.0491,-118.2558
2024-02-07 13:00:00,SHOPLIFTING - PETTY THEFT ($950 & UNDER),Central,34.0483,-118.2631
2024-02-11 22:00:00,BURGLARY FROM VEHICLE,Central,34.046,-118.2493
2024-02-02 11:10:00,BURGLARY,Central,34.0736,-118.2315
2024-02-10 19:00:00,VANDALISM - MISDEAMEANOR ($399 OR UNDER),Central,34.0396,-118.259
2024-02-07 14:37:00,BURGLARY,Central,34.0736,-118.2315
2024-02-10 08:26:00,BURGLARY,Central,34.0595,-118.2451
2024-02-11 20:00:00,BURGLARY FROM VEHICLE,Central,34.0627,-118.2341
2024-02-10 01:00:00,THEFT PLAIN - PETTY ($950 & UNDER),Central,34.0467,-118.252
2024-02-12 12:50:00,VANDALISM - MISDEAMEANOR ($399 OR UNDER),Central,34.046,-118.251
2024-02-11 21:15:00,INTIMATE PARTNER - SIMPLE ASSAULT,Central,34.043,-118.2641
2024-02-11 21:30:00,INTIMATE PARTNER - SIMPLE ASSAULT,Central,34.0639,-118.2295
2024-02-12 08:05:00,"VANDALISM - FELONY ($400 & OVER, ALL CHURCH VANDALISMS)",Central,34.0487,-118.2553
2024-02-12 07:00:00,"VANDALISM - FELONY ($400 & OVER, ALL CHURCH VANDALISMS)",Central,34.0511,-118.2334
2024-02-12 12:00:00,INTIMATE PARTNER - SIMPLE ASSAULT,Central,34.0446,-118.245
2024-02-12 08:30:00,VANDALISM - MISDEAMEANOR ($399 OR UNDER),Central,34.0563,-118.2309
2024-01-09 19:30:00,BRANDISH WEAPON,Central,34.0396,-118.2726
2024-02-12 11:00:00,TRESPASSING,Central,34.0437,-118.2455
2024-02-09 17:00:00,VEHICLE - ATTEMPT STOLEN,Central,34.0621,-118.2346
2024-02-07 22:00:00,THEFT FROM MOTOR VEHICLE - GRAND ($950.01 AND OVER),Central,34.0419,-118.2669
2024-02-11 18:15:00,SHOPLIFTING - PETTY THEFT ($950 & UNDER),Central,34.048,-118.2577
2024-02-11 21:30:00,BATTERY - SIMPLE ASSAULT,Central,34.043,-118.242
2024-02-12 12:38:00,INTIMATE PARTNER - SIMPLE ASSAULT,Central,34.0401,-118.2533
2024-02-12 08:10:00,BATTERY POLICE (SIMPLE),Central,34.0594,-118.2368
2024-02-12 08:10:00,BATTERY - SIMPLE ASSAULT,Central,34.0594,-118.2368
2024-02-11 15:30:00,THEFT PLAIN - PETTY ($950 & UNDER),Central,34.0519,-118.2531
2024-02-11 16:57:00,THEFT OF IDENTITY,Central,34.0459,-118.2352
2024-02-09 18:30:00,"VANDALISM - FELONY ($400 & OVER, ALL CHURCH VANDALISMS)",Central,34.0495,-118.2528
2024-02-12 01:00:00,VEHICLE - STOLEN,Central,34.0454,-118.2658
2024-02-08 16:30:00,"VEHICLE, STOLEN - OTHER (MOTORIZED SCOOTERS, BIKES, ETC)",Central,34.0446,-118.249
2024-02-12 15:15:00,VEHICLE - STOLEN,Central,34.0488,-118.2518
2024-02-12 18:00:00,INTIMATE PARTNER - SIMPLE ASSAULT,Central,34.0414,-118.2382
2024-02-06 21:00:00,BURGLARY FROM VEHICLE,Central,34.048,-118.2577
2024-02-12 23:33:00,"ASSAULT WITH DEADLY WEAPON, AGGRAVATED ASSAULT",Central,34.0606,-118.2439
2024-02-12 20:00:00,BRANDISH WEAPON,Central,34.0519,-118.2531
2024-02-04 07:00:00,INTIMATE PARTNER - SIMPLE ASSAULT,Central,34.0542,-118.2566
2024-02-12 09:15:00,BATTERY - SIMPLE ASSAULT,Central,34.0491,-118.2558
2024-02-12 19:25:00,BATTERY - SIMPLE ASSAULT,Central,34.0559,-118.232
2024-02-12 12:00:00,"THEFT-GRAND ($950.01 & OVER)EXCPT,GUNS,FOWL,LIVESTK,PROD",Central,34.0561,-118.2375
2024-02-13 03:00:00,"VANDALISM - FELONY ($400 & OVER, ALL CHURCH VANDALISMS)",Central,34.0473,-118.2566
2024-02-12 14:40:00,THEFT PLAIN - PETTY ($950 & UNDER),Central,34.0408,-118.2644
2024-02-12 10:00:00,THEFT FROM MOTOR VEHICLE - GRAND ($950.01 AND OVER),Central,34.0409,-118.2609
2024-02-12 12:45:00,VEHICLE - STOLEN,Central,34.0305,-118.262
2024-01-06 22:30:00,THEFT PLAIN - PETTY ($950 & UNDER),Central,34.0561,-118.2375
2024-02-12 21:30:00,"ASSAULT WITH DEADLY WEAPON, AGGRAVATED ASSAULT",Central,34.0515,-118.2424
2024-01-14 19:04:00,SHOPLIFTING - PETTY THEFT ($950 & UNDER),Central,34.0483,-118.2631
2024-02-02 14:15:00,PICKPOCKET,Central,34.0473,-118.2566
2024-02-12 20:00:00,THEFT PLAIN - PETTY ($950 & UNDER),Central,34.0431,-118.2692
2024-02-11 08:30:00,"VANDALISM - FELONY ($400 & OVER, ALL CHURCH VANDALISMS)",Central,34.0396,-118.259
2024-02-13 06:45:00,TRESPASSING,Central,34.0415,-118.2655
2024-02-13 06:10:00,TRESPASSING,Central,34.0549,-118.2511
2024-01-17 19:30:00,BATTERY - SIMPLE ASSAULT,Central,34.0431,-118.2692
2024-02-13 00:17:00,BATTERY - SIMPLE ASSAULT,Central,34.0517,-118.2474
2024-01-30 08:00:00,BATTERY - SIMPLE ASSAULT,Central,34.048,-118.2577
2024-02-12 20:40:00,TRESPASSING,Central,34.0415,-118.2655
2024-02-13 06:15:00,TRESPASSING,Central,34.0549,-118.2511
2024-02-12 23:50:00,BURGLARY FROM VEHICLE,Central,34.043,-118.2606
2024-02-12 19:00:00,BURGLARY FROM VEHICLE,Central,34.0669,-118.239
2024-02-12 09:30:00,"VANDALISM - FELONY ($400 & OVER, ALL CHURCH VANDALISMS)",Central,34.0517,-118.2456
2024-01-30 00:01:00,BURGLARY FROM VEHICLE,Central,34.0444,-118.2628
2024-02-11 22:55:00,"THEFT-GRAND ($950.01 & OVER)EXCPT,GUNS,FOWL,LIVESTK,PROD",Central,34.0462,-118.2585
2024-02-10 13:05:00,"VANDALISM - FELONY ($400 & OVER, ALL CHURCH VANDALISMS)",Central,34.0488,-118.2518
2024-01-31 07:10:00,THEFT FROM MOTOR VEHICLE - PETTY ($950 & UNDER),Central,34.0468,-118.2415
2024-02-13 03:40:00,BURGLARY,Central,34.0364,-118.2659
2024-02-11 12:30:00,"LETTERS, LEWD  -  TELEPHONE CALLS, LEWD",Central,34.0503,-118.2434
2024-02-13 21:55:00,TRESPASSING,Central,34.0549,-118.2511
2024-02-12 21:10:00,BATTERY POLICE (SIMPLE),Central,34.0508,-118.2586
2024-02-13 11:15:00,ROBBERY,Central,34.0594,-118.2368
2024-02-13 16:00:00,BATTERY - SIMPLE ASSAULT,Central,34.0449,-118.2458
2024-02-12 15:00:00,BURGLARY,Central,34.0363,-118.2672
2024-01-29 18:00:00,"THEFT-GRAND ($950.01 & OVER)EXCPT,GUNS,FOWL,LIVESTK,PROD",Central,34.0483,-118.2631
2024-02-10 01:00:00,INTIMATE PARTNER - AGGRAVATED ASSAULT,Central,34.0501,-118.2593
2024-02-13 10:25:00,BATTERY - SIMPLE ASSAULT,Central,34.0508,-118.2586
2024-02-13 02:30:00,INTIMATE PARTNER - SIMPLE ASSAULT,Central,34.0639,-118.2317
2024-02-09 15:40:00,BATTERY - SIMPLE ASSAULT,Central,34.0595,-118.2451
2024-02-13 11:50:00,VEHICLE - STOLEN,Central,34.0445,-118.2523
2024-02-13 21:10:00,ROBBERY,Central,34.0343,-118.262
2024-02-13 15:25:00,INTIMATE PARTNER - AGGRAVATED ASSAULT,Central,34.0408,-118.2428
2024-02-13 11:45:00,"VANDALISM - FELONY ($400 & OVER, ALL CHURCH VANDALISMS)",Central,34.0561,-118.2375
2024-02-13 09:00:00,"VEHICLE, STOLEN - OTHER (MOTORIZED SCOOTERS, BIKES, ETC)",Central,34.0619,-118.2369
2024-02-13 19:40:00,CRIMINAL THREATS - NO WEAPON DISPLAYED,Central,34.0461,-118.2475
2024-02-13 14:55:00,VEHICLE - STOLEN,Central,34.0535,-118.256
2024-02-08 11:45:00,BURGLARY FROM VEHICLE,Central,34.048,-118.2577
2024-02-12 17:00:00,"BURGLARY, ATTEMPTED",Central,34.0389,-118.255
2024-02-13 09:50:00,"VANDALISM - FELONY ($400 & OVER, ALL CHURCH VANDALISMS)",Central,34.0487,-118.2588
2024-02-13 17:30:00,BATTERY - SIMPLE ASSAULT,Central,34.0615,-118.247
2024-02-13 09:40:00,INTIMATE PARTNER - SIMPLE ASSAULT,Central,34.0466,-118.252
2024-02-13 09:40:00,CRIMINAL THREATS - NO WEAPON DISPLAYED,Central,34.0466,-118.252
2024-02-13 11:20:00,BATTERY - SIMPLE ASSAULT,Central,34.0492,-118.2391
2024-02-13 19:00:00,SHOPLIFTING - PETTY THEFT ($950 & UNDER),Central,34.048,-118.2577
2024-02-10 00:01:00,BURGLARY FROM VEHICLE,Central,34.0432,-118.2504
2024-02-13 21:00:00,TRESPASSING,Central,34.0561,-118.2375
2024-02-12 20:00:00,BURGLARY FROM VEHICLE,Central,34.0637,-118.244
2024-02-13 23:45:00,TRESPASSING,Central,34.0549,-118.2511
2024-02-13 18:30:00,BURGLARY FROM VEHICLE,Central,34.0414,-118.2332
2024-02-13 22:00:00,THEFT FROM MOTOR VEHICLE - PETTY ($950 & UNDER),Central,34.0658,-118.2476
2024-02-13 19:05:00,THEFT OF IDENTITY,Central,34.0467,-118.2485
2024-02-13 09:00:00,THEFT PLAIN - PETTY ($950 & UNDER),Central,34.0444,-118.2407
2024-02-13 22:00:00,VEHICLE - STOLEN,Central,34.0342,-118.2636
2024-02-12 22:00:00,THEFT PLAIN - PETTY ($950 & UNDER),Central,34.0431,-118.2692
2024-02-13 12:00:00,"THEFT-GRAND ($950.01 & OVER)EXCPT,GUNS,FOWL,LIVESTK,PROD",Central,34.0459,-118.2352
2024-01-29 22:58:00,"VANDALISM - FELONY ($400 & OVER, ALL CHURCH VANDALISMS)",Central,34.0362,-118.2325
2024-02-13 17:45:00,"THEFT-GRAND ($950.01 & OVER)EXCPT,GUNS,FOWL,LIVESTK,PROD",Central,34.0483,-118.2631
2024-02-13 11:30:00,SHOPLIFTING - PETTY THEFT ($950 & UNDER),Central,34.0483,-118.2631
2024-02-14 08:00:00,THEFT PLAIN - PETTY ($950 & UNDER),Central,34.0435,-118.2427
2024-02-14 11:30:00,THEFT PLAIN - PETTY ($950 & UNDER),Central,34.0455,-118.2379
2024-02-11 03:00:00,BURGLARY,Central,34.0454,-118.2333
2024-02-14 08:00:00,INTIMATE PARTNER - AGGRAVATED ASSAULT,Central,34.0522,-118.2434
2024-01-09 12:00:00,THEFT OF IDENTITY,Central,34.0525,-118.2301
2024-02-13 13:25:00,THEFT PLAIN - PETTY ($950 & UNDER),Central,34.0503,-118.2434
2024-02-14 14:00:00,BURGLARY FROM VEHICLE,Central,34.0504,-118.2409
2024-02-10 20:04:00,"THEFT-GRAND ($950.01 & OVER)EXCPT,GUNS,FOWL,LIVESTK,PROD",Central,34.0437,-118.2582
2024-01-25 18:30:00,BURGLARY FROM VEHICLE,Central,34.039,-118.266
2024-02-13 19:35:00,BURGLARY FROM VEHICLE,Central,34.0519,-118.2506
2024-02-02 22:00:00,"VANDALISM - FELONY ($400 & OVER, ALL CHURCH VANDALISMS)",Central,34.0637,-118.244
2024-02-14 16:20:00,BATTERY - SIMPLE ASSAULT,Central,34.0466,-118.2555
2024-01-31 17:30:00,VEHICLE - ATTEMPT STOLEN,Central,34.0637,-118.244
2024-02-14 13:50:00,BATTERY - SIMPLE ASSAULT,Central,34.0453,-118.236
2024-02-11 02:00:00,THEFT FROM MOTOR VEHICLE - PETTY ($950 & UNDER),Central,34.0458,-118.2614
2024-02-13 19:39:00,THEFT PLAIN - PETTY ($950 & UNDER),Central,34.0615,-118.247
2024-02-14 12:00:00,"VANDALISM - FELONY ($400 & OVER, ALL CHURCH VANDALISMS)",Central,34.0542,-118.2415
2024-02-14 15:15:00,SHOPLIFTING - PETTY THEFT ($950 & UNDER),Central,34.048,-118.2577
2024-02-14 18:15:00,BURGLARY FROM VEHICLE,Central,34.0599,-118.2379
2024-02-14 23:00:00,TRESPASSING,Central,34.0549,-118.2511
2024-02-14 22:05:00,TRESPASSING,Central,34.0549,-118.2511
2024-02-14 11:55:00,OTHER ASSAULT,Central,34.0542,-118.2415
2024-02-14 16:00:00,"VANDALISM - FELONY ($400 & OVER, ALL CHURCH VANDALISMS)",Central,34.0425,-118.2493
2024-02-08 10:00:00,BATTERY - SIMPLE ASSAULT,Central,34.0468,-118.2415
2024-02-14 20:30:00,BURGLARY FROM VEHICLE,Central,34.0423,-118.2561
2024-02-15 01:24:00,CRIMINAL THREATS - NO WEAPON DISPLAYED,Central,34.0561,-118.2375
2024-02-14 23:55:00,"VANDALISM - FELONY ($400 & OVER, ALL CHURCH VANDALISMS)",Central,34.0473,-118.2601
2024-02-14 22:20:00,TRESPASSING,Central,34.0508,-118.2586
2024-02-14 13:00:00,BATTERY - SIMPLE ASSAULT,Central,34.0661,-118.2436
2024-02-14 22:00:00,VANDALISM - MISDEAMEANOR ($399 OR UNDER),Central,34.0466,-118.259
2024-02-14 19:00:00,VEHICLE - STOLEN,Central,34.037,-118.2688
2024-01-19 15:50:00,THEFT FROM MOTOR VEHICLE - GRAND ($950.01 AND OVER),Central,34.0606,-118.2358
2024-02-14 16:00:00,"THEFT-GRAND ($950.01 & OVER)EXCPT,GUNS,FOWL,LIVESTK,PROD",Central,34.0423,-118.2453
2024-02-15 00:30:00,BURGLARY FROM VEHICLE,Central,34.0338,-118.2708
2024-02-02 00:01:00,THEFT OF IDENTITY,Central,34.0472,-118.2371
2024-02-15 07:10:00,BATTERY - SIMPLE ASSAULT,Central,34.0492,-118.2391
2024-02-14 15:40:00,VEHICLE - STOLEN,Central,34.0515,-118.2424
2024-02-14 23:30:00,VEHICLE - STOLEN,Central,34.0409,-118.2609
2024-02-14 10:00:00,VEHICLE - STOLEN,Central,34.0462,-118.2585
2024-02-14 08:20:00,THEFT PLAIN - PETTY ($950 & UNDER),Central,34.0408,-118.2644
2024-02-15 08:15:00,BATTERY - SIMPLE ASSAULT,Central,34.0458,-118.2614
2024-02-07 21:45:00,"VANDALISM - FELONY ($400 & OVER, ALL CHURCH VANDALISMS)",Central,34.0713,-118.2291
2024-02-14 07:00:00,VEHICLE - STOLEN,Central,34.0484,-118.2326
2024-02-15 10:15:00,VEHICLE - STOLEN,Central,34.0386,-118.2638
2024-02-14 09:30:00,THEFT FROM MOTOR VEHICLE - GRAND ($950.01 AND OVER),Central,34.0569,-118.254
2024-02-15 14:25:00,SHOPLIFTING - PETTY THEFT ($950 & UNDER),Central,34.0483,-118.2631
2024-02-12 08:00:00,"THEFT-GRAND ($950.01 & OVER)EXCPT,GUNS,FOWL,LIVESTK,PROD",Central,34.0473,-118.2425
2024-02-15 15:40:00,TRESPASSING,Central,34.0508,-118.2586
2024-02-15 17:10:00,ROBBERY,Central,34.0471,-118.2491
2024-02-11 10:38:00,SHOPLIFTING - PETTY THEFT ($950 & UNDER),Central,34.0483,-118.2631
2024-02-13 12:00:00,BURGLARY FROM VEHICLE,Central,34.0432,-118.2504
2024-02-12 15:50:00,OTHER ASSAULT,Central,34.0547,-118.2335
2024-02-15 11:45:00,BATTERY - SIMPLE ASSAULT,Central,34.0615,-118.2412
2024-02-13 19:00:00,BATTERY - SIMPLE ASSAULT,Central,34.0437,-118.2455
2024-01-09 16:00:00,BATTERY WITH SEXUAL CONTACT,Central,34.0537,-118.2523
2024-02-15 11:00:00,INTIMATE PARTNER - SIMPLE ASSAULT,Central,34.0453,-118.2499
2024-02-15 10:20:00,ATTEMPTED ROBBERY,Central,34.0381,-118.2511
2024-02-15 20:45:00,OTHER ASSAULT,Central,34.0519,-118.2531
2024-02-15 01:45:00,"THEFT-GRAND ($950.01 & OVER)EXCPT,GUNS,FOWL,LIVESTK,PROD",Central,34.0516,-118.2491
2024-02-14 22:30:00,"THEFT-GRAND ($950.01 & OVER)EXCPT,GUNS,FOWL,LIVESTK,PROD",Central,34.0419,-118.2669
2024-02-07 03:00:00,BURGLARY FROM VEHICLE,Central,34.0458,-118.2614
2024-02-14 20:00:00,THEFT PLAIN - PETTY ($950 & UNDER),Central,34.0615,-118.247
2024-02-15 21:30:00,BATTERY - SIMPLE ASSAULT,Central,34.0508,-118.2586
2024-02-15 10:40:00,BATTERY - SIMPLE ASSAULT,Central,34.0549,-118.2426
2024-02-15 07:37:00,BATTERY - SIMPLE ASSAULT,Central,34.0485,-118.2623
2024-02-14 19:00:00,BURGLARY FROM VEHICLE,Central,34.0423,-118.263
2024-02-15 23:15:00,"ASSAULT WITH DEADLY WEAPON, AGGRAVATED ASSAULT",Central,34.0431,-118.2692
2024-02-15 23:15:00,BATTERY - SIMPLE ASSAULT,Central,34.0431,-118.2692
2024-02-15 21:30:00,INTIMATE PARTNER - SIMPLE ASSAULT,Central,34.0463,-118.255
2024-02-16 00:08:00,BATTERY - SIMPLE ASSAULT,Central,34.0448,-118.2474
2024-02-16 00:08:00,"VANDALISM - FELONY ($400 & OVER, ALL CHURCH VANDALISMS)",Central,34.0448,-118.2474
2024-02-15 16:35:00,VIOLATION OF COURT ORDER,Central,34.0446,-118.2507
2024-01-03 06:00:00,THEFT PLAIN - PETTY ($950 & UNDER),Central,34.0516,-118.244
2024-02-16 06:50:00,INTIMATE PARTNER - SIMPLE ASSAULT,Central,34.0684,-118.2449
2024-02-16 07:15:00,VEHICLE - STOLEN,Central,34.0522,-118.2538
2024-02-16 00:01:00,INTIMATE PARTNER - AGGRAVATED ASSAULT,Central,34.0566,-118.2531
2024-02-15 22:10:00,INTIMATE PARTNER - SIMPLE ASSAULT,Central,34.0685,-118.246
2024-02-16 00:01:00,"VANDALISM - FELONY ($400 & OVER, ALL CHURCH VANDALISMS)",Central,34.0363,-118.2672
2024-02-15 07:00:00,THEFT FROM MOTOR VEHICLE - PETTY ($950 & UNDER),Central,34.0388,-118.2717
2024-02-11 18:00:00,THEFT FROM MOTOR VEHICLE - PETTY ($950 & UNDER),Central,34.0713,-118.2291
2024-02-13 10:00:00,THEFT FROM MOTOR VEHICLE - PETTY ($950 & UNDER),Central,34.0425,-118.2493
2024-02-16 14:50:00,BATTERY - SIMPLE ASSAULT,Central,34.0561,-118.2375
2024-02-16 13:40:00,CRIMINAL THREATS - NO WEAPON DISPLAYED,Central,34.0647,-118.247
2024-02-15 23:00:00,VEHICLE - STOLEN,Central,34.0627,-118.2463
2024-02-13 17:00:00,THEFT PLAIN - PETTY ($950 & UNDER),Central,34.0566,-118.2531
2024-01-25 19:00:00,"THEFT-GRAND ($950.01 & OVER)EXCPT,GUNS,FOWL,LIVESTK,PROD",Central,34.0493,-118.2582
2024-01-29 12:00:00,THEFT PLAIN - PETTY ($950 & UNDER),Central,34.0473,-118.2601
2024-01-01 00:55:00,PICKPOCKET,Central,34.0431,-118.2692
2024-02-16 16:05:00,"ASSAULT WITH DEADLY WEAPON, AGGRAVATED ASSAULT",Central,34.0473,-118.2566
2024-02-14 15:30:00,"THEFT-GRAND ($950.01 & OVER)EXCPT,GUNS,FOWL,LIVESTK,PROD",Central,34.045,-118.264
2024-02-16 16:23:00,SHOPLIFTING - PETTY THEFT ($950 & UNDER),Central,34.0452,-118.2533
2024-02-09 17:00:00,BURGLARY FROM VEHICLE,Central,34.0452,-118.2569
2024-02-11 16:00:00,OTHER ASSAULT,Central,34.0504,-118.2409
2024-02-13 18:00:00,"VANDALISM - FELONY ($400 & OVER, ALL CHURCH VANDALISMS)",Central,34.0494,-118.2599
2024-02-16 12:40:00,"ASSAULT WITH DEADLY WEAPON, AGGRAVATED ASSAULT",Central,34.0328,-118.2683
2024-02-13 14:00:00,THEFT OF IDENTITY,Central,34.0569,-118.254
2024-02-14 07:40:00,BATTERY - SIMPLE ASSAULT,Central,34.0445,-118.2558
2024-02-16 14:38:00,SHOPLIFTING - PETTY THEFT ($950 & UNDER),Central,34.048,-118.2577
2024-02-16 15:30:00,TRESPASSING,Central,34.0549,-118.2511
2024-02-16 19:45:00,BATTERY - SIMPLE ASSAULT,Central,34.0431,-118.2692
2024-02-16 13:00:00,TRESPASSING,Central,34.0412,-118.2436
2024-02-16 22:00:00,THEFT OF IDENTITY,Central,34.0487,-118.2362
2024-02-15 12:00:00,OTHER ASSAULT,Central,34.0661,-118.2436
2024-02-16 22:55:00,"ASSAULT WITH DEADLY WEAPON, AGGRAVATED ASSAULT",Central,34.0419,-118.2669
2024-02-16 20:20:00,OTHER ASSAULT,Central,34.0437,-118.2455
2024-02-16 13:27:00,CRIMINAL THREATS - NO WEAPON DISPLAYED,Central,34.0382,-118.2384
2024-02-15 21:30:00,BURGLARY FROM VEHICLE,Central,34.0494,-118.2599
2024-02-16 20:50:00,VANDALISM - MISDEAMEANOR ($399 OR UNDER),Central,34.0401,-118.2357
2024-02-17 01:00:00,INTIMATE PARTNER - SIMPLE ASSAULT,Central,34.0437,-118.2455
2024-02-16 22:10:00,BATTERY - SIMPLE ASSAULT,Central,34.0363,-118.2672
2024-02-17 03:21:00,INTIMATE PARTNER - SIMPLE ASSAULT,Central,34.0569,-118.254
2024-02-16 18:00:00,ROBBERY,Central,34.0581,-118.2371
2024-01-20 12:00:00,BURGLARY,Central,34.0452,-118.2569
2024-02-17 06:23:00,TRESPASSING,Central,34.0549,-118.2511
2024-02-17 05:30:00,THEFT PLAIN - PETTY ($950 & UNDER),Central,34.0487,-118.2588
2024-02-17 06:35:00,TRESPASSING,Central,34.0549,-118.2511
2024-02-13 10:30:00,"THEFT-GRAND ($950.01 & OVER)EXCPT,GUNS,FOWL,LIVESTK,PROD",Central,34.0535,-118.2491
2024-02-14 06:05:00,SHOPLIFTING - PETTY THEFT ($950 & UNDER),Central,34.0483,-118.2631
2024-02-16 21:05:00,BURGLARY FROM VEHICLE,Central,34.0382,-118.2316
2024-02-16 16:22:00,THEFT PLAIN - PETTY ($950 & UNDER),Central,34.0408,-118.2428
2024-02-17 07:30:00,THEFT PLAIN - PETTY ($950 & UNDER),Central,34.0492,-118.2525
2024-02-17 12:00:00,"ASSAULT WITH DEADLY WEAPON, AGGRAVATED ASSAULT",Central,34.043,-118.242
2024-02-16 23:50:00,PICKPOCKET,Central,34.0652,-118.2369
2024-02-13 23:00:00,"VANDALISM - FELONY ($400 & OVER, ALL CHURCH VANDALISMS)",Central,34.0396,-118.259
2024-02-14 17:30:00,VEHICLE - STOLEN,Central,34.0684,-118.2449
2024-02-10 20:30:00,ROBBERY,Central,34.0453,-118.2499
2024-02-17 14:10:00,ROBBERY,Central,34.0335,-118.2619
2024-02-16 21:00:00,VEHICLE - STOLEN,Central,34.0437,-118.2582
2024-02-17 14:00:00,VEHICLE - STOLEN,Central,34.0627,-118.2341
2024-02-16 20:35:00,"THEFT-GRAND ($950.01 & OVER)EXCPT,GUNS,FOWL,LIVESTK,PROD",Central,34.0468,-118.2415
2024-02-17 14:30:00,THEFT PLAIN - PETTY ($950 & UNDER),Central,34.0624,-118.2383
2024-02-17 13:00:00,PICKPOCKET,Central,34.0585,-118.2403
2024-02-16 17:40:00,ASSAULT WITH DEADLY WEAPON ON POLICE OFFICER,Central,34.0453,-118.2499
2024-02-16 17:40:00,RESISTING ARREST,Central,34.0453,-118.2499
2024-02-11 11:00:00,INTIMATE PARTNER - SIMPLE ASSAULT,Central,34.0466,-118.2555
2024-02-17 18:00:00,VEHICLE - STOLEN,Central,34.047,-118.2647
2024-02-17 18:30:00,VEHICLE - STOLEN,Central,34.0483,-118.2631
2024-02-17 17:30:00,"THEFT-GRAND ($950.01 & OVER)EXCPT,GUNS,FOWL,LIVESTK,PROD",Central,34.0626,-118.2434
2024-02-17 19:00:00,"ASSAULT WITH DEADLY WEAPON, AGGRAVATED ASSAULT",Central,34.0466,-118.2555
2024-02-17 18:00:00,"THEFT, PERSON",Central,34.0415,-118.2655
2024-02-17 18:55:00,ATTEMPTED ROBBERY,Central,34.0606,-118.2439
2024-02-17 18:50:00,BURGLARY,Central,34.046,-118.251
2024-02-18 01:45:00,"ASSAULT WITH DEADLY WEAPON, AGGRAVATED ASSAULT",Central,34.0419,-118.2669
2024-02-18 01:45:00,CHILD ABUSE (PHYSICAL) - AGGRAVATED ASSAULT,Central,34.0419,-118.2669
2024-01-30 23:00:00,BURGLARY FROM VEHICLE,Central,34.0421,-118.2405
2024-02-15 18:50:00,BATTERY - SIMPLE ASSAULT,Central,34.0503,-118.2434
2024-02-17 17:30:00,BRANDISH WEAPON,Central,34.0496,-118.2603
2024-02-17 15:00:00,SHOPLIFTING - PETTY THEFT ($950 & UNDER),Central,34.0483,-118.2631
2024-02-17 22:45:00,VEHICLE - STOLEN,Central,34.0524,-118.2467
2024-02-18 00:30:00,THEFT FROM MOTOR VEHICLE - PETTY ($950 & UNDER),Central,34.0566,-118.2531
2024-02-17 17:00:00,"THEFT-GRAND ($950.01 & OVER)EXCPT,GUNS,FOWL,LIVESTK,PROD",Central,34.0649,-118.2381
2024-02-17 20:40:00,"THEFT-GRAND ($950.01 & OVER)EXCPT,GUNS,FOWL,LIVESTK,PROD",Central,34.0516,-118.2561
2024-02-17 12:45:00,BURGLARY FROM VEHICLE,Central,34.0486,-118.2345
2024-02-17 15:30:00,SHOPLIFTING - PETTY THEFT ($950 & UNDER),Central,34.0483,-118.2631
2024-02-17 22:20:00,TRESPASSING,Central,34.0508,-118.2586
2024-02-18 06:50:00,TRESPASSING,Central,34.0415,-118.2655
2024-02-18 07:15:00,TRESPASSING,Central,34.0415,-118.2655
2024-02-17 16:15:00,SHOPLIFTING - PETTY THEFT ($950 & UNDER),Central,34.0483,-118.2631
2024-02-17 18:00:00,VEHICLE - STOLEN,Central,34.0481,-118.2507
2024-02-17 21:30:00,BURGLARY FROM VEHICLE,Central,34.0415,-118.2374
2024-02-18 07:10:00,"ASSAULT WITH DEADLY WEAPON, AGGRAVATED ASSAULT",Central,34.0486,-118.2571
2024-02-18 12:16:00,VEHICLE - STOLEN,Central,34.048,-118.2577
2024-02-18 08:30:00,"ASSAULT WITH DEADLY WEAPON, AGGRAVATED ASSAULT",Central,34.0449,-118.2458
2024-02-18 15:15:00,THEFT PLAIN - ATTEMPT,Central,34.0384,-118.2571
2024-02-17 21:00:00,BURGLARY,Central,34.0462,-118.2585
2024-02-18 16:00:00,BATTERY - SIMPLE ASSAULT,Central,34.0561,-118.2375
2024-02-18 15:22:00,"THEFT, PERSON",Central,34.0508,-118.2586
2024-02-16 21:46:00,VANDALISM - MISDEAMEANOR ($399 OR UNDER),Central,34.042,-118.2625
2024-02-18 19:00:00,INTIMATE PARTNER - AGGRAVATED ASSAULT,Central,34.0478,-118.2484
2024-02-17 23:35:00,BATTERY - SIMPLE ASSAULT,Central,34.0461,-118.2674
2024-02-18 15:10:00,SHOPLIFTING - PETTY THEFT ($950 & UNDER),Central,34.0483,-118.2631
2024-02-18 22:10:00,"ASSAULT WITH DEADLY WEAPON, AGGRAVATED ASSAULT",Central,34.0456,-118.2504
2024-02-18 22:55:00,"VANDALISM - FELONY ($400 & OVER, ALL CHURCH VANDALISMS)",Central,34.0437,-118.2547
2024-02-18 22:40:00,INTIMATE PARTNER - SIMPLE ASSAULT,Central,34.0446,-118.245
2024-02-13 17:00:00,BATTERY - SIMPLE ASSAULT,Central,34.0573,-118.2455
2024-02-17 20:00:00,THEFT PLAIN - PETTY ($950 & UNDER),Central,34.0462,-118.2628
2024-02-18 21:40:00,CRIMINAL THREATS - NO WEAPON DISPLAYED,Central,34.0585,-118.2403
2024-01-31 20:00:00,"RAPE, FORCIBLE",Central,34.0435,-118.2427
2024-02-17 14:00:00,PICKPOCKET,Central,34.0466,-118.252
2024-02-19 02:13:00,"VANDALISM - FELONY ($400 & OVER, ALL CHURCH VANDALISMS)",Central,34.0358,-118.2345
2024-02-16 23:45:00,PICKPOCKET,Central,34.0456,-118.2504
2024-02-18 22:05:00,BURGLARY FROM VEHICLE,Central,34.0437,-118.2617
2024-02-19 10:43:00,"ASSAULT WITH DEADLY WEAPON, AGGRAVATED ASSAULT",Central,34.0454,-118.2658
2024-02-15 16:30:00,VEHICLE - ATTEMPT STOLEN,Central,34.0607,-118.2494
2024-02-19 09:00:00,BATTERY - SIMPLE ASSAULT,Central,34.0459,-118.243
2024-02-18 18:00:00,VEHICLE - STOLEN,Central,34.0467,-118.2411
2024-01-31 21:00:00,BURGLARY FROM VEHICLE,Central,34.0577,-118.2518
2024-02-14 05:00:00,VEHICLE - STOLEN,Central,34.0472,-118.2342
2024-02-11 22:05:00,"VANDALISM - FELONY ($400 & OVER, ALL CHURCH VANDALISMS)",Central,34.051,-118.2445
2024-01-22 16:30:00,VEHICLE - STOLEN,Central,34.0383,-118.2327
2024-02-17 23:00:00,THEFT FROM MOTOR VEHICLE - PETTY ($950 & UNDER),Central,34.0599,-118.2426
2024-02-18 16:15:00,VEHICLE - STOLEN,Central,34.0519,-118.2531
2024-02-18 23:00:00,VEHICLE - STOLEN,Central,34.0413,-118.2517
2024-02-19 13:40:00,"VANDALISM - FELONY ($400 & OVER, ALL CHURCH VANDALISMS)",Central,34.0445,-118.2523
2024-02-06 10:00:00,THEFT FROM MOTOR VEHICLE - GRAND ($950.01 AND OVER),Central,34.0454,-118.2658
2024-02-14 02:00:00,BURGLARY,Central,34.0406,-118.268
2024-02-19 15:35:00,"VANDALISM - FELONY ($400 & OVER, ALL CHURCH VANDALISMS)",Central,34.0446,-118.2507
2024-02-19 09:55:00,BATTERY - SIMPLE ASSAULT,Central,34.0487,-118.2588
2024-02-17 02:00:00,BURGLARY FROM VEHICLE,Central,34.0461,-118.2475
2024-02-19 15:45:00,INTIMATE PARTNER - SIMPLE ASSAULT,Central,34.0446,-118.249
2024-02-17 20:00:00,BURGLARY FROM VEHICLE,Central,34.0637,-118.244
2024-02-17 22:30:00,"VANDALISM - FELONY ($400 & OVER, ALL CHURCH VANDALISMS)",Central,34.0425,-118.2493
2024-02-19 04:45:00,BURGLARY,Central,34.0474,-118.2496
2024-02-19 19:50:00,ROBBERY,Central,34.0606,-118.2439
2024-02-19 21:00:00,VEHICLE - ATTEMPT STOLEN,Central,34.0487,-118.2553
2024-02-19 20:30:00,BURGLARY FROM VEHICLE,Central,34.0653,-118.2492
2024-02-18 20:00:00,BURGLARY FROM VEHICLE,Central,34.0516,-118.2491
2024-02-18 18:55:00,BURGLARY FROM VEHICLE,Central,34.0396,-118.259
2024-02-19 11:30:00,"VANDALISM - FELONY ($400 & OVER, ALL CHURCH VANDALISMS)",Central,34.0506,-118.2371
2024-02-19 12:40:00,BURGLARY FROM VEHICLE,Central,34.0615,-118.2412
2024-01-20 22:00:00,THEFT PLAIN - PETTY ($950 & UNDER),Central,34.0421,-118.2469
2024-02-14 15:00:00,BURGLARY FROM VEHICLE,Central,34.0383,-118.2305
2024-02-15 22:30:00,THEFT FROM MOTOR VEHICLE - PETTY ($950 & UNDER),Central,34.0473,-118.2425
2024-02-18 17:50:00,"VANDALISM - FELONY ($400 & OVER, ALL CHURCH VANDALISMS)",Central,34.0452,-118.2569
2024-02-20 02:00:00,BURGLARY,Central,34.0396,-118.2558
2024-02-19 19:35:00,"ASSAULT WITH DEADLY WEAPON, AGGRAVATED ASSAULT",Central,34.048,-118.2577
2024-02-18 15:30:00,BATTERY - SIMPLE ASSAULT,Central,34.0421,-118.2469
2024-02-18 10:15:00,CRIMINAL THREATS - NO WEAPON DISPLAYED,Central,34.0437,-118.2455
2024-02-10 18:30:00,"BUNCO, ATTEMPT",Central,34.064,-118.2375
2024-02-19 15:30:00,SHOPLIFTING - PETTY THEFT ($950 & UNDER),Central,34.0483,-118.2631
2024-02-10 13:30:00,THEFT FROM MOTOR VEHICLE - PETTY ($950 & UNDER),Central,34.0423,-118.2561
2024-02-20 04:50:00,VEHICLE - STOLEN,Central,34.0435,-118.2471
2024-02-17 10:40:00,THEFT PLAIN - PETTY ($950 & UNDER),Central,34.048,-118.2577
2024-02-17 23:30:00,THEFT PLAIN - PETTY ($950 & UNDER),Central,34.0487,-118.2553
2024-02-19 18:00:00,"SEX,UNLAWFUL(INC MUTUAL CONSENT, PENETRATION W/ FRGN OBJ",Central,34.0582,-118.242
2024-02-17 10:00:00,THEFT FROM MOTOR VEHICLE - PETTY ($950 & UNDER),Central,34.0517,-118.2474
2024-02-20 09:30:00,INTIMATE PARTNER - AGGRAVATED ASSAULT,Central,34.0421,-118.2469
2024-02-20 10:30:00,BRANDISH WEAPON,Central,34.0421,-118.2469
2024-01-05 05:00:00,"THEFT-GRAND ($950.01 & OVER)EXCPT,GUNS,FOWL,LIVESTK,PROD",Central,34.0515,-118.2424
2024-02-20 13:44:00,ROBBERY,Central,34.0358,-118.2594
2024-02-20 07:45:00,"ASSAULT WITH DEADLY WEAPON, AGGRAVATED ASSAULT",Central,34.0538,-118.256
2024-02-19 16:09:00,"DEFRAUDING INNKEEPER/THEFT OF SERVICES, $950 & UNDER",Central,34.0561,-118.2375
2024-02-20 09:30:00,THEFT FROM MOTOR VEHICLE - GRAND ($950.01 AND OVER),Central,34.0503,-118.2434
2024-02-10 15:20:00,"BUNCO, GRAND THEFT",Central,34.0483,-118.2631
2024-02-14 15:45:00,"BUNCO, GRAND THEFT",Central,34.0483,-118.2631
2024-02-19 14:00:00,VEHICLE - ATTEMPT STOLEN,Central,34.0528,-118.255
2024-02-19 14:18:00,SHOPLIFTING - PETTY THEFT ($950 & UNDER),Central,34.048,-118.2577
2024-02-20 13:45:00,SHOPLIFTING - PETTY THEFT ($950 & UNDER),Central,34.048,-118.2577
2024-02-20 06:10:00,TRESPASSING,Central,34.0549,-118.2511
2024-02-19 09:55:00,TRESPASSING,Central,34.0487,-118.2588
2024-02-20 14:40:00,"LETTERS, LEWD  -  TELEPHONE CALLS, LEWD",Central,34.0515,-118.2424
2024-02-20 15:15:00,OTHER ASSAULT,Central,34.0483,-118.2631
2024-02-19 15:00:00,"RAPE, FORCIBLE",Central,34.0524,-118.2467
2024-02-19 14:00:00,VEHICLE - STOLEN,Central,34.0498,-118.24
2024-02-18 21:30:00,THEFT FROM MOTOR VEHICLE - PETTY ($950 & UNDER),Central,34.0405,-118.2337
2024-02-19 18:00:00,THEFT FROM MOTOR VEHICLE - PETTY ($950 & UNDER),Central,34.0678,-118.2466
2024-02-19 05:45:00,"VANDALISM - FELONY ($400 & OVER, ALL CHURCH VANDALISMS)",Central,34.0517,-118.2474
2024-02-19 05:00:00,BURGLARY FROM VEHICLE,Central,34.0517,-118.2474
2024-02-20 09:00:00,OTHER MISCELLANEOUS CRIME,Central,34.0549,-118.2426
2024-02-09 22:57:00,"VANDALISM - FELONY ($400 & OVER, ALL CHURCH VANDALISMS)",Central,34.0444,-118.2593
2024-02-19 18:30:00,BURGLARY,Central,34.0439,-118.2326
2024-02-18 15:00:00,INTIMATE PARTNER - SIMPLE ASSAULT,Central,34.0478,-118.2484
2024-02-20 18:10:00,VEHICLE - STOLEN,Central,34.0468,-118.2415
2024-02-18 18:30:00,THEFT PLAIN - PETTY ($950 & UNDER),Central,34.0466,-118.2555
2024-02-16 21:59:00,"VANDALISM - FELONY ($400 & OVER, ALL CHURCH VANDALISMS)",Central,34.0466,-118.2555
2024-02-10 10:00:00,"VANDALISM - FELONY ($400 & OVER, ALL CHURCH VANDALISMS)",Central,34.046,-118.251
2024-02-20 20:00:00,BURGLARY FROM VEHICLE,Central,34.0504,-118.2409
2024-01-31 21:45:00,THEFT PLAIN - PETTY ($950 & UNDER),Central,34.0423,-118.2561
2024-02-15 22:20:00,"VANDALISM - FELONY ($400 & OVER, ALL CHURCH VANDALISMS)",Central,34.0466,-118.2555
2024-02-01 19:28:00,"THEFT-GRAND ($950.01 & OVER)EXCPT,GUNS,FOWL,LIVESTK,PROD",Central,34.0519,-118.2531
2024-02-11 22:00:00,BURGLARY FROM VEHICLE,Central,34.048,-118.2577
2024-02-17 23:00:00,BURGLARY FROM VEHICLE,Central,34.0561,-118.2375
2024-02-16 21:30:00,THEFT PLAIN - PETTY ($950 & UNDER),Central,34.0383,-118.2327
2024-02-12 18:35:00,THEFT PLAIN - PETTY ($950 & UNDER),Central,34.0423,-118.2595
2024-02-20 00:30:00,BIKE - STOLEN,Central,34.0663,-118.2442
2024-01-26 17:00:00,BATTERY - SIMPLE ASSAULT,Central,34.046,-118.2493
2024-02-20 20:49:00,ASSAULT WITH DEADLY WEAPON ON POLICE OFFICER,Central,34.0453,-118.2443
2024-02-20 20:00:00,CRIMINAL THREATS - NO WEAPON DISPLAYED,Central,34.0453,-118.2443
2024-02-20 14:00:00,TRESPASSING,Central,34.0488,-118.2518
2024-02-19 19:30:00,TRESPASSING,Central,34.0492,-118.2391
2024-02-20 22:25:00,"LETTERS, LEWD  -  TELEPHONE CALLS, LEWD",Central,34.0515,-118.2424
2024-02-13 08:45:00,DOCUMENT FORGERY / STOLEN FELONY,Central,34.0454,-118.2658
2024-02-20 16:00:00,THEFT FROM MOTOR VEHICLE - PETTY ($950 & UNDER),Central,34.0405,-118.2337
2024-02-20 18:50:00,BURGLARY FROM VEHICLE,Central,34.0394,-118.2623
2024-02-21 08:07:00,THEFT PLAIN - PETTY ($950 & UNDER),Central,34.0401,-118.2533
2024-02-19 19:24:00,SHOPLIFTING - PETTY THEFT ($950 & UNDER),Central,34.0483,-118.2631
2024-02-20 15:30:00,TRESPASSING,Central,34.0635,-118.2357
2024-01-19 18:00:00,BURGLARY FROM VEHICLE,Central,34.0409,-118.2609
2024-02-04 21:00:00,BURGLARY FROM VEHICLE,Central,34.0437,-118.2582
2024-02-20 22:30:00,BATTERY - SIMPLE ASSAULT,Central,34.0342,-118.2636
2024-02-20 20:30:00,BURGLARY FROM VEHICLE,Central,34.0519,-118.2531
2024-02-04 17:51:00,BURGLARY FROM VEHICLE,Central,34.0457,-118.2665
2024-02-20 13:10:00,SHOPLIFTING - PETTY THEFT ($950 & UNDER),Central,34.0483,-118.2631
2024-02-19 18:20:00,INTIMATE PARTNER - SIMPLE ASSAULT,Central,34.0495,-118.2494
2024-02-16 20:00:00,VEHICLE - STOLEN,Central,34.0423,-118.263
2024-02-20 23:00:00,VEHICLE - STOLEN,Central,34.0466,-118.259
2024-02-18 13:20:00,BURGLARY FROM VEHICLE,Central,34.0381,-118.263
2024-01-10 12:00:00,THEFT OF IDENTITY,Central,34.0473,-118.2531
2024-02-21 09:20:00,SHOPLIFTING - PETTY THEFT ($950 & UNDER),Central,34.0483,-118.2631
2024-02-20 17:00:00,TRESPASSING,Central,34.0635,-118.2357
2024-02-16 14:00:00,"THEFT-GRAND ($950.01 & OVER)EXCPT,GUNS,FOWL,LIVESTK,PROD",Central,34.055,-118.2321
2024-02-18 12:43:00,"LETTERS, LEWD  -  TELEPHONE CALLS, LEWD",Central,34.0421,-118.2469
2024-02-21 11:00:00,SHOPLIFTING - PETTY THEFT ($950 & UNDER),Central,34.048,-118.2577
2024-02-20 19:00:00,BURGLARY FROM VEHICLE,Central,34.045,-118.264
2024-02-21 08:30:00,THEFT OF IDENTITY,Central,34.042,-118.2625
2024-02-21 16:40:00,THEFT OF IDENTITY,Central,34.0438,-118.2416
2024-02-20 18:45:00,BURGLARY FROM VEHICLE,Central,34.0408,-118.2428
2024-02-14 10:30:00,PICKPOCKET,Central,34.0635,-118.2458
2024-02-21 14:30:00,THEFT PLAIN - PETTY ($950 & UNDER),Central,34.0508,-118.2586
2024-02-21 15:00:00,THEFT PLAIN - PETTY ($950 & UNDER),Central,34.0508,-118.2586
2024-02-19 20:00:00,VEHICLE - STOLEN,Central,34.0569,-118.254
2024-02-20 20:00:00,VEHICLE - STOLEN,Central,34.0473,-118.2601
2024-02-21 16:00:00,BATTERY - SIMPLE ASSAULT,Central,34.0494,-118.2599
2024-02-21 15:30:00,OTHER MISCELLANEOUS CRIME,Central,34.0538,-118.2379
2024-02-09 10:30:00,CRIMINAL THREATS - NO WEAPON DISPLAYED,Central,34.0532,-118.2425
2024-02-21 16:30:00,BRANDISH WEAPON,Central,34.0408,-118.2428
2024-02-21 14:15:00,SHOPLIFTING - PETTY THEFT ($950 & UNDER),Central,34.048,-118.2577
2024-02-20 16:40:00,BURGLARY,Central,34.0689,-118.2431
2024-02-21 16:58:00,SHOPLIFTING - PETTY THEFT ($950 & UNDER),Central,34.048,-118.2577
2024-02-20 09:00:00,"VANDALISM - FELONY ($400 & OVER, ALL CHURCH VANDALISMS)",Central,34.0471,-118.2474
2024-02-21 17:30:00,BURGLARY FROM VEHICLE,Central,34.0686,-118.2266
2024-02-21 11:30:00,"DEFRAUDING INNKEEPER/THEFT OF SERVICES, $950 & UNDER",Central,34.0561,-118.2375
2024-02-21 18:30:00,SHOPLIFTING - PETTY THEFT ($950 & UNDER),Central,34.0483,-118.2631
2024-02-21 06:15:00,"VANDALISM - FELONY ($400 & OVER, ALL CHURCH VANDALISMS)",Central,34.0613,-118.2446
2024-02-09 00:55:00,THEFT PLAIN - PETTY ($950 & UNDER),Central,34.043,-118.2606
2024-02-21 19:59:00,"VANDALISM - FELONY ($400 & OVER, ALL CHURCH VANDALISMS)",Central,34.0488,-118.2518
2024-02-22 00:50:00,ATTEMPTED ROBBERY,Central,34.0432,-118.2344
2024-02-21 06:50:00,BATTERY - SIMPLE ASSAULT,Central,34.048,-118.2542
2024-02-21 20:30:00,THEFT PLAIN - PETTY ($950 & UNDER),Central,34.0615,-118.2412
2024-02-20 22:45:00,VANDALISM - MISDEAMEANOR ($399 OR UNDER),Central,34.0673,-118.2354
2024-02-21 18:00:00,VANDALISM - MISDEAMEANOR ($399 OR UNDER),Central,34.0504,-118.2358
2024-02-22 04:00:00,OTHER MISCELLANEOUS CRIME,Central,34.0372,-118.2551
2024-02-21 17:00:00,CRIMINAL THREATS - NO WEAPON DISPLAYED,Central,34.0363,-118.2672
2024-02-22 02:30:00,"VANDALISM - FELONY ($400 & OVER, ALL CHURCH VANDALISMS)",Central,34.0342,-118.2636
2024-02-22 02:30:00,BATTERY - SIMPLE ASSAULT,Central,34.0342,-118.2636
2024-02-22 03:10:00,"VANDALISM - FELONY ($400 & OVER, ALL CHURCH VANDALISMS)",Central,34.0535,-118.2299
2024-02-21 19:28:00,BATTERY - SIMPLE ASSAULT,Central,34.0435,-118.2366
2024-02-22 00:35:00,THREATENING PHONE CALLS/LETTERS,Central,34.0515,-118.2424
2024-02-22 01:55:00,BURGLARY,Central,34.0585,-118.2403
2024-02-21 02:00:00,SODOMY/SEXUAL CONTACT B/W PENIS OF ONE PERS TO ANUS OTH,Central,34.0484,-118.2339
2024-02-21 23:40:00,"BURGLARY, ATTEMPTED",Central,34.0461,-118.2475
2024-02-07 18:52:00,SHOPLIFTING - PETTY THEFT ($950 & UNDER),Central,34.0483,-118.2631
2024-02-04 09:00:00,VEHICLE - STOLEN,Central,34.0615,-118.247
2024-02-22 08:50:00,"VANDALISM - FELONY ($400 & OVER, ALL CHURCH VANDALISMS)",Central,34.0487,-118.2588
2024-02-22 06:21:00,TRESPASSING,Central,34.0549,-118.2511
2024-02-21 08:25:00,BURGLARY FROM VEHICLE,Central,34.0419,-118.2523
2024-02-21 08:00:00,BURGLARY FROM VEHICLE,Central,34.0547,-118.2505
2024-02-21 07:45:00,"VANDALISM - FELONY ($400 & OVER, ALL CHURCH VANDALISMS)",Central,34.0607,-118.2405
2024-02-22 04:45:00,THEFT PLAIN - PETTY ($950 & UNDER),Central,34.0561,-118.2375
2024-02-22 07:20:00,BATTERY - SIMPLE ASSAULT,Central,34.0481,-118.2507
2024-02-18 01:00:00,CRIMINAL THREATS - NO WEAPON DISPLAYED,Central,34.0515,-118.2592
2024-02-13 12:00:00,THEFT FROM MOTOR VEHICLE - GRAND ($950.01 AND OVER),Central,34.0459,-118.2579
2024-02-22 01:00:00,BURGLARY FROM VEHICLE,Central,34.043,-118.2571
2024-02-21 18:10:00,"THEFT-GRAND ($950.01 & OVER)EXCPT,GUNS,FOWL,LIVESTK,PROD",Central,34.0633,-118.2336
2024-02-19 20:20:00,"THEFT-GRAND ($950.01 & OVER)EXCPT,GUNS,FOWL,LIVESTK,PROD",Central,34.0483,-118.2631
2024-02-21 22:00:00,THEFT FROM MOTOR VEHICLE - PETTY ($950 & UNDER),Central,34.0626,-118.2445
2024-02-22 12:45:00,VEHICLE - STOLEN,Central,34.0535,-118.2491
2024-02-18 01:00:00,PICKPOCKET,Central,34.0417,-118.2584
2024-02-14 13:00:00,BATTERY - SIMPLE ASSAULT,Central,34.0446,-118.245
2024-02-12 14:30:00,CRIMINAL THREATS - NO WEAPON DISPLAYED,Central,34.0449,-118.2458
2024-02-22 16:40:00,"ASSAULT WITH DEADLY WEAPON, AGGRAVATED ASSAULT",Central,34.064,-118.2375
2024-02-21 18:30:00,"THEFT, PERSON",Central,34.0452,-118.2533
2024-02-22 11:45:00,ROBBERY,Central,34.0373,-118.2503
2024-02-22 11:00:00,BATTERY - SIMPLE ASSAULT,Central,34.0404,-118.2504
2024-02-22 13:30:00,ROBBERY,Central,34.0386,-118.2638
2024-02-15 11:18:00,THEFT PLAIN - PETTY ($950 & UNDER),Central,34.0423,-118.2595
2024-02-15 22:00:00,"THEFT-GRAND ($950.01 & OVER)EXCPT,GUNS,FOWL,LIVESTK,PROD",Central,34.0476,-118.2477
2024-02-10 01:10:00,"THEFT-GRAND ($950.01 & OVER)EXCPT,GUNS,FOWL,LIVESTK,PROD",Central,34.0445,-118.2523
2024-02-20 18:52:00,SHOPLIFTING - PETTY THEFT ($950 & UNDER),Central,34.0483,-118.2631
2024-02-22 10:00:00,BRANDISH WEAPON,Central,34.0481,-118.2507
2024-02-22 11:00:00,BRANDISH WEAPON,Central,34.0528,-118.2325
2024-02-22 14:40:00,BATTERY - SIMPLE ASSAULT,Central,34.0508,-118.2586
2024-02-21 13:35:00,"ASSAULT WITH DEADLY WEAPON, AGGRAVATED ASSAULT",Central,34.0471,-118.2491
2024-02-20 20:00:00,BURGLARY FROM VEHICLE,Central,34.0432,-118.2504
2024-02-07 10:15:00,"THEFT-GRAND ($950.01 & OVER)EXCPT,GUNS,FOWL,LIVESTK,PROD",Central,34.0467,-118.252
2024-02-15 19:45:00,BURGLARY FROM VEHICLE,Central,34.0637,-118.244
2024-02-21 08:00:00,THEFT PLAIN - PETTY ($950 & UNDER),Central,34.0569,-118.254
2024-02-22 20:10:00,BURGLARY FROM VEHICLE,Central,34.048,-118.2577
2024-02-21 07:44:00,"THEFT-GRAND ($950.01 & OVER)EXCPT,GUNS,FOWL,LIVESTK,PROD",Central,34.0446,-118.249
2024-02-22 15:00:00,BURGLARY FROM VEHICLE,Central,34.048,-118.2438
2024-02-22 13:22:00,SHOPLIFTING - PETTY THEFT ($950 & UNDER),Central,34.0483,-118.2631
2024-02-22 14:10:00,SHOPLIFTING - PETTY THEFT ($950 & UNDER),Central,34.0483,-118.2631
2024-02-22 20:20:00,TRESPASSING,Central,34.0635,-118.2357
2024-02-23 00:35:00,BATTERY WITH SEXUAL CONTACT,Central,34.0473,-118.2566
2024-02-23 00:45:00,"ASSAULT WITH DEADLY WEAPON, AGGRAVATED ASSAULT",Central,34.0407,-118.2468
2024-02-21 23:00:00,BURGLARY,Central,34.0713,-118.2506
2024-02-22 17:45:00,CRIMINAL THREATS - NO WEAPON DISPLAYED,Central,34.0462,-118.2585
2024-02-21 17:30:00,BURGLARY,Central,34.0684,-118.2449
2024-02-23 03:50:00,"ASSAULT WITH DEADLY WEAPON, AGGRAVATED ASSAULT",Central,34.0412,-118.2436
2024-02-23 07:00:00,TRESPASSING,Central,34.0497,-118.2381
2024-02-21 15:45:00,BIKE - STOLEN,Central,34.0635,-118.2458
2024-02-22 20:00:00,"VANDALISM - FELONY ($400 & OVER, ALL CHURCH VANDALISMS)",Central,34.0649,-118.24
2024-02-22 13:00:00,"VANDALISM - FELONY ($400 & OVER, ALL CHURCH VANDALISMS)",Central,34.0396,-118.259
2024-02-23 07:00:00,BATTERY - SIMPLE ASSAULT,Central,34.0421,-118.2469
2024-02-22 08:00:00,BATTERY - SIMPLE ASSAULT,Central,34.0438,-118.2416
2024-02-22 23:55:00,THEFT PLAIN - PETTY ($950 & UNDER),Central,34.0445,-118.2558
2024-02-17 01:00:00,THEFT PLAIN - PETTY ($950 & UNDER),Central,34.046,-118.251
2024-02-15 00:30:00,PICKPOCKET,Central,34.0516,-118.2491
2024-02-22 19:00:00,VEHICLE - STOLEN,Central,34.0637,-118.244
2024-02-23 12:15:00,INTIMATE PARTNER - SIMPLE ASSAULT,Central,34.058,-118.241
2024-02-23 14:35:00,ROBBERY,Central,34.0561,-118.2375
2024-02-23 14:20:00,ROBBERY,Central,34.042,-118.2625
2024-02-23 00:01:00,THEFT FROM MOTOR VEHICLE - GRAND ($950.01 AND OVER),Central,34.0444,-118.2628
2024-02-11 18:00:00,"ASSAULT WITH DEADLY WEAPON, AGGRAVATED ASSAULT",Central,34.0449,-118.2415
2024-02-21 17:00:00,CHILD ABUSE (PHYSICAL) - SIMPLE ASSAULT,Central,34.0647,-118.2302
2024-02-23 16:20:00,"VANDALISM - FELONY ($400 & OVER, ALL CHURCH VANDALISMS)",Central,34.0515,-118.2424
2024-02-23 16:40:00,INTIMATE PARTNER - SIMPLE ASSAULT,Central,34.04,-118.2458
2024-02-23 15:15:00,TRESPASSING,Central,34.0549,-118.2511
2024-02-22 22:30:00,"THEFT-GRAND ($950.01 & OVER)EXCPT,GUNS,FOWL,LIVESTK,PROD",Central,34.045,-118.264
2024-02-16 12:30:00,BURGLARY FROM VEHICLE,Central,34.0459,-118.2579
2024-02-23 19:45:00,BURGLARY FROM VEHICLE,Central,34.0433,-118.2377
2024-02-22 22:00:00,BURGLARY FROM VEHICLE,Central,34.0607,-118.2494
2024-02-23 15:15:00,"THEFT-GRAND ($950.01 & OVER)EXCPT,GUNS,FOWL,LIVESTK,PROD",Central,34.0515,-118.2424
2024-02-23 17:35:00,CRIMINAL THREATS - NO WEAPON DISPLAYED,Central,34.051,-118.248
2024-02-23 17:00:00,BATTERY - SIMPLE ASSAULT,Central,34.0338,-118.2706
2024-02-22 10:15:00,BURGLARY FROM VEHICLE,Central,34.0439,-118.2479
2024-02-23 21:00:00,OTHER ASSAULT,Central,34.0469,-118.2381
2024-02-23 19:10:00,VEHICLE - STOLEN,Central,34.043,-118.2606
2024-02-23 19:40:00,SHOPLIFTING - PETTY THEFT ($950 & UNDER),Central,34.0483,-118.2631
2024-01-23 18:00:00,BURGLARY,Central,34.0615,-118.247
2024-02-23 23:20:00,TRESPASSING,Central,34.0549,-118.2511
2024-02-23 21:35:00,"VANDALISM - FELONY ($400 & OVER, ALL CHURCH VANDALISMS)",Central,34.0481,-118.2507
2024-02-23 21:30:00,BATTERY - SIMPLE ASSAULT,Central,34.0467,-118.2485
2024-02-23 22:30:00,BURGLARY FROM VEHICLE,Central,34.0619,-118.2369
2024-02-24 03:20:00,THEFT PLAIN - PETTY ($950 & UNDER),Central,34.0415,-118.2655
2024-02-23 22:30:00,ROBBERY,Central,34.0454,-118.2658
2024-02-21 10:00:00,VEHICLE - STOLEN,Central,34.0575,-118.2545
2024-02-23 14:00:00,"ASSAULT WITH DEADLY WEAPON, AGGRAVATED ASSAULT",Central,34.0423,-118.2453
2024-02-23 17:40:00,BATTERY - SIMPLE ASSAULT,Central,34.0409,-118.2574
2024-02-24 03:30:00,BURGLARY FROM VEHICLE,Central,34.0334,-118.2642
2024-02-24 09:00:00,THEFT FROM MOTOR VEHICLE - PETTY ($950 & UNDER),Central,34.0408,-118.2644
2024-02-24 11:00:00,VEHICLE - STOLEN,Central,34.0643,-118.2286
2024-02-23 04:00:00,VEHICLE - STOLEN,Central,34.0472,-118.2339
2024-02-23 23:00:00,BURGLARY FROM VEHICLE,Central,34.0545,-118.2534
2024-02-24 11:35:00,"ASSAULT WITH DEADLY WEAPON, AGGRAVATED ASSAULT",Central,34.0442,-118.2519
2024-02-24 10:00:00,VIOLATION OF COURT ORDER,Central,34.0628,-118.2286
2024-02-24 15:15:00,SHOPLIFTING - PETTY THEFT ($950 & UNDER),Central,34.0483,-118.2631
2024-02-24 16:40:00,TRESPASSING,Central,34.0524,-118.2467
2024-02-24 14:30:00,BATTERY - SIMPLE ASSAULT,Central,34.0635,-118.2357
2024-02-24 15:45:00,THEFT FROM MOTOR VEHICLE - GRAND ($950.01 AND OVER),Central,34.0653,-118.2412
2024-02-24 08:10:00,VIOLATION OF RESTRAINING ORDER,Central,34.0535,-118.256
2024-02-23 22:00:00,BURGLARY FROM VEHICLE,Central,34.0419,-118.2669
2024-02-24 17:45:00,ROBBERY,Central,34.048,-118.2542
2024-02-24 20:00:00,"THEFT-GRAND ($950.01 & OVER)EXCPT,GUNS,FOWL,LIVESTK,PROD",Central,34.0498,-118.24
2024-02-24 12:00:00,BURGLARY,Central,34.0452,-118.2533
2024-02-24 22:00:00,BURGLARY FROM VEHICLE,Central,34.0439,-118.2479
2024-02-24 19:40:00,"ASSAULT WITH DEADLY WEAPON, AGGRAVATED ASSAULT",Central,34.0335,-118.2619
2024-02-24 13:00:00,CRIMINAL THREATS - NO WEAPON DISPLAYED,Central,34.0466,-118.252
2024-02-25 02:00:00,"VANDALISM - FELONY ($400 & OVER, ALL CHURCH VANDALISMS)",Central,34.0401,-118.2669
2024-02-24 23:45:00,PICKPOCKET,Central,34.0459,-118.2669
2024-02-24 15:45:00,THEFT FROM MOTOR VEHICLE - GRAND ($950.01 AND OVER),Central,34.0649,-118.24
2024-02-20 22:00:00,SHOPLIFTING - PETTY THEFT ($950 & UNDER),Central,34.0483,-118.2631
2024-02-24 01:30:00,THEFT PLAIN - PETTY ($950 & UNDER),Central,34.0495,-118.2459
2024-02-24 20:35:00,SHOPLIFTING - PETTY THEFT ($950 & UNDER),Central,34.0483,-118.2631
2024-02-16 16:00:00,ROBBERY,Central,34.0446,-118.2507
2024-02-24 15:10:00,VEHICLE - STOLEN,Central,34.0423,-118.2595
2024-02-25 08:20:00,TRESPASSING,Central,34.0524,-118.2467
2024-02-25 06:40:00,TRESPASSING,Central,34.0492,-118.2391
2024-02-25 06:30:00,BURGLARY,Central,34.0327,-118.2647
2024-02-24 17:00:00,VEHICLE - STOLEN,Central,34.0445,-118.2558
2024-02-24 22:00:00,THEFT FROM MOTOR VEHICLE - PETTY ($950 & UNDER),Central,34.0663,-118.2442
2024-02-23 19:30:00,BURGLARY FROM VEHICLE,Central,34.0451,-118.2701
2024-02-25 00:30:00,"VANDALISM - FELONY ($400 & OVER, ALL CHURCH VANDALISMS)",Central,34.0457,-118.2665
2024-02-24 23:30:00,BURGLARY FROM VEHICLE,Central,34.043,-118.242
2024-02-25 03:28:00,BURGLARY FROM VEHICLE,Central,34.0406,-118.268
2024-02-23 12:45:00,"THEFT-GRAND ($950.01 & OVER)EXCPT,GUNS,FOWL,LIVESTK,PROD",Central,34.0405,-118.2604
2024-02-24 21:00:00,THEFT FROM MOTOR VEHICLE - GRAND ($950.01 AND OVER),Central,34.0409,-118.2574
2024-02-25 13:30:00,"THEFT-GRAND ($950.01 & OVER)EXCPT,GUNS,FOWL,LIVESTK,PROD",Central,34.0431,-118.2692
2024-02-23 11:35:00,THEFT OF IDENTITY,Central,34.0473,-118.2601
2024-02-24 20:22:00,THEFT PLAIN - PETTY ($950 & UNDER),Central,34.0573,-118.2474
2024-02-16 23:00:00,PICKPOCKET,Central,34.0456,-118.2504
2024-02-25 20:00:00,BRANDISH WEAPON,Central,34.0452,-118.2533
2024-02-24 23:00:00,"ASSAULT WITH DEADLY WEAPON, AGGRAVATED ASSAULT",Central,34.0381,-118.2401
2024-02-24 14:00:00,BURGLARY,Central,34.0599,-118.2426
2024-02-20 11:00:00,THEFT FROM MOTOR VEHICLE - GRAND ($950.01 AND OVER),Central,34.0423,-118.263
2024-02-25 13:45:00,BRANDISH WEAPON,Central,34.048,-118.2577
2024-02-25 15:45:00,BATTERY - SIMPLE ASSAULT,Central,34.0395,-118.2405
2024-02-24 18:00:00,BATTERY - SIMPLE ASSAULT,Central,34.046,-118.251
2024-02-25 00:10:00,TRESPASSING,Central,34.0515,-118.2424
2024-02-25 11:40:00,BATTERY - SIMPLE ASSAULT,Central,34.0423,-118.2453
2024-02-25 15:00:00,SODOMY/SEXUAL CONTACT B/W PENIS OF ONE PERS TO ANUS OTH,Central,34.0487,-118.2627
2024-02-25 14:00:00,CRIMINAL THREATS - NO WEAPON DISPLAYED,Central,34.0459,-118.2545
2024-02-25 22:40:00,"ASSAULT WITH DEADLY WEAPON, AGGRAVATED ASSAULT",Central,34.0561,-118.2375
2024-02-25 10:00:00,SHOPLIFTING - PETTY THEFT ($950 & UNDER),Central,34.048,-118.2577
2024-02-25 14:20:00,TRESPASSING,Central,34.0492,-118.2391
2024-02-25 12:00:00,SHOPLIFTING - PETTY THEFT ($950 & UNDER),Central,34.0483,-118.2631
2024-02-25 13:10:00,SHOPLIFTING - PETTY THEFT ($950 & UNDER),Central,34.0483,-118.2631
2024-02-25 22:30:00,CRIMINAL THREATS - NO WEAPON DISPLAYED,Central,34.0628,-118.2286
2024-02-24 15:15:00,BATTERY - SIMPLE ASSAULT,Central,34.0363,-118.2573
2024-02-25 12:40:00,SHOPLIFTING - PETTY THEFT ($950 & UNDER),Central,34.0483,-118.2631
2024-02-24 11:45:00,VANDALISM - MISDEAMEANOR ($399 OR UNDER),Central,34.0547,-118.2335
2024-02-26 05:00:00,ROBBERY,Central,34.0396,-118.259
2024-02-25 11:09:00,BATTERY - SIMPLE ASSAULT,Central,34.0647,-118.2302
2024-02-24 23:00:00,VEHICLE - STOLEN,Central,34.0537,-118.2523
2024-02-25 06:45:00,CRIMINAL THREATS - NO WEAPON DISPLAYED,Central,34.0561,-118.2375
2024-02-24 11:00:00,THEFT PLAIN - PETTY ($950 & UNDER),Central,34.0445,-118.2558
2024-02-26 09:55:00,BATTERY - SIMPLE ASSAULT,Central,34.0449,-118.2458
2024-02-26 11:40:00,VEHICLE - STOLEN,Central,34.0349,-118.263
2024-02-25 14:00:00,THEFT FROM MOTOR VEHICLE - PETTY ($950 & UNDER),Central,34.0717,-118.2493
2024-02-25 08:00:00,VEHICLE - STOLEN,Central,34.0635,-118.2426
2024-02-25 01:10:00,THEFT PLAIN - PETTY ($950 & UNDER),Central,34.0423,-118.2561
2024-02-25 21:15:00,"VANDALISM - FELONY ($400 & OVER, ALL CHURCH VANDALISMS)",Central,34.0412,-118.2331
2024-02-26 17:20:00,"VEHICLE, STOLEN - OTHER (MOTORIZED SCOOTERS, BIKES, ETC)",Central,34.0483,-118.2631
2024-02-24 19:50:00,"THEFT, PERSON",Central,34.0452,-118.2569
2024-02-26 13:30:00,"BURGLARY, ATTEMPTED",Central,34.0415,-118.2655
2024-02-26 05:30:00,TRESPASSING,Central,34.0488,-118.25
2024-02-26 10:15:00,"VANDALISM - FELONY ($400 & OVER, ALL CHURCH VANDALISMS)",Central,34.0486,-118.2571
2024-02-25 22:00:00,CHILD ABUSE (PHYSICAL) - SIMPLE ASSAULT,Central,34.0615,-118.247
2024-02-25 21:00:00,THEFT FROM MOTOR VEHICLE - PETTY ($950 & UNDER),Central,34.0649,-118.24
2024-02-26 15:50:00,SHOPLIFTING-GRAND THEFT ($950.01 & OVER),Central,34.048,-118.2577
2024-02-26 23:55:00,FAILURE TO YIELD,Central,34.0329,-118.2631
2024-02-25 12:46:00,BATTERY - SIMPLE ASSAULT,Central,34.0516,-118.2491
2024-02-26 11:30:00,"VANDALISM - FELONY ($400 & OVER, ALL CHURCH VANDALISMS)",Central,34.0462,-118.2585
2024-02-06 13:15:00,THEFT PLAIN - PETTY ($950 & UNDER),Central,34.0503,-118.247
2024-02-23 20:00:00,BURGLARY FROM VEHICLE,Central,34.0442,-118.2681
2024-02-24 02:30:00,BURGLARY FROM VEHICLE,Central,34.0342,-118.2636
2024-02-24 21:30:00,BURGLARY FROM VEHICLE,Central,34.0509,-118.2316
2024-02-19 21:40:00,BIKE - STOLEN,Central,34.0663,-118.2442
2024-02-26 00:25:00,PICKPOCKET,Central,34.0573,-118.2474
2024-02-26 18:00:00,VEHICLE - STOLEN,Central,34.0627,-118.2463
2024-02-26 15:00:00,THEFT FROM MOTOR VEHICLE - PETTY ($950 & UNDER),Central,34.0649,-118.24
2024-02-26 15:06:00,SHOPLIFTING - PETTY THEFT ($950 & UNDER),Central,34.0483,-118.2631
2024-02-26 15:30:00,ARSON,Central,34.0446,-118.2507
2024-02-27 01:10:00,ROBBERY,Central,34.0516,-118.2491
2024-02-26 21:40:00,ARSON,Central,34.0453,-118.2499
2024-02-27 08:45:00,OTHER ASSAULT,Central,34.0435,-118.2427
2024-02-26 12:15:00,SHOPLIFTING - PETTY THEFT ($950 & UNDER),Central,34.0483,-118.2631
2024-02-01 12:00:00,INDECENT EXPOSURE,Central,34.0488,-118.25
2024-02-26 07:30:00,TRESPASSING,Central,34.0515,-118.2424
2024-02-25 19:40:00,"VANDALISM - FELONY ($400 & OVER, ALL CHURCH VANDALISMS)",Central,34.0466,-118.2555
2024-02-21 16:00:00,"BUNCO, GRAND THEFT",Central,34.0519,-118.2506
2024-02-26 16:14:00,SHOPLIFTING - PETTY THEFT ($950 & UNDER),Central,34.0483,-118.2631
2024-02-23 06:52:00,SHOPLIFTING - PETTY THEFT ($950 & UNDER),Central,34.0415,-118.262
2024-02-27 09:50:00,ROBBERY,Central,34.0503,-118.2434
2024-02-26 18:00:00,BURGLARY FROM VEHICLE,Central,34.051,-118.2445
2024-02-26 21:30:00,VEHICLE - STOLEN,Central,34.0607,-118.2494
2024-02-26 22:40:00,ARSON,Central,34.0453,-118.2499
2024-02-26 17:20:00,BURGLARY FROM VEHICLE,Central,34.064,-118.2327
2024-02-27 14:00:00,BOMB SCARE,Central,34.0364,-118.2659
2024-02-27 16:00:00,"ASSAULT WITH DEADLY WEAPON, AGGRAVATED ASSAULT",Central,34.0525,-118.2432
2024-02-27 04:05:00,BURGLARY,Central,34.0619,-118.2369
2024-02-20 10:00:00,"THEFT-GRAND ($950.01 & OVER)EXCPT,GUNS,FOWL,LIVESTK,PROD",Central,34.0561,-118.2375
2024-02-22 15:00:00,VANDALISM - MISDEAMEANOR ($399 OR UNDER),Central,34.046,-118.251
2024-02-27 21:00:00,BRANDISH WEAPON,Central,34.0522,-118.2538
2024-02-27 17:18:00,DISCHARGE FIREARMS/SHOTS FIRED,Central,34.0502,-118.2575
2024-02-26 03:00:00,INTIMATE PARTNER - SIMPLE ASSAULT,Central,34.0408,-118.2644
2024-02-25 13:12:00,THEFT FROM MOTOR VEHICLE - GRAND ($950.01 AND OVER),Central,34.0566,-118.2531
2024-02-21 21:50:00,INTIMATE PARTNER - AGGRAVATED ASSAULT,Central,34.049,-118.2381
2024-02-10 23:25:00,BURGLARY FROM VEHICLE,Central,34.0488,-118.2518
2024-02-21 11:45:00,THEFT FROM MOTOR VEHICLE - GRAND ($950.01 AND OVER),Central,34.0401,-118.2504
2024-02-25 19:30:00,THEFT FROM MOTOR VEHICLE - PETTY ($950 & UNDER),Central,34.0737,-118.2504
2024-02-27 14:00:00,TRESPASSING,Central,34.0549,-118.2511
2024-02-27 16:40:00,TRESPASSING,Central,34.0549,-118.2511
2024-02-28 08:00:00,BRANDISH WEAPON,Central,34.0559,-118.232
2024-02-27 12:30:00,INTIMATE PARTNER - SIMPLE ASSAULT,Central,34.0437,-118.2455
2024-02-27 05:25:00,THEFT PLAIN - PETTY ($950 & UNDER),Central,34.0562,-118.2307
2024-02-28 11:00:00,THEFT PLAIN - PETTY ($950 & UNDER),Central,34.0437,-118.2455
2024-02-19 11:05:00,BURGLARY FROM VEHICLE,Central,34.0382,-118.2316
2024-02-27 19:00:00,BURGLARY FROM VEHICLE,Central,34.0469,-118.2645
2024-02-28 10:00:00,"ASSAULT WITH DEADLY WEAPON, AGGRAVATED ASSAULT",Central,34.0433,-118.2488
2024-02-28 11:15:00,BATTERY - SIMPLE ASSAULT,Central,34.0585,-118.2403
2024-02-28 21:30:00,CRUELTY TO ANIMALS,Central,34.0519,-118.2531
2024-02-27 18:50:00,BATTERY - SIMPLE ASSAULT,Central,34.0491,-118.2558
2024-02-27 21:45:00,VIOLATION OF COURT ORDER,Central,34.0414,-118.2399
2024-02-28 08:50:00,TRESPASSING,Central,34.0524,-118.2467
2024-02-27 15:05:00,TRESPASSING,Central,34.0549,-118.2511
2024-02-27 13:10:00,VANDALISM - MISDEAMEANOR ($399 OR UNDER),Central,34.0467,-118.2485
2024-02-27 17:00:00,SHOPLIFTING - PETTY THEFT ($950 & UNDER),Central,34.0483,-118.2631
2024-02-23 17:38:00,"THEFT-GRAND ($950.01 & OVER)EXCPT,GUNS,FOWL,LIVESTK,PROD",Central,34.0459,-118.2352
2024-02-28 08:15:00,TRESPASSING,Central,34.043,-118.2641
2024-02-28 00:45:00,INTIMATE PARTNER - SIMPLE ASSAULT,Central,34.0462,-118.2585
2024-02-25 00:20:00,"VANDALISM - FELONY ($400 & OVER, ALL CHURCH VANDALISMS)",Central,34.0537,-118.2523
2024-02-27 15:45:00,"THEFT-GRAND ($950.01 & OVER)EXCPT,GUNS,FOWL,LIVESTK,PROD",Central,34.0488,-118.2518
2024-02-26 15:00:00,THEFT FROM MOTOR VEHICLE - GRAND ($950.01 AND OVER),Central,34.0425,-118.2493
2024-02-23 21:00:00,"THEFT-GRAND ($950.01 & OVER)EXCPT,GUNS,FOWL,LIVESTK,PROD",Central,34.0473,-118.2566
2024-02-27 20:15:00,BURGLARY FROM VEHICLE,Central,34.0461,-118.2395
2024-02-24 01:05:00,"THEFT-GRAND ($950.01 & OVER)EXCPT,GUNS,FOWL,LIVESTK,PROD",Central,34.0475,-118.239
2024-02-25 07:00:00,"VANDALISM - FELONY ($400 & OVER, ALL CHURCH VANDALISMS)",Central,34.0532,-118.2425
2024-02-27 20:15:00,THEFT FROM MOTOR VEHICLE - GRAND ($950.01 AND OVER),Central,34.048,-118.2577
2024-02-25 15:45:00,THEFT PLAIN - PETTY ($950 & UNDER),Central,34.0351,-118.2614
2024-02-24 22:00:00,"VANDALISM - FELONY ($400 & OVER, ALL CHURCH VANDALISMS)",Central,34.051,-118.2445
2024-02-27 14:15:00,SHOPLIFTING - PETTY THEFT ($950 & UNDER),Central,34.0483,-118.2631
2024-02-23 20:04:00,SHOPLIFTING - PETTY THEFT ($950 & UNDER),Central,34.0483,-118.2631
2024-02-27 11:45:00,SHOPLIFTING - PETTY THEFT ($950 & UNDER),Central,34.0483,-118.2631
2024-02-26 16:39:00,SHOPLIFTING - PETTY THEFT ($950 & UNDER),Central,34.0483,-118.2631
2024-02-27 22:45:00,SHOPLIFTING - PETTY THEFT ($950 & UNDER),Central,34.0483,-118.2631
2024-02-25 23:00:00,"VANDALISM - FELONY ($400 & OVER, ALL CHURCH VANDALISMS)",Central,34.0607,-118.2494
2024-02-24 22:00:00,INTIMATE PARTNER - AGGRAVATED ASSAULT,Central,34.0607,-118.2494
2024-02-28 10:00:00,THEFT FROM MOTOR VEHICLE - PETTY ($950 & UNDER),Central,34.0425,-118.2493
2024-02-28 14:45:00,"VANDALISM - FELONY ($400 & OVER, ALL CHURCH VANDALISMS)",Central,34.0453,-118.2499
2024-02-28 14:30:00,BATTERY - SIMPLE ASSAULT,Central,34.0453,-118.2499
2024-02-26 12:00:00,"ASSAULT WITH DEADLY WEAPON, AGGRAVATED ASSAULT",Central,34.0423,-118.2561
2024-02-28 19:50:00,SHOPLIFTING - PETTY THEFT ($950 & UNDER),Central,34.048,-118.2577
2024-02-27 17:30:00,BURGLARY FROM VEHICLE,Central,34.0453,-118.249
2024-02-28 16:20:00,BATTERY - SIMPLE ASSAULT,Central,34.0561,-118.2375
2024-02-27 18:30:00,BURGLARY,Central,34.0506,-118.2371
2024-02-18 18:00:00,BURGLARY FROM VEHICLE,Central,34.0644,-118.2387
2024-02-28 16:10:00,"VANDALISM - FELONY ($400 & OVER, ALL CHURCH VANDALISMS)",Central,34.0603,-118.2366
2024-02-27 15:30:00,"THEFT-GRAND ($950.01 & OVER)EXCPT,GUNS,FOWL,LIVESTK,PROD",Central,34.0401,-118.2533
2024-02-25 14:30:00,BATTERY - SIMPLE ASSAULT,Central,34.0495,-118.2528
2024-02-28 17:40:00,ATTEMPTED ROBBERY,Central,34.0467,-118.2411
2024-02-28 00:01:00,TRESPASSING,Central,34.0442,-118.2439
2024-02-29 00:01:00,VEHICLE - STOLEN,Central,34.0558,-118.2436
2024-02-29 02:00:00,"ASSAULT WITH DEADLY WEAPON, AGGRAVATED ASSAULT",Central,34.0644,-118.2387
2024-02-29 02:40:00,VANDALISM - MISDEAMEANOR ($399 OR UNDER),Central,34.0453,-118.2499
2024-02-29 04:45:00,"RAPE, FORCIBLE",Central,34.0569,-118.254
2024-02-28 22:30:00,BATTERY WITH SEXUAL CONTACT,Central,34.0435,-118.2471
2024-02-27 08:00:00,"VANDALISM - FELONY ($400 & OVER, ALL CHURCH VANDALISMS)",Central,34.0542,-118.2415
2024-02-27 16:00:00,BURGLARY FROM VEHICLE,Central,34.0362,-118.2325
2024-02-26 19:05:00,BURGLARY FROM VEHICLE,Central,34.0367,-118.2344
2024-02-08 17:40:00,"VANDALISM - FELONY ($400 & OVER, ALL CHURCH VANDALISMS)",Central,34.0423,-118.2561
2024-02-28 16:19:00,SHOPLIFTING - PETTY THEFT ($950 & UNDER),Central,34.0483,-118.2631
2024-02-28 20:31:00,SHOPLIFTING - PETTY THEFT ($950 & UNDER),Central,34.0483,-118.2631
2024-02-29 13:25:00,INDECENT EXPOSURE,Central,34.0532,-118.2425
2024-02-01 19:30:00,THEFT PLAIN - PETTY ($950 & UNDER),Central,34.0502,-118.2539
2024-02-25 19:15:00,"THEFT-GRAND ($950.01 & OVER)EXCPT,GUNS,FOWL,LIVESTK,PROD",Central,34.0606,-118.2439
2024-02-24 13:00:00,"THEFT-GRAND ($950.01 & OVER)EXCPT,GUNS,FOWL,LIVESTK,PROD",Central,34.0491,-118.2558
2024-02-25 02:35:00,"VANDALISM - FELONY ($400 & OVER, ALL CHURCH VANDALISMS)",Central,34.0466,-118.252
2024-02-25 23:41:00,BATTERY - SIMPLE ASSAULT,Central,34.0454,-118.2658
2024-02-29 11:35:00,"ASSAULT WITH DEADLY WEAPON, AGGRAVATED ASSAULT",Central,34.0408,-118.2428
2024-02-29 13:10:00,THEFT PLAIN - PETTY ($950 & UNDER),Central,34.0628,-118.2396
2024-02-29 17:40:00,VEHICLE - STOLEN,Central,34.048,-118.2542
2024-02-29 14:30:00,BATTERY - SIMPLE ASSAULT,Central,34.0416,-118.244
2024-02-29 16:00:00,"VEHICLE, STOLEN - OTHER (MOTORIZED SCOOTERS, BIKES, ETC)",Central,34.0503,-118.2434
2024-02-29 15:00:00,"ASSAULT WITH DEADLY WEAPON, AGGRAVATED ASSAULT",Central,34.0416,-118.244
2024-02-26 17:00:00,BURGLARY,Central,34.0467,-118.2485
2024-02-24 11:00:00,THEFT PLAIN - PETTY ($950 & UNDER),Central,34.0359,-118.2648
2024-02-29 16:23:00,SHOPLIFTING - PETTY THEFT ($950 & UNDER),Central,34.0466,-118.252
2024-02-29 17:14:00,SHOPLIFTING - PETTY THEFT ($950 & UNDER),Central,34.0452,-118.2533
2024-02-29 15:30:00,"THEFT-GRAND ($950.01 & OVER)EXCPT,GUNS,FOWL,LIVESTK,PROD",Central,34.048,-118.2577
2024-02-29 19:14:00,SHOPLIFTING - PETTY THEFT ($950 & UNDER),Central,34.0466,-118.252
2024-02-29 16:25:00,SHOPLIFTING - PETTY THEFT ($950 & UNDER),Central,34.0483,-118.2631
2024-02-29 17:50:00,"ASSAULT WITH DEADLY WEAPON, AGGRAVATED ASSAULT",Central,34.043,-118.2606
2024-02-28 20:00:00,THEFT FROM MOTOR VEHICLE - PETTY ($950 & UNDER),Central,34.0442,-118.2681
2024-02-29 21:30:00,BURGLARY FROM VEHICLE,Central,34.048,-118.2577
2024-02-29 17:00:00,BURGLARY FROM VEHICLE,Central,34.0452,-118.2569
2024-02-28 18:30:00,BURGLARY FROM VEHICLE,Central,34.038,-118.2345
2024-02-29 23:45:00,ROBBERY,Central,34.0457,-118.2665
2024-02-29 14:30:00,TRESPASSING,Central,34.0524,-118.2467
2024-02-29 12:25:00,TRESPASSING,Central,34.0488,-118.2518
2024-02-29 12:15:00,TRESPASSING,Central,34.0488,-118.2518
2024-02-29 01:40:00,BURGLARY,Central,34.0491,-118.2558
2024-03-01 01:50:00,VEHICLE - STOLEN,Central,34.0581,-118.2371
2024-02-29 22:30:00,ROBBERY,Central,34.0466,-118.2555
2024-02-29 19:50:00,"ASSAULT WITH DEADLY WEAPON, AGGRAVATED ASSAULT",Central,34.0561,-118.2375
2024-02-27 16:30:00,THEFT FROM MOTOR VEHICLE - PETTY ($950 & UNDER),Central,34.0407,-118.2541
2024-02-28 22:35:00,ROBBERY,Central,34.0438,-118.2416
2024-03-01 04:30:00,INTIMATE PARTNER - SIMPLE ASSAULT,Central,34.039,-118.24
2024-02-29 17:20:00,SHOPLIFTING - PETTY THEFT ($950 & UNDER),Central,34.0483,-118.2631
2024-02-29 16:00:00,BURGLARY FROM VEHICLE,Central,34.042,-118.2625
2024-02-29 21:30:00,FAILURE TO YIELD,Central,34.042,-118.2625
2024-02-28 08:00:00,BIKE - STOLEN,Central,34.0569,-118.254
2024-02-02 19:19:00,VANDALISM - MISDEAMEANOR ($399 OR UNDER),Central,34.0466,-118.2555
2024-02-29 19:30:00,"VANDALISM - FELONY ($400 & OVER, ALL CHURCH VANDALISMS)",Central,34.0382,-118.2603
2024-02-11 12:00:00,INTIMATE PARTNER - AGGRAVATED ASSAULT,Central,34.0338,-118.2706
2024-02-03 23:00:00,VEHICLE - STOLEN,Central,34.0487,-118.2627
2024-02-28 18:00:00,VEHICLE - STOLEN,Central,34.0395,-118.2657
2024-02-29 22:40:00,VEHICLE - STOLEN,Central,34.0408,-118.2644
2024-02-22 03:00:00,"VEHICLE, STOLEN - OTHER (MOTORIZED SCOOTERS, BIKES, ETC)",Central,34.0462,-118.2371
2024-02-22 03:00:00,VEHICLE - STOLEN,Central,34.0462,-118.2371
2024-03-01 18:00:00,VEHICLE - STOLEN,Central,34.0443,-118.2364
2024-03-01 18:45:00,BURGLARY,Central,34.0612,-118.2417
2024-03-01 13:00:00,BIKE - STOLEN,Central,34.054,-118.2452
2024-02-27 19:00:00,BURGLARY FROM VEHICLE,Central,34.0402,-118.2598
2024-02-29 23:00:00,BURGLARY FROM VEHICLE,Central,34.0487,-118.2588
2024-02-29 13:00:00,BURGLARY FROM VEHICLE,Central,34.048,-118.2542
2024-02-28 00:01:00,THEFT FROM MOTOR VEHICLE - PETTY ($950 & UNDER),Central,34.0615,-118.247
2024-02-27 13:28:00,THEFT PLAIN - PETTY ($950 & UNDER),Central,34.0557,-118.2488
2024-02-23 18:00:00,ROBBERY,Central,34.0423,-118.2453
2024-02-28 17:00:00,"ASSAULT WITH DEADLY WEAPON, AGGRAVATED ASSAULT",Central,34.0442,-118.2439
2024-03-01 15:45:00,"ASSAULT WITH DEADLY WEAPON, AGGRAVATED ASSAULT",Central,34.0541,-118.2417
2024-03-01 13:00:00,"THEFT-GRAND ($950.01 & OVER)EXCPT,GUNS,FOWL,LIVESTK,PROD",Central,34.0495,-118.2528
2024-03-01 13:45:00,THEFT PLAIN - PETTY ($950 & UNDER),Central,34.0561,-118.2375
2024-03-01 00:01:00,BURGLARY FROM VEHICLE,Central,34.0509,-118.2515
2024-03-01 09:00:00,BATTERY - SIMPLE ASSAULT,Central,34.0442,-118.2439
2024-03-01 18:00:00,VEHICLE - ATTEMPT STOLEN,Central,34.0504,-118.2409
2024-03-01 11:20:00,BATTERY - SIMPLE ASSAULT,Central,34.0508,-118.2586
2024-02-29 18:40:00,"BUNCO, PETTY THEFT",Central,34.0431,-118.2692
2024-02-13 12:00:00,THEFT PLAIN - PETTY ($950 & UNDER),Central,34.0478,-118.2484
2024-03-01 13:05:00,SHOPLIFTING - PETTY THEFT ($950 & UNDER),Central,34.0483,-118.2631
2024-02-29 19:30:00,BATTERY - SIMPLE ASSAULT,Central,34.048,-118.2577
2024-02-29 00:01:00,EXTORTION,Central,34.0421,-118.2469
2024-02-29 22:00:00,"THEFT-GRAND ($950.01 & OVER)EXCPT,GUNS,FOWL,LIVESTK,PROD",Central,34.0467,-118.2485
2024-03-01 18:32:00,SHOPLIFTING - PETTY THEFT ($950 & UNDER),Central,34.0483,-118.2631
2024-03-01 15:55:00,SHOPLIFTING - PETTY THEFT ($950 & UNDER),Central,34.0483,-118.2631
2024-03-01 13:08:00,SHOPLIFTING - PETTY THEFT ($950 & UNDER),Central,34.0483,-118.2631
2024-03-01 08:00:00,VEHICLE - STOLEN,Central,34.0461,-118.2674
2024-02-29 19:00:00,VEHICLE - STOLEN,Central,34.0408,-118.2428
2024-03-01 12:00:00,SHOPLIFTING - PETTY THEFT ($950 & UNDER),Central,34.0483,-118.2631
2024-02-28 13:00:00,VEHICLE - STOLEN,Central,34.044,-118.2676
2024-03-01 14:11:00,SHOPLIFTING - PETTY THEFT ($950 & UNDER),Central,34.0483,-118.2631
2024-03-01 14:38:00,VEHICLE - STOLEN,Central,34.0358,-118.2594
2024-03-01 15:47:00,SHOPLIFTING - PETTY THEFT ($950 & UNDER),Central,34.0483,-118.2631
2024-03-01 18:10:00,SHOPLIFTING - PETTY THEFT ($950 & UNDER),Central,34.0483,-118.2631
2024-02-28 14:30:00,"ASSAULT WITH DEADLY WEAPON, AGGRAVATED ASSAULT",Central,34.0432,-118.2504
2024-02-27 16:00:00,SHOPLIFTING - PETTY THEFT ($950 & UNDER),Central,34.0483,-118.2631
2024-03-01 10:45:00,TRESPASSING,Central,34.0549,-118.2511
2024-03-01 19:40:00,SHOPLIFTING - PETTY THEFT ($950 & UNDER),Central,34.048,-118.2577
2024-03-01 16:30:00,"LETTERS, LEWD  -  TELEPHONE CALLS, LEWD",Central,34.0474,-118.2496
2024-03-01 21:30:00,BURGLARY FROM VEHICLE,Central,34.0446,-118.249
2024-03-02 00:45:00,ROBBERY,Central,34.0431,-118.2692
2024-03-01 23:40:00,TRESPASSING,Central,34.0549,-118.2511
2024-03-01 17:00:00,SHOPLIFTING - PETTY THEFT ($950 & UNDER),Central,34.0494,-118.2599
2024-03-01 16:00:00,SHOPLIFTING - PETTY THEFT ($950 & UNDER),Central,34.0494,-118.2599
2024-02-29 14:40:00,ROBBERY,Central,34.0476,-118.2477
2024-02-26 14:00:00,ATTEMPTED ROBBERY,Central,34.0615,-118.2412
2024-02-22 16:00:00,THEFT FROM MOTOR VEHICLE - PETTY ($950 & UNDER),Central,34.0626,-118.244
2024-03-01 21:00:00,BURGLARY FROM VEHICLE,Central,34.0384,-118.2571
2024-03-01 21:00:00,BURGLARY FROM VEHICLE,Central,34.0417,-118.2398
2024-02-23 15:30:00,VANDALISM - MISDEAMEANOR ($399 OR UNDER),Central,34.0539,-118.2436
2024-03-02 10:52:00,SHOPLIFTING - PETTY THEFT ($950 & UNDER),Central,34.0483,-118.2631
2024-03-01 23:30:00,"THEFT-GRAND ($950.01 & OVER)EXCPT,GUNS,FOWL,LIVESTK,PROD",Central,34.0453,-118.249
2024-03-02 14:30:00,ARSON,Central,34.0502,-118.2539
2024-03-02 09:50:00,THEFT FROM MOTOR VEHICLE - GRAND ($950.01 AND OVER),Central,34.0466,-118.2555
2024-02-28 18:00:00,BURGLARY FROM VEHICLE,Central,34.0495,-118.2459
2024-02-14 07:00:00,THEFT FROM MOTOR VEHICLE - PETTY ($950 & UNDER),Central,34.0401,-118.2504
2024-03-02 12:30:00,BURGLARY FROM VEHICLE,Central,34.0364,-118.2707
2024-02-22 11:30:00,BURGLARY FROM VEHICLE,Central,34.0431,-118.2692
2024-03-02 17:00:00,"ASSAULT WITH DEADLY WEAPON, AGGRAVATED ASSAULT",Central,34.043,-118.242
2024-03-02 07:45:00,THEFT PLAIN - PETTY ($950 & UNDER),Central,34.0442,-118.2439
2024-02-23 17:00:00,"VANDALISM - FELONY ($400 & OVER, ALL CHURCH VANDALISMS)",Central,34.0532,-118.2425
2024-03-02 15:20:00,BATTERY WITH SEXUAL CONTACT,Central,34.0449,-118.2458
2024-03-02 17:45:00,VEHICLE - STOLEN,Central,34.0452,-118.2569
2024-03-02 06:40:00,"THEFT, PERSON",Central,34.0417,-118.2444
2024-03-02 21:15:00,BATTERY - SIMPLE ASSAULT,Central,34.0391,-118.269
2024-03-02 19:05:00,"VANDALISM - FELONY ($400 & OVER, ALL CHURCH VANDALISMS)",Central,34.0467,-118.2485
2024-03-02 05:30:00,INTIMATE PARTNER - SIMPLE ASSAULT,Central,34.0585,-118.2403
2024-03-01 17:00:00,INTIMATE PARTNER - SIMPLE ASSAULT,Central,34.0485,-118.2326
2024-03-02 15:30:00,TRESPASSING,Central,34.0549,-118.2511
2024-03-02 20:00:00,"ASSAULT WITH DEADLY WEAPON, AGGRAVATED ASSAULT",Central,34.0347,-118.2646
2024-03-02 22:02:00,VEHICLE - STOLEN,Central,34.0519,-118.2531
2024-03-02 14:00:00,SHOPLIFTING - PETTY THEFT ($950 & UNDER),Central,34.0483,-118.2631
2024-03-01 20:30:00,BATTERY - SIMPLE ASSAULT,Central,34.0437,-118.263
2024-03-02 13:30:00,THEFT FROM MOTOR VEHICLE - PETTY ($950 & UNDER),Central,34.0437,-118.2617
2024-03-01 21:15:00,OTHER ASSAULT,Central,34.0414,-118.2399
2024-03-01 11:25:00,BATTERY - SIMPLE ASSAULT,Central,34.0515,-118.2424
2024-03-02 16:10:00,TRESPASSING,Central,34.0496,-118.2603
2024-03-03 07:27:00,BATTERY - SIMPLE ASSAULT,Central,34.0561,-118.2375
2024-03-03 05:45:00,BATTERY - SIMPLE ASSAULT,Central,34.0454,-118.2465
2024-03-02 02:00:00,ROBBERY,Central,34.046,-118.251
2024-03-02 22:43:00,BURGLARY FROM VEHICLE,Central,34.047,-118.2457
2024-03-02 22:25:00,"VANDALISM - FELONY ($400 & OVER, ALL CHURCH VANDALISMS)",Central,34.0452,-118.2569
2024-03-03 10:20:00,THEFT OF IDENTITY,Central,34.0566,-118.2531
2024-03-02 23:45:00,PICKPOCKET,Central,34.046,-118.2493
2024-02-21 00:22:00,THEFT PLAIN - PETTY ($950 & UNDER),Central,34.043,-118.2606
2024-03-02 21:48:00,PICKPOCKET,Central,34.0493,-118.2582
2024-02-23 20:52:00,SHOPLIFTING - PETTY THEFT ($950 & UNDER),Central,34.0483,-118.2631
2024-03-02 05:45:00,BURGLARY FROM VEHICLE,Central,34.0396,-118.259
2024-03-03 16:20:00,"THEFT-GRAND ($950.01 & OVER)EXCPT,GUNS,FOWL,LIVESTK,PROD",Central,34.0493,-118.2417
2024-03-01 13:27:00,SHOPLIFTING - PETTY THEFT ($950 & UNDER),Central,34.0452,-118.2533
2024-03-03 10:55:00,BURGLARY FROM VEHICLE,Central,34.0661,-118.2328
2024-02-22 22:00:00,BURGLARY FROM VEHICLE,Central,34.0402,-118.2349
2024-02-29 16:50:00,THEFT PLAIN - PETTY ($950 & UNDER),Central,34.0486,-118.2571
2024-03-02 14:05:00,"VANDALISM - FELONY ($400 & OVER, ALL CHURCH VANDALISMS)",Central,34.0517,-118.2474
2024-03-03 17:30:00,BATTERY - SIMPLE ASSAULT,Central,34.0495,-118.2459
2024-03-03 18:00:00,CRIMINAL THREATS - NO WEAPON DISPLAYED,Central,34.0466,-118.252
2024-03-02 22:00:00,CRIMINAL THREATS - NO WEAPON DISPLAYED,Central,34.0419,-118.2669
2024-03-03 11:20:00,VEHICLE - STOLEN,Central,34.048,-118.2577
2024-03-02 03:00:00,BURGLARY,Central,34.0474,-118.2496
2024-03-03 22:50:00,BRANDISH WEAPON,Central,34.0408,-118.2428
2024-03-03 13:00:00,BRANDISH WEAPON,Central,34.043,-118.242
2024-03-03 16:30:00,INTIMATE PARTNER - SIMPLE ASSAULT,Central,34.0466,-118.259
2024-03-02 22:30:00,VEHICLE - ATTEMPT STOLEN,Central,34.0541,-118.2417
2024-03-03 14:00:00,TRESPASSING,Central,34.0549,-118.2511
2024-03-03 07:45:00,TRESPASSING,Central,34.0547,-118.2335
2024-02-28 22:00:00,INTIMATE PARTNER - SIMPLE ASSAULT,Central,34.05,-118.2618
2024-03-03 08:00:00,BURGLARY,Central,34.0503,-118.2434
2024-03-03 23:09:00,OTHER MISCELLANEOUS CRIME,Central,34.0439,-118.2479
2024-02-14 02:39:00,BIKE - STOLEN,Central,34.0649,-118.24
2024-03-03 23:37:00,BURGLARY FROM VEHICLE,Central,34.0316,-118.2641
2024-03-03 07:25:00,TRESPASSING,Central,34.0547,-118.2335
2024-02-29 21:00:00,BURGLARY FROM VEHICLE,Central,34.0394,-118.2623
2024-03-02 15:10:00,"VANDALISM - FELONY ($400 & OVER, ALL CHURCH VANDALISMS)",Central,34.0549,-118.2426
2024-03-03 02:30:00,VEHICLE - STOLEN,Central,34.0462,-118.2585
2024-02-26 19:00:00,INTIMATE PARTNER - SIMPLE ASSAULT,Central,34.0408,-118.2644
2024-03-03 14:45:00,TRESPASSING,Central,34.0547,-118.2505
2024-03-03 09:00:00,"VANDALISM - FELONY ($400 & OVER, ALL CHURCH VANDALISMS)",Central,34.0408,-118.2644
2024-03-04 08:30:00,BATTERY - SIMPLE ASSAULT,Central,34.0508,-118.2586
2024-03-03 17:40:00,BATTERY - SIMPLE ASSAULT,Central,34.0398,-118.2413
2024-03-02 13:09:00,BURGLARY FROM VEHICLE,Central,34.0349,-118.263
2024-03-01 22:00:00,VANDALISM - MISDEAMEANOR ($399 OR UNDER),Central,34.0396,-118.259
2024-03-01 22:30:00,"VANDALISM - FELONY ($400 & OVER, ALL CHURCH VANDALISMS)",Central,34.0444,-118.2593
2024-03-03 15:55:00,BURGLARY FROM VEHICLE,Central,34.0461,-118.2475
2024-03-03 19:35:00,"VANDALISM - FELONY ($400 & OVER, ALL CHURCH VANDALISMS)",Central,34.0396,-118.259
2024-03-03 17:50:00,"VANDALISM - FELONY ($400 & OVER, ALL CHURCH VANDALISMS)",Central,34.0466,-118.2555
2024-03-02 17:00:00,"VANDALISM - FELONY ($400 & OVER, ALL CHURCH VANDALISMS)",Central,34.0466,-118.2555
2024-03-04 12:25:00,"ASSAULT WITH DEADLY WEAPON, AGGRAVATED ASSAULT",Central,34.0453,-118.2443
2024-03-04 07:15:00,BATTERY - SIMPLE ASSAULT,Central,34.046,-118.251
2024-03-03 23:17:00,THEFT PLAIN - PETTY ($950 & UNDER),Central,34.0449,-118.2458
2024-03-01 16:00:00,VANDALISM - MISDEAMEANOR ($399 OR UNDER),Central,34.0466,-118.2555
2024-03-04 08:00:00,OTHER MISCELLANEOUS CRIME,Central,34.0491,-118.2558
2024-02-08 09:00:00,DOCUMENT FORGERY / STOLEN FELONY,Central,34.0354,-118.2714
2024-03-03 15:15:00,SHOPLIFTING - PETTY THEFT ($950 & UNDER),Central,34.0483,-118.2631
2024-02-29 20:00:00,THEFT FROM MOTOR VEHICLE - GRAND ($950.01 AND OVER),Central,34.0519,-118.2531
2024-03-04 15:35:00,THEFT OF IDENTITY,Central,34.0437,-118.2455
2024-03-04 10:24:00,BATTERY - SIMPLE ASSAULT,Central,34.0615,-118.2412
2024-03-04 14:12:00,SHOPLIFTING - PETTY THEFT ($950 & UNDER),Central,34.0483,-118.2631
2024-03-01 16:30:00,BURGLARY FROM VEHICLE,Central,34.0423,-118.2595
2024-02-20 06:00:00,VANDALISM - MISDEAMEANOR ($399 OR UNDER),Central,34.057,-118.2437
2024-03-04 12:40:00,ATTEMPTED ROBBERY,Central,34.0604,-118.2393
2024-03-04 15:00:00,FAILURE TO YIELD,Central,34.0593,-118.2368
2024-03-02 14:00:00,ATTEMPTED ROBBERY,Central,34.0382,-118.2384
2024-03-04 09:30:00,INTIMATE PARTNER - SIMPLE ASSAULT,Central,34.0503,-118.2434
2024-03-04 15:10:00,ROBBERY,Central,34.0627,-118.2463
2024-03-02 20:20:00,THEFT FROM MOTOR VEHICLE - GRAND ($950.01 AND OVER),Central,34.0473,-118.2425
2024-03-04 21:30:00,"VANDALISM - FELONY ($400 & OVER, ALL CHURCH VANDALISMS)",Central,34.0494,-118.2599
2024-02-29 00:19:00,VANDALISM - MISDEAMEANOR ($399 OR UNDER),Central,34.0516,-118.2561
2024-03-04 12:00:00,VANDALISM - MISDEAMEANOR ($399 OR UNDER),Central,34.0572,-118.2481
2024-02-29 22:00:00,VANDALISM - MISDEAMEANOR ($399 OR UNDER),Central,34.0519,-118.2531
2024-02-26 19:00:00,BURGLARY FROM VEHICLE,Central,34.051,-118.2445
2024-03-04 19:15:00,VANDALISM - MISDEAMEANOR ($399 OR UNDER),Central,34.0542,-118.2415
2024-03-04 11:28:00,SHOPLIFTING - PETTY THEFT ($950 & UNDER),Central,34.0388,-118.2717
2024-03-04 09:15:00,CRIMINAL THREATS - NO WEAPON DISPLAYED,Central,34.0432,-118.2504
2024-03-04 09:40:00,BATTERY - SIMPLE ASSAULT,Central,34.0408,-118.2644
2024-03-04 15:00:00,BATTERY - SIMPLE ASSAULT,Central,34.0627,-118.2463
2024-03-04 21:30:00,BATTERY - SIMPLE ASSAULT,Central,34.0494,-118.2599
2024-03-04 16:05:00,SHOPLIFTING - PETTY THEFT ($950 & UNDER),Central,34.0483,-118.2631
2024-03-03 13:00:00,INTIMATE PARTNER - SIMPLE ASSAULT,Central,34.0378,-118.2561
2024-03-04 05:00:00,"RAPE, FORCIBLE",Central,34.0421,-118.2469
2024-03-04 16:00:00,SHOPLIFTING - PETTY THEFT ($950 & UNDER),Central,34.0483,-118.2631
2024-03-04 22:10:00,"VANDALISM - FELONY ($400 & OVER, ALL CHURCH VANDALISMS)",Central,34.0473,-118.2425
2024-02-21 11:15:00,"THEFT-GRAND ($950.01 & OVER)EXCPT,GUNS,FOWL,LIVESTK,PROD",Central,34.064,-118.2375
2024-03-04 12:30:00,SHOPLIFTING - PETTY THEFT ($950 & UNDER),Central,34.0483,-118.2631
2024-03-04 16:00:00,BATTERY - SIMPLE ASSAULT,Central,34.0467,-118.2485
2024-02-29 20:00:00,THEFT FROM MOTOR VEHICLE - PETTY ($950 & UNDER),Central,34.0437,-118.2455
2024-03-02 06:15:00,BURGLARY,Central,34.0472,-118.2326
2024-03-02 16:00:00,RESISTING ARREST,Central,34.0522,-118.2434
2024-03-05 04:00:00,TRESPASSING,Central,34.0431,-118.2692
2024-03-05 03:30:00,BATTERY - SIMPLE ASSAULT,Central,34.0508,-118.2586
2024-03-03 23:00:00,VEHICLE - STOLEN,Central,34.0401,-118.2533
2024-03-05 08:27:00,VEHICLE - STOLEN,Central,34.0524,-118.2467
2024-03-04 18:30:00,BURGLARY FROM VEHICLE,Central,34.0466,-118.259
2024-02-11 22:45:00,VANDALISM - MISDEAMEANOR ($399 OR UNDER),Central,34.0519,-118.2531
2024-02-24 20:30:00,VANDALISM - MISDEAMEANOR ($399 OR UNDER),Central,34.0516,-118.2561
2024-02-26 23:00:00,THEFT FROM MOTOR VEHICLE - GRAND ($950.01 AND OVER),Central,34.0416,-118.255
2024-03-05 10:30:00,BURGLARY FROM VEHICLE,Central,34.0601,-118.2502
2024-03-02 04:19:00,THEFT OF IDENTITY,Central,34.0519,-118.2531
2024-03-02 15:00:00,VANDALISM - MISDEAMEANOR ($399 OR UNDER),Central,34.0488,-118.2518
2024-03-04 14:55:00,BRANDISH WEAPON,Central,34.0615,-118.2412
2024-03-01 11:30:00,"THEFT-GRAND ($950.01 & OVER)EXCPT,GUNS,FOWL,LIVESTK,PROD",Central,34.0473,-118.2531
2024-03-05 09:50:00,VANDALISM - MISDEAMEANOR ($399 OR UNDER),Central,34.0519,-118.2531
2024-03-01 16:00:00,BURGLARY,Central,34.0467,-118.2485
2024-03-05 04:00:00,BURGLARY,Central,34.0502,-118.2504
2024-03-05 11:00:00,ARSON,Central,34.0502,-118.2539
2024-03-04 10:15:00,"ASSAULT WITH DEADLY WEAPON, AGGRAVATED ASSAULT",Central,34.0581,-118.2371
2024-02-19 19:00:00,BRANDISH WEAPON,Central,34.046,-118.2493
2024-03-05 05:30:00,VEHICLE - ATTEMPT STOLEN,Central,34.058,-118.241
2024-02-26 12:00:00,"BUNCO, GRAND THEFT",Central,34.0493,-118.2417
2024-03-05 09:00:00,BATTERY - SIMPLE ASSAULT,Central,34.042,-118.2625
2024-02-29 12:00:00,"THEFT-GRAND ($950.01 & OVER)EXCPT,GUNS,FOWL,LIVESTK,PROD",Central,34.0473,-118.2531
2024-03-05 09:00:00,INTIMATE PARTNER - AGGRAVATED ASSAULT,Central,34.0444,-118.2628
2024-03-04 13:35:00,THEFT PLAIN - PETTY ($950 & UNDER),Central,34.0473,-118.2601
2024-03-04 12:10:00,"LETTERS, LEWD  -  TELEPHONE CALLS, LEWD",Central,34.0461,-118.2395
2024-03-04 21:00:00,VEHICLE - STOLEN,Central,34.0472,-118.2326
2024-03-05 09:45:00,VEHICLE - STOLEN,Central,34.0455,-118.2381
2024-03-05 13:50:00,BURGLARY,Central,34.0561,-118.2375
2024-03-05 09:35:00,VEHICLE - STOLEN,Central,34.0519,-118.2531
2024-03-05 10:45:00,VEHICLE - STOLEN,Central,34.0495,-118.2528
2024-03-05 12:00:00,"ASSAULT WITH DEADLY WEAPON, AGGRAVATED ASSAULT",Central,34.043,-118.242
2024-03-05 12:00:00,BATTERY - SIMPLE ASSAULT,Central,34.043,-118.242
2024-03-05 13:45:00,THEFT PLAIN - PETTY ($950 & UNDER),Central,34.0394,-118.2496
2024-03-02 08:00:00,ORAL COPULATION,Central,34.0445,-118.2558
2024-03-06 04:00:00,INTIMATE PARTNER - SIMPLE ASSAULT,Central,34.0419,-118.2669
2024-03-05 19:44:00,SHOPLIFTING - PETTY THEFT ($950 & UNDER),Central,34.0452,-118.2533
2024-03-05 13:30:00,BURGLARY FROM VEHICLE,Central,34.0415,-118.262
2024-03-05 15:34:00,SHOPLIFTING - PETTY THEFT ($950 & UNDER),Central,34.0483,-118.2631
2024-03-05 17:00:00,BATTERY - SIMPLE ASSAULT,Central,34.0408,-118.2428
2024-03-01 22:00:00,BURGLARY FROM VEHICLE,Central,34.0647,-118.2302
2024-03-05 17:45:00,VEHICLE - STOLEN,Central,34.0459,-118.2669
2024-03-04 13:41:00,THEFT PLAIN - PETTY ($950 & UNDER),Central,34.0607,-118.2494
2024-03-05 14:30:00,RESISTING ARREST,Central,34.0467,-118.2411
2024-03-06 08:30:00,BURGLARY FROM VEHICLE,Central,34.0475,-118.2657
2024-03-04 18:10:00,THEFT FROM MOTOR VEHICLE - GRAND ($950.01 AND OVER),Central,34.0378,-118.2561
2024-03-04 01:15:00,PICKPOCKET,Central,34.0491,-118.2558
2024-03-05 13:52:00,"THEFT-GRAND ($950.01 & OVER)EXCPT,GUNS,FOWL,LIVESTK,PROD",Central,34.0444,-118.2407
2024-02-05 15:50:00,"LETTERS, LEWD  -  TELEPHONE CALLS, LEWD",Central,34.0491,-118.2558
2024-03-04 11:25:00,"VANDALISM - FELONY ($400 & OVER, ALL CHURCH VANDALISMS)",Central,34.0537,-118.2523
2024-03-05 15:20:00,BURGLARY FROM VEHICLE,Central,34.0444,-118.2628
2024-03-05 21:35:00,"THEFT-GRAND ($950.01 & OVER)EXCPT,GUNS,FOWL,LIVESTK,PROD",Central,34.0431,-118.2692
2024-03-06 04:20:00,BATTERY - SIMPLE ASSAULT,Central,34.0419,-118.2523
2024-03-06 04:40:00,BATTERY - SIMPLE ASSAULT,Central,34.0627,-118.2463
2024-03-05 16:00:00,VANDALISM - MISDEAMEANOR ($399 OR UNDER),Central,34.0466,-118.2555
2024-03-05 16:05:00,BATTERY - SIMPLE ASSAULT,Central,34.0454,-118.2465
2024-03-05 18:30:00,THEFT FROM MOTOR VEHICLE - PETTY ($950 & UNDER),Central,34.0409,-118.2574
2024-03-05 13:48:00,BURGLARY FROM VEHICLE,Central,34.0404,-118.2504
2024-03-06 09:30:00,TRESPASSING,Central,34.0635,-118.2357
2024-03-06 10:07:00,SHOPLIFTING - PETTY THEFT ($950 & UNDER),Central,34.0466,-118.252
2024-02-05 22:00:00,INTIMATE PARTNER - SIMPLE ASSAULT,Central,34.0437,-118.2455
2024-03-06 11:00:00,"ASSAULT WITH DEADLY WEAPON, AGGRAVATED ASSAULT",Central,34.0502,-118.2539
2024-03-06 06:50:00,TRESPASSING,Central,34.0635,-118.2357
2024-03-06 06:00:00,BURGLARY,Central,34.0363,-118.2672
2024-03-06 10:15:00,VEHICLE - STOLEN,Central,34.0421,-118.2469
2024-03-06 13:00:00,BRANDISH WEAPON,Central,34.0504,-118.2409
2024-03-03 23:00:00,VANDALISM - MISDEAMEANOR ($399 OR UNDER),Central,34.0438,-118.2416
2024-03-04 00:30:00,BATTERY - SIMPLE ASSAULT,Central,34.0437,-118.2455
2024-03-05 08:00:00,VEHICLE - STOLEN,Central,34.0308,-118.2638
2024-03-06 14:00:00,TRESPASSING,Central,34.0502,-118.2504
2024-03-05 10:45:00,"ASSAULT WITH DEADLY WEAPON, AGGRAVATED ASSAULT",Central,34.0495,-118.2459
2024-03-03 14:56:00,"VEHICLE, STOLEN - OTHER (MOTORIZED SCOOTERS, BIKES, ETC)",Central,34.0545,-118.2499
2024-03-02 15:00:00,VEHICLE - STOLEN,Central,34.0333,-118.2657
2024-02-01 00:01:00,VEHICLE - STOLEN,Central,34.0455,-118.2381
2024-03-06 14:00:00,TRESPASSING,Central,34.0488,-118.2518
2024-03-06 01:30:00,VIOLATION OF RESTRAINING ORDER,Central,34.0569,-118.254
2024-03-01 20:10:00,INTIMATE PARTNER - AGGRAVATED ASSAULT,Central,34.0457,-118.2665
2024-03-05 12:15:00,TRESPASSING,Central,34.0508,-118.2586
2024-03-06 17:30:00,SHOPLIFTING - PETTY THEFT ($950 & UNDER),Central,34.0483,-118.2631
2024-03-06 11:30:00,VANDALISM - MISDEAMEANOR ($399 OR UNDER),Central,34.0423,-118.2595
2024-02-29 12:00:00,BURGLARY FROM VEHICLE,Central,34.0483,-118.2631
2024-03-05 08:00:00,THEFT PLAIN - PETTY ($950 & UNDER),Central,34.051,-118.248
2024-02-08 20:00:00,THEFT PLAIN - PETTY ($950 & UNDER),Central,34.0566,-118.2531
2024-03-06 08:00:00,THEFT FROM MOTOR VEHICLE - GRAND ($950.01 AND OVER),Central,34.0473,-118.2425
2024-02-16 06:00:00,VANDALISM - MISDEAMEANOR ($399 OR UNDER),Central,34.0516,-118.2561
2024-03-06 13:10:00,BURGLARY FROM VEHICLE,Central,34.0415,-118.2374
2024-03-06 23:20:00,BURGLARY FROM VEHICLE,Central,34.0509,-118.2316
2024-03-06 15:30:00,TRESPASSING,Central,34.0543,-118.2466
2024-03-04 16:45:00,VEHICLE - STOLEN,Central,34.0547,-118.2505
2024-03-07 02:40:00,BATTERY - SIMPLE ASSAULT,Central,34.055,-118.2321
2024-03-07 01:20:00,BATTERY - SIMPLE ASSAULT,Central,34.0615,-118.2351
2024-03-06 19:40:00,OTHER ASSAULT,Central,34.0561,-118.2375
2024-03-06 19:00:00,"RAPE, FORCIBLE",Central,34.0423,-118.2453
2024-03-06 20:30:00,"ASSAULT WITH DEADLY WEAPON, AGGRAVATED ASSAULT",Central,34.0382,-118.2384
2024-03-05 14:00:00,"VANDALISM - FELONY ($400 & OVER, ALL CHURCH VANDALISMS)",Central,34.0524,-118.2467
2024-03-07 06:00:00,TRESPASSING,Central,34.0561,-118.2375
2024-03-07 06:15:00,TRESPASSING,Central,34.0547,-118.2335
2024-03-07 06:30:00,TRESPASSING,Central,34.0561,-118.2375
2024-03-07 06:40:00,TRESPASSING,Central,34.0561,-118.2375
2024-03-05 06:00:00,VANDALISM - MISDEAMEANOR ($399 OR UNDER),Central,34.0396,-118.259
2024-03-06 20:30:00,THEFT FROM MOTOR VEHICLE - PETTY ($950 & UNDER),Central,34.0639,-118.2447
2024-02-29 15:00:00,"VANDALISM - FELONY ($400 & OVER, ALL CHURCH VANDALISMS)",Central,34.0553,-118.2392
2024-03-03 20:15:00,BURGLARY FROM VEHICLE,Central,34.0419,-118.2523
2024-03-06 17:00:00,BURGLARY FROM VEHICLE,Central,34.0377,-118.2622
2024-03-07 15:15:00,TRESPASSING,Central,34.0488,-118.2518
2024-03-07 15:20:00,TRESPASSING,Central,34.0488,-118.2518
2024-03-07 15:05:00,TRESPASSING,Central,34.0488,-118.2518
2024-03-07 14:45:00,TRESPASSING,Central,34.0488,-118.2518
2024-03-03 13:31:00,THEFT PLAIN - PETTY ($950 & UNDER),Central,34.0479,-118.2612
2024-02-24 00:01:00,BURGLARY FROM VEHICLE,Central,34.0644,-118.2387
2024-03-07 05:45:00,TRESPASSING,Central,34.0547,-118.2335
2024-03-07 11:10:00,VANDALISM - MISDEAMEANOR ($399 OR UNDER),Central,34.0649,-118.2465
2024-03-07 18:00:00,VEHICLE - STOLEN,Central,34.0506,-118.2371
2024-03-07 12:00:00,"THEFT-GRAND ($950.01 & OVER)EXCPT,GUNS,FOWL,LIVESTK,PROD",Central,34.0431,-118.2692
2024-03-06 20:30:00,THEFT FROM MOTOR VEHICLE - GRAND ($950.01 AND OVER),Central,34.0653,-118.2412
2024-03-07 22:20:00,VANDALISM - MISDEAMEANOR ($399 OR UNDER),Central,34.0491,-118.2558
2024-03-07 20:45:00,BATTERY WITH SEXUAL CONTACT,Central,34.0561,-118.2375
2024-03-07 21:00:00,VEHICLE - STOLEN,Central,34.0487,-118.2588
2024-03-07 19:43:00,SHOPLIFTING - PETTY THEFT ($950 & UNDER),Central,34.048,-118.2577
2024-03-05 08:30:00,VEHICLE - STOLEN,Central,34.0536,-118.2455
2024-02-23 17:00:00,VANDALISM - MISDEAMEANOR ($399 OR UNDER),Central,34.0455,-118.2379
2024-03-06 23:47:00,BURGLARY FROM VEHICLE,Central,34.0455,-118.2381
2024-03-08 10:35:00,ROBBERY,Central,34.0649,-118.24
2024-03-08 11:05:00,VEHICLE - STOLEN,Central,34.0607,-118.2405
2024-03-04 02:00:00,"VEHICLE, STOLEN - OTHER (MOTORIZED SCOOTERS, BIKES, ETC)",Central,34.0545,-118.2499
2024-01-14 22:00:00,THEFT FROM MOTOR VEHICLE - PETTY ($950 & UNDER),Central,34.0432,-118.2504
2024-03-08 14:00:00,VEHICLE - STOLEN,Central,34.0439,-118.2479
2024-03-04 18:30:00,BURGLARY FROM VEHICLE,Central,34.0392,-118.2363
2024-03-08 10:27:00,SHOPLIFTING - PETTY THEFT ($950 & UNDER),Central,34.0483,-118.2631
2024-03-06 21:40:00,THEFT PLAIN - PETTY ($950 & UNDER),Central,34.0431,-118.2692
2024-03-06 21:30:00,BURGLARY FROM VEHICLE,Central,34.0504,-118.2409
2024-03-07 19:00:00,BURGLARY FROM VEHICLE,Central,34.0473,-118.2566
2024-03-08 12:45:00,THEFT PLAIN - PETTY ($950 & UNDER),Central,34.051,-118.248
2024-03-08 05:35:00,TRESPASSING,Central,34.0561,-118.2375
2024-01-09 10:00:00,THEFT PLAIN - PETTY ($950 & UNDER),Central,34.0446,-118.245
2024-03-05 10:00:00,THEFT PLAIN - PETTY ($950 & UNDER),Central,34.0408,-118.2644
2024-03-08 16:50:00,CRIMINAL THREATS - NO WEAPON DISPLAYED,Central,34.0547,-118.2335
2024-03-08 07:25:00,TRESPASSING,Central,34.0497,-118.2381
2024-03-08 08:10:00,TRESPASSING,Central,34.0497,-118.2381
2024-03-09 00:01:00,PICKPOCKET,Central,34.0516,-118.2491
2024-02-23 01:50:00,THEFT OF IDENTITY,Central,34.0391,-118.2582
2024-03-08 22:00:00,BATTERY - SIMPLE ASSAULT,Central,34.0444,-118.2628
2024-03-08 23:25:00,TRESPASSING,Central,34.0549,-118.2511
2024-03-09 00:12:00,VEHICLE - STOLEN,Central,34.0334,-118.2697
2024-03-07 15:00:00,"LETTERS, LEWD  -  TELEPHONE CALLS, LEWD",Central,34.0515,-118.2424
2024-03-03 01:17:00,BURGLARY FROM VEHICLE,Central,34.034,-118.2651
2024-02-22 07:47:00,THEFT PLAIN - PETTY ($950 & UNDER),Central,34.0372,-118.2654
2024-02-13 18:05:00,THEFT FROM MOTOR VEHICLE - GRAND ($950.01 AND OVER),Central,34.0479,-118.2612
2024-03-08 11:50:00,VEHICLE - STOLEN,Central,34.0468,-118.2415
2024-03-09 10:15:00,VEHICLE - STOLEN,Central,34.0448,-118.2474
2024-03-08 22:00:00,VEHICLE - STOLEN,Central,34.0416,-118.255
2024-03-09 20:00:00,VEHICLE - STOLEN,Central,34.043,-118.2571
2024-03-09 21:20:00,"ASSAULT WITH DEADLY WEAPON, AGGRAVATED ASSAULT",Central,34.0536,-118.2455
2024-03-10 08:20:00,"ASSAULT WITH DEADLY WEAPON, AGGRAVATED ASSAULT",Central,34.049,-118.2592
2024-03-10 12:30:00,BATTERY - SIMPLE ASSAULT,Central,34.0415,-118.2655
2024-03-09 20:30:00,"VEHICLE, STOLEN - OTHER (MOTORIZED SCOOTERS, BIKES, ETC)",Central,34.0483,-118.2631
2024-03-09 21:30:00,BATTERY - SIMPLE ASSAULT,Central,34.0561,-118.2375
2024-03-10 08:00:00,VEHICLE - STOLEN,Central,34.0445,-118.2558
2024-03-09 15:20:00,BATTERY - SIMPLE ASSAULT,Central,34.0431,-118.2692
2024-03-09 16:00:00,VEHICLE - STOLEN,Central,34.0353,-118.2612
2024-03-09 14:45:00,SHOPLIFTING - PETTY THEFT ($950 & UNDER),Central,34.0483,-118.2631
2024-03-09 20:00:00,FAILURE TO DISPERSE,Central,34.0477,-118.2502
2024-03-09 20:30:00,TRESPASSING,Central,34.0549,-118.2511
2024-03-10 13:55:00,TRESPASSING,Central,34.0549,-118.2511
2024-03-10 07:50:00,TRESPASSING,Central,34.0549,-118.2511
2024-03-09 14:55:00,TRESPASSING,Central,34.0561,-118.2375
2024-03-09 19:30:00,BURGLARY FROM VEHICLE,Central,34.0446,-118.2507
2024-03-10 16:53:00,"THEFT-GRAND ($950.01 & OVER)EXCPT,GUNS,FOWL,LIVESTK,PROD",Central,34.0431,-118.2692
2024-03-09 11:15:00,"THEFT-GRAND ($950.01 & OVER)EXCPT,GUNS,FOWL,LIVESTK,PROD",Central,34.0363,-118.2672
2024-03-10 20:50:00,BATTERY - SIMPLE ASSAULT,Central,34.0561,-118.2375
2024-03-09 15:20:00,BATTERY - SIMPLE ASSAULT,Central,34.0547,-118.2335
2024-02-29 22:00:00,VEHICLE - STOLEN,Central,34.0615,-118.247
2024-03-10 21:00:00,VEHICLE - STOLEN,Central,34.0423,-118.2561
2024-03-09 02:17:00,"THEFT-GRAND ($950.01 & OVER)EXCPT,GUNS,FOWL,LIVESTK,PROD",Central,34.0493,-118.2582
2024-03-08 20:15:00,BURGLARY FROM VEHICLE,Central,34.0498,-118.24
2024-02-02 23:20:00,THEFT PLAIN - PETTY ($950 & UNDER),Central,34.0493,-118.2417
2024-03-09 17:00:00,VEHICLE - STOLEN,Central,34.0383,-118.2327
2024-03-09 00:30:00,VEHICLE - STOLEN,Central,34.0369,-118.2583
2024-03-08 17:03:00,"VANDALISM - FELONY ($400 & OVER, ALL CHURCH VANDALISMS)",Central,34.0463,-118.2467
2024-03-08 18:00:00,"THEFT-GRAND ($950.01 & OVER)EXCPT,GUNS,FOWL,LIVESTK,PROD",Central,34.0421,-118.2469
2024-03-10 11:00:00,TRESPASSING,Central,34.0508,-118.2586
2024-03-08 23:50:00,THEFT PLAIN - PETTY ($950 & UNDER),Central,34.0652,-118.2369
2024-03-09 12:54:00,THEFT FROM MOTOR VEHICLE - GRAND ($950.01 AND OVER),Central,34.0442,-118.2681
2024-03-08 18:30:00,BURGLARY FROM VEHICLE,Central,34.0569,-118.254
2024-03-09 11:25:00,SHOPLIFTING-GRAND THEFT ($950.01 & OVER),Central,34.0487,-118.2588
2024-03-09 13:00:00,"THEFT-GRAND ($950.01 & OVER)EXCPT,GUNS,FOWL,LIVESTK,PROD",Central,34.0431,-118.2692
2024-01-09 23:30:00,"LETTERS, LEWD  -  TELEPHONE CALLS, LEWD",Central,34.0432,-118.2504
2024-03-05 08:45:00,"LETTERS, LEWD  -  TELEPHONE CALLS, LEWD",Central,34.0452,-118.2569
2024-01-21 22:00:00,THEFT FROM MOTOR VEHICLE - PETTY ($950 & UNDER),Central,34.0394,-118.2623
2024-03-09 01:00:00,PICKPOCKET,Central,34.0453,-118.2499
2024-03-11 06:40:00,VEHICLE - STOLEN,Central,34.0363,-118.2672
2024-03-05 16:30:00,"VANDALISM - FELONY ($400 & OVER, ALL CHURCH VANDALISMS)",Central,34.0408,-118.2644
2024-03-09 23:44:00,PICKPOCKET,Central,34.0516,-118.2491
2024-03-09 14:00:00,"VANDALISM - FELONY ($400 & OVER, ALL CHURCH VANDALISMS)",Central,34.0619,-118.2369
2024-03-09 23:40:00,BURGLARY FROM VEHICLE,Central,34.0348,-118.2688
2024-03-09 18:00:00,THEFT PLAIN - PETTY ($950 & UNDER),Central,34.0431,-118.2692
2024-03-10 17:49:00,"LETTERS, LEWD  -  TELEPHONE CALLS, LEWD",Central,34.0736,-118.2312
2024-03-10 11:06:00,SHOPLIFTING - PETTY THEFT ($950 & UNDER),Central,34.0483,-118.2631
2024-02-29 00:12:00,BURGLARY FROM VEHICLE,Central,34.0445,-118.2558
2024-03-04 16:00:00,"THEFT-GRAND ($950.01 & OVER)EXCPT,GUNS,FOWL,LIVESTK,PROD",Central,34.0536,-118.2455
2024-03-10 16:10:00,BURGLARY FROM VEHICLE,Central,34.0519,-118.2506
2024-02-14 20:00:00,BURGLARY FROM VEHICLE,Central,34.0445,-118.2558
2024-03-10 16:30:00,"THEFT-GRAND ($950.01 & OVER)EXCPT,GUNS,FOWL,LIVESTK,PROD",Central,34.0431,-118.2692
2024-02-29 17:00:00,"VANDALISM - FELONY ($400 & OVER, ALL CHURCH VANDALISMS)",Central,34.0455,-118.2379
2024-03-05 20:30:00,"VANDALISM - FELONY ($400 & OVER, ALL CHURCH VANDALISMS)",Central,34.0539,-118.2436
2024-03-08 12:42:00,THEFT OF IDENTITY,Central,34.055,-118.2477
2024-02-28 15:55:00,THEFT OF IDENTITY,Central,34.0393,-118.2659
2024-03-11 06:30:00,TRESPASSING,Central,34.0473,-118.2566
2024-03-11 10:30:00,BATTERY - SIMPLE ASSAULT,Central,34.0547,-118.2335
2024-03-02 15:15:00,VANDALISM - MISDEAMEANOR ($399 OR UNDER),Central,34.0466,-118.252
2024-03-10 18:00:00,VANDALISM - MISDEAMEANOR ($399 OR UNDER),Central,34.0502,-118.2575
2024-03-11 06:24:00,BATTERY POLICE (SIMPLE),Central,34.0547,-118.2335
2024-03-11 02:01:00,VANDALISM - MISDEAMEANOR ($399 OR UNDER),Central,34.0516,-118.2561
2024-03-09 14:45:00,VANDALISM - MISDEAMEANOR ($399 OR UNDER),Central,34.0516,-118.2561
2024-03-09 15:10:00,"THEFT-GRAND ($950.01 & OVER)EXCPT,GUNS,FOWL,LIVESTK,PROD",Central,34.064,-118.2375
2024-03-11 01:00:00,BURGLARY FROM VEHICLE,Central,34.051,-118.2445
2024-03-10 15:55:00,"THEFT-GRAND ($950.01 & OVER)EXCPT,GUNS,FOWL,LIVESTK,PROD",Central,34.0431,-118.2692
2024-03-07 17:05:00,"THEFT-GRAND ($950.01 & OVER)EXCPT,GUNS,FOWL,LIVESTK,PROD",Central,34.048,-118.2577
2024-03-06 17:00:00,VANDALISM - MISDEAMEANOR ($399 OR UNDER),Central,34.0455,-118.2379
2024-02-24 22:00:00,BURGLARY FROM VEHICLE,Central,34.051,-118.2445
2024-03-07 08:00:00,"VANDALISM - FELONY ($400 & OVER, ALL CHURCH VANDALISMS)",Central,34.0462,-118.2585
2024-02-01 16:10:00,"LETTERS, LEWD  -  TELEPHONE CALLS, LEWD",Central,34.0615,-118.247
2024-03-11 18:45:00,BATTERY - SIMPLE ASSAULT,Central,34.0547,-118.2335
2024-03-11 06:45:00,BURGLARY FROM VEHICLE,Central,34.0516,-118.2491
2024-03-11 20:24:00,VEHICLE - STOLEN,Central,34.0396,-118.2558
2024-03-09 23:30:00,BURGLARY FROM VEHICLE,Central,34.0408,-118.2644
2024-03-10 20:00:00,PICKPOCKET,Central,34.0431,-118.2692
2024-03-04 18:24:00,THEFT PLAIN - PETTY ($950 & UNDER),Central,34.0419,-118.2669
2024-03-11 19:30:00,BURGLARY FROM VEHICLE,Central,34.037,-118.2688
2024-03-11 22:05:00,TRESPASSING,Central,34.0508,-118.2586
2024-03-11 22:25:00,TRESPASSING,Central,34.0508,-118.2586
2024-03-07 19:15:00,THEFT FROM MOTOR VEHICLE - GRAND ($950.01 AND OVER),Central,34.0409,-118.2609
2024-03-06 10:33:00,THEFT FROM MOTOR VEHICLE - GRAND ($950.01 AND OVER),Central,34.0388,-118.2574
2024-03-10 16:00:00,CRIMINAL THREATS - NO WEAPON DISPLAYED,Central,34.048,-118.2577
2024-03-05 06:00:00,VANDALISM - MISDEAMEANOR ($399 OR UNDER),Central,34.0522,-118.2434
2024-03-12 09:15:00,VEHICLE - STOLEN,Central,34.0412,-118.2474
2024-03-07 06:20:00,TRESPASSING,Central,34.0561,-118.2375
2024-03-12 08:30:00,BATTERY - SIMPLE ASSAULT,Central,34.0561,-118.2375
2024-03-10 09:20:00,THEFT PLAIN - PETTY ($950 & UNDER),Central,34.0454,-118.2658
2024-03-09 23:00:00,THEFT PLAIN - PETTY ($950 & UNDER),Central,34.0516,-118.2491
2024-03-11 16:13:00,SHOPLIFTING - PETTY THEFT ($950 & UNDER),Central,34.0483,-118.2631
2024-03-11 19:00:00,THEFT PLAIN - PETTY ($950 & UNDER),Central,34.057,-118.2437
2024-03-11 16:45:00,THEFT OF IDENTITY,Central,34.0462,-118.2628
2024-02-16 20:00:00,BURGLARY FROM VEHICLE,Central,34.0517,-118.2474
2024-03-10 13:30:00,"THEFT-GRAND ($950.01 & OVER)EXCPT,GUNS,FOWL,LIVESTK,PROD",Central,34.0431,-118.2692
2024-03-08 18:42:00,BURGLARY FROM VEHICLE,Central,34.0452,-118.2569
2024-03-11 23:15:00,THEFT PLAIN - PETTY ($950 & UNDER),Central,34.0453,-118.2443
2024-03-12 14:35:00,SHOPLIFTING - PETTY THEFT ($950 & UNDER),Central,34.0483,-118.2631
2024-03-12 15:03:00,SHOPLIFTING - PETTY THEFT ($950 & UNDER),Central,34.0483,-118.2631
2024-03-07 00:30:00,VANDALISM - MISDEAMEANOR ($399 OR UNDER),Central,34.051,-118.2445
2024-03-12 13:55:00,"VANDALISM - FELONY ($400 & OVER, ALL CHURCH VANDALISMS)",Central,34.0395,-118.2657
2024-03-12 05:20:00,VEHICLE - STOLEN,Central,34.0563,-118.2309
2024-03-12 11:21:00,THEFT OF IDENTITY,Central,34.0503,-118.2434
2024-03-12 20:00:00,VEHICLE - STOLEN,Central,34.0509,-118.2515
2024-02-29 19:00:00,VEHICLE - STOLEN,Central,34.0459,-118.2352
2024-02-07 17:05:00,BURGLARY FROM VEHICLE,Central,34.0337,-118.261
2024-01-21 22:00:00,THEFT PLAIN - PETTY ($950 & UNDER),Central,34.0473,-118.2566
2024-03-12 18:15:00,SHOPLIFTING - PETTY THEFT ($950 & UNDER),Central,34.0483,-118.2631
2024-02-26 08:30:00,"VEHICLE, STOLEN - OTHER (MOTORIZED SCOOTERS, BIKES, ETC)",Central,34.0534,-118.2409
2024-03-13 06:30:00,TRESPASSING,Central,34.0552,-118.2511
2024-03-12 19:00:00,VIOLATION OF RESTRAINING ORDER,Central,34.0449,-118.2458
2024-03-08 21:00:00,"THEFT-GRAND ($950.01 & OVER)EXCPT,GUNS,FOWL,LIVESTK,PROD",Central,34.0431,-118.2692
2024-03-10 17:10:00,THEFT OF IDENTITY,Central,34.0432,-118.2504
2024-03-12 23:25:00,TRESPASSING,Central,34.0549,-118.2511
2024-03-02 21:00:00,BURGLARY FROM VEHICLE,Central,34.0329,-118.2631
2024-03-12 21:40:00,TRESPASSING,Central,34.0582,-118.242
2024-02-28 18:00:00,"THEFT-GRAND ($950.01 & OVER)EXCPT,GUNS,FOWL,LIVESTK,PROD",Central,34.0437,-118.2582
2024-03-13 08:45:00,TRESPASSING,Central,34.0599,-118.2379
2024-03-13 07:00:00,TRESPASSING,Central,34.0561,-118.2375
2024-03-12 14:15:00,VANDALISM - MISDEAMEANOR ($399 OR UNDER),Central,34.0519,-118.2531
2024-03-13 06:30:00,TRESPASSING,Central,34.0561,-118.2375
2024-03-13 09:45:00,TRESPASSING,Central,34.0561,-118.2375
2024-03-13 09:25:00,TRESPASSING,Central,34.0561,-118.2375
2024-03-13 06:05:00,TRESPASSING,Central,34.0561,-118.2375
2024-03-13 07:30:00,TRESPASSING,Central,34.0561,-118.2375
2024-03-12 12:30:00,VEHICLE - STOLEN,Central,34.0641,-118.2455
2024-03-13 08:50:00,TRESPASSING,Central,34.0559,-118.232
2024-03-01 20:30:00,BURGLARY FROM VEHICLE,Central,34.0483,-118.2443
2024-03-07 17:00:00,"ASSAULT WITH DEADLY WEAPON, AGGRAVATED ASSAULT",Central,34.0382,-118.2384
2024-02-05 19:00:00,THEFT PLAIN - PETTY ($950 & UNDER),Central,34.0419,-118.2669
2024-03-12 01:30:00,THEFT PLAIN - PETTY ($950 & UNDER),Central,34.0442,-118.2439
2024-03-13 11:54:00,SHOPLIFTING - PETTY THEFT ($950 & UNDER),Central,34.0483,-118.2631
2024-02-27 02:00:00,BURGLARY FROM VEHICLE,Central,34.0492,-118.2488
2024-03-11 18:23:00,THEFT PLAIN - PETTY ($950 & UNDER),Central,34.0408,-118.2644
2024-03-13 15:55:00,BURGLARY FROM VEHICLE,Central,34.0475,-118.2657
2024-03-13 23:45:00,PICKPOCKET,Central,34.0431,-118.2692
2024-02-04 08:44:00,BURGLARY FROM VEHICLE,Central,34.0624,-118.2383
2024-03-13 23:00:00,THEFT PLAIN - PETTY ($950 & UNDER),Central,34.0561,-118.2375
2024-03-14 06:15:00,TRESPASSING,Central,34.0549,-118.2511
2024-03-14 06:40:00,TRESPASSING,Central,34.0561,-118.2375
2024-01-04 09:00:00,VEHICLE - STOLEN,Central,34.0354,-118.264
2024-02-25 14:56:00,"VEHICLE, STOLEN - OTHER (MOTORIZED SCOOTERS, BIKES, ETC)",Central,34.0467,-118.2485
2024-03-13 23:30:00,"THEFT-GRAND ($950.01 & OVER)EXCPT,GUNS,FOWL,LIVESTK,PROD",Central,34.0431,-118.2692
2024-02-24 05:45:00,THEFT FROM MOTOR VEHICLE - PETTY ($950 & UNDER),Central,34.0426,-118.2528
2024-02-14 16:00:00,BURGLARY FROM VEHICLE,Central,34.0438,-118.2547
2024-03-08 19:19:00,"THEFT-GRAND ($950.01 & OVER)EXCPT,GUNS,FOWL,LIVESTK,PROD",Central,34.048,-118.2577
2024-02-28 17:30:00,"THEFT-GRAND ($950.01 & OVER)EXCPT,GUNS,FOWL,LIVESTK,PROD",Central,34.048,-118.2542
2024-03-12 03:00:00,VANDALISM - MISDEAMEANOR ($399 OR UNDER),Central,34.0519,-118.2531
2024-03-11 06:55:00,VANDALISM - MISDEAMEANOR ($399 OR UNDER),Central,34.055,-118.2546
2024-01-24 12:56:00,"VANDALISM - FELONY ($400 & OVER, ALL CHURCH VANDALISMS)",Central,34.0581,-118.2371
2024-03-14 08:00:00,TRESPASSING,Central,34.0561,-118.2375
2024-03-14 07:10:00,TRESPASSING,Central,34.0561,-118.2375
2024-02-04 00:01:00,"VEHICLE, STOLEN - OTHER (MOTORIZED SCOOTERS, BIKES, ETC)",Central,34.0363,-118.2604
2024-03-13 16:30:00,VEHICLE - STOLEN,Central,34.0423,-118.263
2024-03-14 20:45:00,VEHICLE - STOLEN,Central,34.047,-118.2647
2024-03-12 16:00:00,BURGLARY FROM VEHICLE,Central,34.0444,-118.2628
2024-03-14 08:40:00,BURGLARY FROM VEHICLE,Central,34.0473,-118.2566
2024-03-14 21:00:00,BURGLARY FROM VEHICLE,Central,34.0393,-118.2405
2024-03-06 21:00:00,BURGLARY FROM VEHICLE,Central,34.0387,-118.2612
2024-03-13 17:30:00,BURGLARY FROM VEHICLE,Central,34.0462,-118.2585
2024-03-14 13:30:00,THEFT FROM MOTOR VEHICLE - GRAND ($950.01 AND OVER),Central,34.0399,-118.2383
2024-03-14 08:30:00,THEFT PLAIN - PETTY ($950 & UNDER),Central,34.0525,-118.2432
2024-02-15 08:25:00,"VANDALISM - FELONY ($400 & OVER, ALL CHURCH VANDALISMS)",Central,34.051,-118.248
2024-03-14 17:39:00,SHOPLIFTING - PETTY THEFT ($950 & UNDER),Central,34.0483,-118.2631
2024-03-15 05:00:00,VEHICLE - STOLEN,Central,34.0446,-118.245
2024-03-14 14:20:00,BURGLARY FROM VEHICLE,Central,34.0437,-118.2582
2024-03-14 18:00:00,"VEHICLE, STOLEN - OTHER (MOTORIZED SCOOTERS, BIKES, ETC)",Central,34.0466,-118.259
2024-03-14 23:30:00,VEHICLE - STOLEN,Central,34.0389,-118.2643
2024-03-10 12:00:00,VEHICLE - STOLEN,Central,34.0457,-118.2365
2024-03-14 06:00:00,TRESPASSING,Central,34.0559,-118.232
2024-03-15 00:10:00,BATTERY - SIMPLE ASSAULT,Central,34.0547,-118.2335
2024-03-14 06:20:00,TRESPASSING,Central,34.0561,-118.2375
2024-03-14 22:40:00,TRESPASSING,Central,34.0508,-118.2586
2024-03-14 23:50:00,TRESPASSING,Central,34.0508,-118.2586
2024-03-07 11:00:00,THEFT FROM MOTOR VEHICLE - PETTY ($950 & UNDER),Central,34.0511,-118.2597
2024-02-25 14:50:00,THEFT PLAIN - PETTY ($950 & UNDER),Central,34.0561,-118.2375
2024-03-14 08:00:00,THEFT PLAIN - PETTY ($950 & UNDER),Central,34.0357,-118.2663
2024-03-16 02:18:00,VEHICLE - STOLEN,Central,34.0486,-118.2571
2024-03-15 23:00:00,VEHICLE - STOLEN,Central,34.0487,-118.2588
2024-03-14 20:25:00,SHOPLIFTING - PETTY THEFT ($950 & UNDER),Central,34.0561,-118.2375
2024-03-13 16:06:00,THEFT PLAIN - PETTY ($950 & UNDER),Central,34.0413,-118.2517
2024-03-16 02:30:00,VEHICLE - STOLEN,Central,34.0401,-118.2533
2024-03-15 16:42:00,SHOPLIFTING - PETTY THEFT ($950 & UNDER),Central,34.0483,-118.2631
2024-03-14 18:00:00,VANDALISM - MISDEAMEANOR ($399 OR UNDER),Central,34.0533,-118.2481
2024-03-15 22:15:00,PICKPOCKET,Central,34.0582,-118.2374
2024-03-01 18:21:00,"THEFT-GRAND ($950.01 & OVER)EXCPT,GUNS,FOWL,LIVESTK,PROD",Central,34.0572,-118.2481
2024-03-15 19:50:00,BURGLARY FROM VEHICLE,Central,34.0414,-118.2332
2024-03-15 18:45:00,BURGLARY FROM VEHICLE,Central,34.0511,-118.2334
2024-03-14 08:45:00,THEFT PLAIN - PETTY ($950 & UNDER),Central,34.0495,-118.2494
2024-03-15 18:00:00,THEFT FROM MOTOR VEHICLE - PETTY ($950 & UNDER),Central,34.0444,-118.2628
2024-03-16 07:00:00,THEFT FROM MOTOR VEHICLE - PETTY ($950 & UNDER),Central,34.0467,-118.247
2024-03-16 14:00:00,THEFT FROM MOTOR VEHICLE - PETTY ($950 & UNDER),Central,34.0414,-118.2319
2024-03-16 19:05:00,VEHICLE - STOLEN,Central,34.0736,-118.2312
2024-03-16 19:40:00,VEHICLE - STOLEN,Central,34.0466,-118.252
2024-03-16 01:00:00,VEHICLE - STOLEN,Central,34.0473,-118.2566
2024-03-16 16:00:00,BATTERY - SIMPLE ASSAULT,Central,34.0547,-118.2335
2024-03-15 16:30:00,THEFT PLAIN - PETTY ($950 & UNDER),Central,34.0483,-118.2631
2024-03-17 06:00:00,VEHICLE - STOLEN,Central,34.0533,-118.2361
2024-03-17 08:30:00,BATTERY - SIMPLE ASSAULT,Central,34.0415,-118.2655
2024-03-09 10:00:00,THEFT FROM MOTOR VEHICLE - PETTY ($950 & UNDER),Central,34.0633,-118.2336
2024-03-15 15:15:00,SHOPLIFTING-GRAND THEFT ($950.01 & OVER),Central,34.0388,-118.2717
2024-03-17 06:00:00,THEFT FROM MOTOR VEHICLE - PETTY ($950 & UNDER),Central,34.0533,-118.2361
2024-03-15 13:30:00,"THEFT-GRAND ($950.01 & OVER)EXCPT,GUNS,FOWL,LIVESTK,PROD",Central,34.0502,-118.2539
2024-03-16 13:40:00,BURGLARY FROM VEHICLE,Central,34.0485,-118.2569
2024-03-16 22:05:00,BURGLARY FROM VEHICLE,Central,34.0377,-118.2622
2024-03-16 21:58:00,BURGLARY FROM VEHICLE,Central,34.0444,-118.2628
2024-03-17 01:45:00,PICKPOCKET,Central,34.046,-118.251
2024-03-15 21:00:00,"VANDALISM - FELONY ($400 & OVER, ALL CHURCH VANDALISMS)",Central,34.0502,-118.2336
2024-03-16 21:00:00,VEHICLE - STOLEN,Central,34.0408,-118.2644
2024-03-17 12:30:00,VEHICLE - STOLEN,Central,34.0389,-118.2643
2024-03-16 13:10:00,SHOPLIFTING - PETTY THEFT ($950 & UNDER),Central,34.0483,-118.2631
2024-03-15 19:45:00,TRESPASSING,Central,34.0488,-118.2518
2024-03-16 13:20:00,SHOPLIFTING - PETTY THEFT ($950 & UNDER),Central,34.048,-118.2577
2024-03-15 17:30:00,TRESPASSING,Central,34.0519,-118.2531
2024-03-15 21:55:00,TRESPASSING,Central,34.0549,-118.2511
2024-03-15 23:20:00,TRESPASSING,Central,34.0549,-118.2511
2024-03-15 21:40:00,TRESPASSING,Central,34.0549,-118.2511
2024-03-17 07:05:00,TRESPASSING,Central,34.0492,-118.2391
2024-03-15 16:00:00,TRESPASSING,Central,34.0549,-118.2511
2024-03-16 23:00:00,VANDALISM - MISDEAMEANOR ($399 OR UNDER),Central,34.0468,-118.2415
2024-03-17 03:00:00,"VANDALISM - FELONY ($400 & OVER, ALL CHURCH VANDALISMS)",Central,34.0452,-118.2569
2024-03-17 00:01:00,"THEFT-GRAND ($950.01 & OVER)EXCPT,GUNS,FOWL,LIVESTK,PROD",Central,34.0493,-118.2582
2024-03-17 14:30:00,TRESPASSING,Central,34.0549,-118.2511
2024-03-17 15:00:00,TRESPASSING,Central,34.0549,-118.2511
2024-03-16 08:40:00,TRESPASSING,Central,34.0572,-118.2481
2024-03-16 15:47:00,SHOPLIFTING - PETTY THEFT ($950 & UNDER),Central,34.0483,-118.2631
2024-03-17 23:05:00,"VANDALISM - FELONY ($400 & OVER, ALL CHURCH VANDALISMS)",Central,34.0561,-118.2375
2024-03-18 02:30:00,THEFT PLAIN - ATTEMPT,Central,34.0353,-118.2699
2024-03-17 20:10:00,BURGLARY FROM VEHICLE,Central,34.042,-118.2625
2024-02-25 21:00:00,"EMBEZZLEMENT, GRAND THEFT ($950.01 & OVER)",Central,34.0419,-118.2669
2024-02-22 15:00:00,"VEHICLE, STOLEN - OTHER (MOTORIZED SCOOTERS, BIKES, ETC)",Central,34.0467,-118.2485
2024-03-18 12:52:00,SHOPLIFTING - PETTY THEFT ($950 & UNDER),Central,34.0483,-118.2631
2024-03-16 23:25:00,THEFT FROM MOTOR VEHICLE - GRAND ($950.01 AND OVER),Central,34.0445,-118.2523
2024-03-15 15:30:00,BURGLARY FROM VEHICLE,Central,34.0369,-118.2583
2024-03-17 02:00:00,"VANDALISM - FELONY ($400 & OVER, ALL CHURCH VANDALISMS)",Central,34.0428,-118.2532
2024-01-01 09:00:00,THEFT FROM MOTOR VEHICLE - PETTY ($950 & UNDER),Central,34.0522,-118.2538
2024-03-18 13:00:00,SHOPLIFTING - PETTY THEFT ($950 & UNDER),Central,34.0483,-118.2631
2024-02-16 23:30:00,"THEFT-GRAND ($950.01 & OVER)EXCPT,GUNS,FOWL,LIVESTK,PROD",Central,34.0456,-118.2504
2024-03-18 06:00:00,TRESPASSING,Central,34.0508,-118.2586
2024-03-18 14:30:00,TRESPASSING,Central,34.0524,-118.2467
2024-03-16 16:50:00,PIMPING,Central,34.0607,-118.2494
2024-03-18 19:15:00,SHOPLIFTING - PETTY THEFT ($950 & UNDER),Central,34.0483,-118.2631
2024-03-19 20:00:00,BURGLARY,Central,34.0316,-118.2626
2024-03-18 06:30:00,"VANDALISM - FELONY ($400 & OVER, ALL CHURCH VANDALISMS)",Central,34.043,-118.2606
2024-03-16 14:45:00,THEFT PLAIN - PETTY ($950 & UNDER),Central,34.045,-118.264
2024-01-15 13:50:00,THEFT OF IDENTITY,Central,34.0419,-118.2523
2024-03-16 12:00:00,"THEFT-GRAND ($950.01 & OVER)EXCPT,GUNS,FOWL,LIVESTK,PROD",Central,34.0495,-118.2459
2024-03-14 11:22:00,THEFT PLAIN - PETTY ($950 & UNDER),Central,34.0473,-118.2601
2024-03-18 19:10:00,SHOPLIFTING - PETTY THEFT ($950 & UNDER),Central,34.0483,-118.2631
2024-03-18 20:00:00,"VANDALISM - FELONY ($400 & OVER, ALL CHURCH VANDALISMS)",Central,34.0709,-118.2266
2024-03-18 23:00:00,VEHICLE - STOLEN,Central,34.0698,-118.2476
2024-03-18 21:00:00,"VANDALISM - FELONY ($400 & OVER, ALL CHURCH VANDALISMS)",Central,34.0466,-118.2555
2024-03-18 23:30:00,TRESPASSING,Central,34.0497,-118.2381
2024-03-18 19:00:00,"THEFT-GRAND ($950.01 & OVER)EXCPT,GUNS,FOWL,LIVESTK,PROD",Central,34.0495,-118.2459
2024-03-18 22:45:00,TRESPASSING,Central,34.0549,-118.2511
2024-03-19 15:05:00,CRIMINAL THREATS - NO WEAPON DISPLAYED,Central,34.0502,-118.2539
2024-03-19 19:40:00,VEHICLE - STOLEN,Central,34.0404,-118.2504
2024-03-19 18:15:00,THEFT PLAIN - PETTY ($950 & UNDER),Central,34.0466,-118.2555
2024-03-19 13:00:00,"THEFT-GRAND ($950.01 & OVER)EXCPT,GUNS,FOWL,LIVESTK,PROD",Central,34.0517,-118.2456
2024-03-18 02:30:00,VANDALISM - MISDEAMEANOR ($399 OR UNDER),Central,34.0516,-118.2561
2024-03-17 00:30:00,VANDALISM - MISDEAMEANOR ($399 OR UNDER),Central,34.071,-118.2302
2024-03-19 21:36:00,"VANDALISM - FELONY ($400 & OVER, ALL CHURCH VANDALISMS)",Central,34.0401,-118.2533
2024-03-19 20:20:00,BURGLARY FROM VEHICLE,Central,34.0414,-118.2332
2024-03-19 04:50:00,VANDALISM - MISDEAMEANOR ($399 OR UNDER),Central,34.0402,-118.2598
2024-03-19 20:34:00,BURGLARY FROM VEHICLE,Central,34.0413,-118.2517
2024-03-19 22:11:00,TRESPASSING,Central,34.0615,-118.2412
2024-03-03 21:00:00,INTIMATE PARTNER - AGGRAVATED ASSAULT,Central,34.0491,-118.2558
2024-03-19 19:25:00,SHOPLIFTING - PETTY THEFT ($950 & UNDER),Central,34.0483,-118.2631
2024-03-19 23:30:00,VANDALISM - MISDEAMEANOR ($399 OR UNDER),Central,34.0402,-118.2598
2024-03-19 16:30:00,VEHICLE - STOLEN,Central,34.0462,-118.2585
2024-03-14 13:30:00,SHOPLIFTING - PETTY THEFT ($950 & UNDER),Central,34.048,-118.2577
2024-03-18 14:54:00,"VANDALISM - FELONY ($400 & OVER, ALL CHURCH VANDALISMS)",Central,34.0396,-118.259
2024-03-19 18:00:00,BURGLARY FROM VEHICLE,Central,34.0454,-118.2658
2024-03-19 11:35:00,SHOPLIFTING - PETTY THEFT ($950 & UNDER),Central,34.0483,-118.2631
2024-03-18 15:30:00,VEHICLE - STOLEN,Central,34.0462,-118.2585
2024-03-20 10:20:00,VEHICLE - STOLEN,Central,34.0455,-118.2379
2024-03-14 17:30:00,"VANDALISM - FELONY ($400 & OVER, ALL CHURCH VANDALISMS)",Central,34.0572,-118.2481
2024-01-20 12:30:00,"THEFT-GRAND ($950.01 & OVER)EXCPT,GUNS,FOWL,LIVESTK,PROD",Central,34.0615,-118.247
2024-03-19 10:00:00,DOCUMENT FORGERY / STOLEN FELONY,Central,34.0607,-118.2405
2024-03-13 17:50:00,"THEFT-GRAND ($950.01 & OVER)EXCPT,GUNS,FOWL,LIVESTK,PROD",Central,34.0446,-118.245
2024-03-14 21:00:00,BURGLARY FROM VEHICLE,Central,34.0475,-118.2657
2024-02-28 18:50:00,BURGLARY,Central,34.0401,-118.2669
2024-03-20 13:30:00,BIKE - STOLEN,Central,34.0431,-118.2692
2024-03-20 20:55:00,VANDALISM - MISDEAMEANOR ($399 OR UNDER),Central,34.0423,-118.2595
2024-03-20 19:30:00,TRESPASSING,Central,34.0488,-118.2518
2024-03-20 15:20:00,TRESPASSING,Central,34.0488,-118.2518
2024-03-20 16:50:00,TRESPASSING,Central,34.0488,-118.2518
2024-02-18 15:30:00,BURGLARY FROM VEHICLE,Central,34.0517,-118.2456
2024-02-29 23:00:00,"RAPE, FORCIBLE",Central,34.0415,-118.2655
2024-03-20 22:35:00,VEHICLE - STOLEN,Central,34.0316,-118.2641
2024-03-20 09:30:00,VEHICLE - STOLEN,Central,34.0516,-118.2491
2024-03-19 17:00:00,THEFT FROM MOTOR VEHICLE - PETTY ($950 & UNDER),Central,34.0663,-118.2442
2024-03-20 09:00:00,INTIMATE PARTNER - SIMPLE ASSAULT,Central,34.0621,-118.2346
2024-03-20 15:30:00,VANDALISM - MISDEAMEANOR ($399 OR UNDER),Central,34.051,-118.248
2024-03-21 04:00:00,VANDALISM - MISDEAMEANOR ($399 OR UNDER),Central,34.0473,-118.2425
2024-03-20 19:00:00,BURGLARY FROM VEHICLE,Central,34.0488,-118.25
2024-03-20 19:30:00,THEFT FROM MOTOR VEHICLE - GRAND ($950.01 AND OVER),Central,34.0446,-118.245
2024-03-20 22:00:00,VEHICLE - STOLEN,Central,34.0615,-118.247
2024-03-20 10:44:00,"VANDALISM - FELONY ($400 & OVER, ALL CHURCH VANDALISMS)",Central,34.057,-118.2437
2024-03-20 13:25:00,THEFT OF IDENTITY,Central,34.046,-118.251
2024-03-21 02:00:00,ROBBERY,Central,34.0488,-118.2518
2024-02-27 11:10:00,VIOLATION OF RESTRAINING ORDER,Central,34.0357,-118.2663
2024-03-20 09:00:00,VEHICLE - STOLEN,Central,34.0475,-118.2657
2024-03-21 20:20:00,VEHICLE - STOLEN,Central,34.0471,-118.2491
2024-03-21 19:07:00,VEHICLE - STOLEN,Central,34.0439,-118.2479
2024-03-21 21:30:00,VEHICLE - STOLEN,Central,34.0369,-118.2583
2024-03-22 01:50:00,VEHICLE - STOLEN,Central,34.0475,-118.2657
2024-03-17 10:00:00,THEFT PLAIN - PETTY ($950 & UNDER),Central,34.0446,-118.245
2024-03-21 00:01:00,"THEFT-GRAND ($950.01 & OVER)EXCPT,GUNS,FOWL,LIVESTK,PROD",Central,34.0561,-118.2375
2024-03-20 22:45:00,"THEFT-GRAND ($950.01 & OVER)EXCPT,GUNS,FOWL,LIVESTK,PROD",Central,34.0491,-118.2558
2024-03-20 12:26:00,SHOPLIFTING - PETTY THEFT ($950 & UNDER),Central,34.048,-118.2577
2024-03-20 00:01:00,"VANDALISM - FELONY ($400 & OVER, ALL CHURCH VANDALISMS)",Central,34.0423,-118.2561
2024-03-20 15:30:00,"VANDALISM - FELONY ($400 & OVER, ALL CHURCH VANDALISMS)",Central,34.046,-118.251
2024-03-20 18:25:00,BURGLARY FROM VEHICLE,Central,34.042,-118.2625
2024-03-21 23:30:00,VEHICLE - STOLEN,Central,34.0451,-118.2604
2024-03-20 20:30:00,BURGLARY FROM VEHICLE,Central,34.0628,-118.2396
2024-03-22 09:30:00,TRESPASSING,Central,34.0508,-118.2586
2024-01-30 19:00:00,ARSON,Central,34.0502,-118.2539
2024-02-16 17:46:00,THEFT OF IDENTITY,Central,34.0387,-118.2384
2024-03-22 12:15:00,VEHICLE - STOLEN,Central,34.0383,-118.2633
2024-03-17 14:30:00,"BUNCO, GRAND THEFT",Central,34.0466,-118.259
2024-03-21 20:00:00,VEHICLE - STOLEN,Central,34.0628,-118.2286
2024-03-21 20:15:00,BATTERY POLICE (SIMPLE),Central,34.0561,-118.2375
2024-03-22 16:55:00,BATTERY - SIMPLE ASSAULT,Central,34.0561,-118.2375
2024-03-22 15:33:00,SHOPLIFTING - PETTY THEFT ($950 & UNDER),Central,34.0483,-118.2631
2024-03-15 10:00:00,THEFT FROM MOTOR VEHICLE - PETTY ($950 & UNDER),Central,34.0467,-118.252
2024-03-22 12:00:00,SHOPLIFTING - PETTY THEFT ($950 & UNDER),Central,34.0483,-118.2631
2024-03-22 14:00:00,TRESPASSING,Central,34.0549,-118.2511
2024-03-21 14:15:00,TRESPASSING,Central,34.0561,-118.2375
2024-03-22 14:45:00,TRESPASSING,Central,34.0549,-118.2511
2024-02-24 20:40:00,"THEFT-GRAND ($950.01 & OVER)EXCPT,GUNS,FOWL,LIVESTK,PROD",Central,34.0573,-118.2474
2024-03-21 21:30:00,BURGLARY FROM VEHICLE,Central,34.0601,-118.2502
2024-03-13 10:30:00,THEFT PLAIN - PETTY ($950 & UNDER),Central,34.0423,-118.2453
2024-03-21 22:00:00,"VANDALISM - FELONY ($400 & OVER, ALL CHURCH VANDALISMS)",Central,34.0446,-118.249
2024-03-18 18:58:00,THEFT PLAIN - PETTY ($950 & UNDER),Central,34.0483,-118.2631
2024-03-21 01:00:00,THEFT PLAIN - PETTY ($950 & UNDER),Central,34.0516,-118.2491
2024-02-17 21:20:00,"THEFT-GRAND ($950.01 & OVER)EXCPT,GUNS,FOWL,LIVESTK,PROD",Central,34.0573,-118.2474
2024-03-22 14:33:00,SHOPLIFTING - PETTY THEFT ($950 & UNDER),Central,34.0483,-118.2631
2024-03-21 09:21:00,PICKPOCKET,Central,34.0508,-118.2586
2024-03-21 23:09:00,TRESPASSING,Central,34.0406,-118.268
2024-03-22 10:30:00,PICKPOCKET,Central,34.0421,-118.2469
2024-03-23 12:55:00,VEHICLE - STOLEN,Central,34.0459,-118.2545
2024-03-23 12:10:00,SHOPLIFTING - PETTY THEFT ($950 & UNDER),Central,34.0561,-118.2375
2024-02-13 17:55:00,THEFT FROM MOTOR VEHICLE - GRAND ($950.01 AND OVER),Central,34.0409,-118.2609
2024-03-05 12:50:00,"THEFT-GRAND ($950.01 & OVER)EXCPT,GUNS,FOWL,LIVESTK,PROD",Central,34.0494,-118.2599
2024-03-22 19:54:00,BURGLARY FROM VEHICLE,Central,34.0396,-118.259
2024-03-22 13:52:00,"VANDALISM - FELONY ($400 & OVER, ALL CHURCH VANDALISMS)",Central,34.042,-118.2625
2024-03-22 21:05:00,"VANDALISM - FELONY ($400 & OVER, ALL CHURCH VANDALISMS)",Central,34.0446,-118.2507
2024-03-22 23:35:00,PICKPOCKET,Central,34.0582,-118.2387
2024-03-06 18:00:00,CRIMINAL THREATS - NO WEAPON DISPLAYED,Central,34.0453,-118.2499
2024-03-20 21:30:00,VEHICLE - STOLEN,Central,34.0581,-118.2371
2024-03-23 18:00:00,VEHICLE - STOLEN,Central,34.0445,-118.2558
2024-03-24 09:30:00,VEHICLE - STOLEN,Central,34.0404,-118.2504
2024-03-24 13:30:00,ROBBERY,Central,34.0368,-118.2412
2024-03-23 13:00:00,ORAL COPULATION,Central,34.0561,-118.2375
2024-03-23 09:05:00,BURGLARY FROM VEHICLE,Central,34.0517,-118.2474
2024-03-23 01:00:00,"VANDALISM - FELONY ($400 & OVER, ALL CHURCH VANDALISMS)",Central,34.046,-118.251
2024-03-22 21:28:00,"THEFT-GRAND ($950.01 & OVER)EXCPT,GUNS,FOWL,LIVESTK,PROD",Central,34.0437,-118.2617
2024-03-22 02:30:00,BURGLARY FROM VEHICLE,Central,34.0348,-118.2688
2024-03-15 20:10:00,THEFT PLAIN - PETTY ($950 & UNDER),Central,34.0383,-118.2305
2024-03-05 13:00:00,PICKPOCKET,Central,34.0486,-118.2571
2024-03-21 14:30:00,THEFT PLAIN - PETTY ($950 & UNDER),Central,34.0471,-118.2474
2024-03-23 18:20:00,PICKPOCKET,Central,34.051,-118.248
2024-01-09 12:42:00,"VANDALISM - FELONY ($400 & OVER, ALL CHURCH VANDALISMS)",Central,34.0454,-118.2465
2024-01-09 12:42:00,"VANDALISM - FELONY ($400 & OVER, ALL CHURCH VANDALISMS)",Central,34.0461,-118.2461
2024-03-23 21:30:00,BURGLARY FROM VEHICLE,Central,34.0415,-118.262
2024-03-24 14:55:00,THEFT PLAIN - PETTY ($950 & UNDER),Central,34.0431,-118.2692
2024-03-24 17:15:00,BURGLARY FROM VEHICLE,Central,34.0502,-118.2336
2024-03-23 00:01:00,"VANDALISM - FELONY ($400 & OVER, ALL CHURCH VANDALISMS)",Central,34.0396,-118.259
2024-03-24 22:30:00,BURGLARY FROM VEHICLE,Central,34.0486,-118.2339
2024-03-24 00:47:00,VANDALISM - MISDEAMEANOR ($399 OR UNDER),Central,34.0444,-118.2593
2024-03-21 18:10:00,SHOPLIFTING - PETTY THEFT ($950 & UNDER),Central,34.0483,-118.2631
2024-03-22 17:33:00,SHOPLIFTING - PETTY THEFT ($950 & UNDER),Central,34.0483,-118.2631
2024-03-21 17:00:00,SHOPLIFTING - PETTY THEFT ($950 & UNDER),Central,34.0384,-118.2571
2024-03-23 19:35:00,SHOPLIFTING - PETTY THEFT ($950 & UNDER),Central,34.0466,-118.252
2024-03-01 18:44:00,THEFT OF IDENTITY,Central,34.0393,-118.2659
2024-03-23 23:30:00,BURGLARY FROM VEHICLE,Central,34.0396,-118.2558
2024-03-24 23:15:00,ATTEMPTED ROBBERY,Central,34.0547,-118.2335
2024-03-24 08:59:00,TRESPASSING,Central,34.0549,-118.2511
2024-03-25 13:10:00,VEHICLE - STOLEN,Central,34.0504,-118.2409
2024-03-25 00:01:00,TRESPASSING,Central,34.0524,-118.2467
2024-03-23 02:30:00,BATTERY - SIMPLE ASSAULT,Central,34.0558,-118.24
2024-03-23 08:00:00,SHOPLIFTING - PETTY THEFT ($950 & UNDER),Central,34.0483,-118.2631
2024-03-23 15:30:00,SHOPLIFTING - PETTY THEFT ($950 & UNDER),Central,34.048,-118.2577
2024-03-16 15:00:00,"THEFT-GRAND ($950.01 & OVER)EXCPT,GUNS,FOWL,LIVESTK,PROD",Central,34.0431,-118.2692
2024-02-18 11:30:00,BURGLARY FROM VEHICLE,Central,34.0495,-118.2459
2024-03-23 19:00:00,"VANDALISM - FELONY ($400 & OVER, ALL CHURCH VANDALISMS)",Central,34.046,-118.251
2024-03-24 10:00:00,VANDALISM - MISDEAMEANOR ($399 OR UNDER),Central,34.0333,-118.2657
2024-03-22 21:45:00,BURGLARY FROM VEHICLE,Central,34.0408,-118.2644
2024-03-24 05:00:00,VANDALISM - MISDEAMEANOR ($399 OR UNDER),Central,34.0516,-118.2561
2024-03-24 07:00:00,THEFT PLAIN - PETTY ($950 & UNDER),Central,34.0439,-118.2479
2024-03-22 23:00:00,BURGLARY FROM VEHICLE,Central,34.0394,-118.2623
2024-03-24 10:00:00,VEHICLE - STOLEN,Central,34.0389,-118.2643
2024-03-24 15:00:00,VEHICLE - STOLEN,Central,34.0542,-118.2415
2024-03-24 21:40:00,VEHICLE - STOLEN,Central,34.043,-118.2606
2024-03-22 22:00:00,"VEHICLE, STOLEN - OTHER (MOTORIZED SCOOTERS, BIKES, ETC)",Central,34.0453,-118.2499
2024-03-24 23:00:00,VEHICLE - STOLEN,Central,34.0475,-118.2657
2024-03-25 13:37:00,SHOPLIFTING - PETTY THEFT ($950 & UNDER),Central,34.0483,-118.2631
2024-03-25 15:40:00,TRESPASSING,Central,34.0549,-118.2511
2024-03-25 14:05:00,TRESPASSING,Central,34.0549,-118.2511
2024-03-25 22:20:00,TRESPASSING,Central,34.0561,-118.2375
2024-03-24 10:10:00,"VANDALISM - FELONY ($400 & OVER, ALL CHURCH VANDALISMS)",Central,34.0561,-118.2375
2024-03-25 21:00:00,BURGLARY FROM VEHICLE,Central,34.0531,-118.2512
2024-03-23 02:00:00,"THEFT-GRAND ($950.01 & OVER)EXCPT,GUNS,FOWL,LIVESTK,PROD",Central,34.0486,-118.2362
2024-03-26 00:30:00,"VANDALISM - FELONY ($400 & OVER, ALL CHURCH VANDALISMS)",Central,34.0467,-118.2485
2024-03-23 03:26:00,THEFT OF IDENTITY,Central,34.0487,-118.2362
2024-03-12 06:00:00,"BURGLARY FROM VEHICLE, ATTEMPTED",Central,34.0589,-118.2526
2024-03-24 22:00:00,VEHICLE - STOLEN,Central,34.0545,-118.2499
2024-03-26 08:30:00,BURGLARY FROM VEHICLE,Central,34.0423,-118.2595
2024-03-23 11:25:00,SHOPLIFTING - PETTY THEFT ($950 & UNDER),Central,34.0483,-118.2631
2024-03-23 18:00:00,BURGLARY FROM VEHICLE,Central,34.0537,-118.2523
2024-03-22 23:52:00,PICKPOCKET,Central,34.0652,-118.2369
2024-03-22 21:00:00,"VANDALISM - FELONY ($400 & OVER, ALL CHURCH VANDALISMS)",Central,34.0506,-118.2371
2024-03-26 15:30:00,ARSON,Central,34.0502,-118.2539
2024-01-03 12:30:00,THEFT OF IDENTITY,Central,34.0408,-118.2644
2024-03-22 19:38:00,BURGLARY FROM VEHICLE,Central,34.0473,-118.2601
2024-02-29 06:00:00,"VANDALISM - FELONY ($400 & OVER, ALL CHURCH VANDALISMS)",Central,34.0539,-118.2436
2024-03-25 20:54:00,"VANDALISM - FELONY ($400 & OVER, ALL CHURCH VANDALISMS)",Central,34.0572,-118.2481
2024-03-22 14:55:00,SHOPLIFTING - PETTY THEFT ($950 & UNDER),Central,34.048,-118.2577
2024-03-22 12:00:00,BURGLARY FROM VEHICLE,Central,34.0524,-118.2467
2024-03-25 21:00:00,BURGLARY FROM VEHICLE,Central,34.0537,-118.2523
2024-03-26 16:40:00,VEHICLE - STOLEN,Central,34.0413,-118.2517
2024-03-25 17:00:00,SHOPLIFTING - PETTY THEFT ($950 & UNDER),Central,34.0483,-118.2631
2024-03-20 22:43:00,THEFT PLAIN - PETTY ($950 & UNDER),Central,34.0615,-118.247
2024-03-22 18:16:00,SHOPLIFTING - PETTY THEFT ($950 & UNDER),Central,34.0483,-118.2631
2024-03-21 19:15:00,THEFT OF IDENTITY,Central,34.0615,-118.247
2024-03-26 19:10:00,BURGLARY FROM VEHICLE,Central,34.0511,-118.2334
2024-03-04 19:35:00,THEFT FROM MOTOR VEHICLE - PETTY ($950 & UNDER),Central,34.0551,-118.2545
2024-03-17 17:00:00,VEHICLE - STOLEN,Central,34.0663,-118.2442
2024-02-13 08:00:00,BATTERY - SIMPLE ASSAULT,Central,34.0453,-118.2499
2024-03-26 16:45:00,RESISTING ARREST,Central,34.0549,-118.2511
2024-03-26 07:00:00,"VANDALISM - FELONY ($400 & OVER, ALL CHURCH VANDALISMS)",Central,34.0439,-118.2326
2024-03-27 13:25:00,"VEHICLE, STOLEN - OTHER (MOTORIZED SCOOTERS, BIKES, ETC)",Central,34.0483,-118.2631
2024-03-19 13:40:00,SHOPLIFTING - PETTY THEFT ($950 & UNDER),Central,34.0483,-118.2631
2024-03-25 21:40:00,BURGLARY FROM VEHICLE,Central,34.0387,-118.2612
2024-03-26 15:00:00,THEFT PLAIN - PETTY ($950 & UNDER),Central,34.0462,-118.2585
2024-03-27 14:25:00,TRESPASSING,Central,34.0547,-118.2335
2024-03-27 15:32:00,VEHICLE - STOLEN,Central,34.0401,-118.2357
2024-03-26 10:49:00,"THEFT-GRAND ($950.01 & OVER)EXCPT,GUNS,FOWL,LIVESTK,PROD",Central,34.0547,-118.2335
2024-03-20 12:26:00,BURGLARY FROM VEHICLE,Central,34.0331,-118.2599
2024-03-22 10:00:00,THEFT PLAIN - PETTY ($950 & UNDER),Central,34.0454,-118.2658
2024-03-27 18:28:00,SHOPLIFTING-GRAND THEFT ($950.01 & OVER),Central,34.058,-118.241
2024-03-27 14:15:00,OTHER MISCELLANEOUS CRIME,Central,34.0439,-118.2497
2024-03-27 20:00:00,BURGLARY FROM VEHICLE,Central,34.0472,-118.2362
2024-03-27 22:40:00,VEHICLE - STOLEN,Central,34.0377,-118.2622
2024-03-27 13:00:00,VEHICLE - STOLEN,Central,34.0388,-118.2574
2024-02-03 12:00:00,THEFT FROM MOTOR VEHICLE - PETTY ($950 & UNDER),Central,34.0714,-118.2329
2024-03-28 01:45:00,VEHICLE - STOLEN,Central,34.0451,-118.2604
2024-01-08 20:00:00,INTIMATE PARTNER - SIMPLE ASSAULT,Central,34.0453,-118.2499
2024-03-14 07:00:00,TRESPASSING,Central,34.0561,-118.2375
2024-03-27 21:00:00,BURGLARY FROM VEHICLE,Central,34.0381,-118.263
2024-03-21 21:15:00,BURGLARY FROM VEHICLE,Central,34.0444,-118.2593
2024-03-27 15:20:00,"VANDALISM - FELONY ($400 & OVER, ALL CHURCH VANDALISMS)",Central,34.0394,-118.2623
2024-03-27 20:30:00,BURGLARY FROM VEHICLE,Central,34.0366,-118.2325
2024-03-12 06:30:00,THEFT OF IDENTITY,Central,34.042,-118.2625
2024-03-23 01:30:00,THEFT PLAIN - PETTY ($950 & UNDER),Central,34.0417,-118.2584
2024-03-27 19:45:00,BURGLARY FROM VEHICLE,Central,34.0493,-118.2417
2024-01-03 08:10:00,THEFT PLAIN - PETTY ($950 & UNDER),Central,34.0561,-118.2375
2024-03-27 21:55:00,"VANDALISM - FELONY ($400 & OVER, ALL CHURCH VANDALISMS)",Central,34.0466,-118.252
2024-03-28 00:40:00,BURGLARY FROM VEHICLE,Central,34.0437,-118.2582
2024-03-28 12:00:00,VANDALISM - MISDEAMEANOR ($399 OR UNDER),Central,34.0516,-118.2561
2024-03-27 11:20:00,TRESPASSING,Central,34.0508,-118.2586
2024-03-12 11:15:00,"VANDALISM - FELONY ($400 & OVER, ALL CHURCH VANDALISMS)",Central,34.0508,-118.2586
2024-03-28 07:00:00,BATTERY - SIMPLE ASSAULT,Central,34.0369,-118.2705
2024-03-28 14:20:00,"THEFT-GRAND ($950.01 & OVER)EXCPT,GUNS,FOWL,LIVESTK,PROD",Central,34.0459,-118.2545
2024-02-04 23:55:00,THEFT PLAIN - PETTY ($950 & UNDER),Central,34.0419,-118.2669
2024-02-06 22:30:00,THEFT OF IDENTITY,Central,34.0462,-118.2585
2024-03-27 15:00:00,THEFT PLAIN - PETTY ($950 & UNDER),Central,34.0569,-118.254
2024-03-28 21:20:00,TRESPASSING,Central,34.0561,-118.2375
2024-03-28 19:35:00,VEHICLE - STOLEN,Central,34.0487,-118.2588
2024-03-28 23:40:00,TRESPASSING,Central,34.0549,-118.2511
2024-03-28 20:00:00,SHOPLIFTING - PETTY THEFT ($950 & UNDER),Central,34.0483,-118.2631
2024-03-28 18:15:00,OTHER ASSAULT,Central,34.0382,-118.2384
2024-03-27 19:15:00,SHOPLIFTING - PETTY THEFT ($950 & UNDER),Central,34.0483,-118.2631
2024-03-27 19:00:00,SHOPLIFTING - PETTY THEFT ($950 & UNDER),Central,34.0483,-118.2631
2024-03-29 00:01:00,BATTERY - SIMPLE ASSAULT,Central,34.0457,-118.2665
2024-03-29 00:01:00,VEHICLE - STOLEN,Central,34.0487,-118.2588
2024-03-27 00:01:00,VEHICLE - STOLEN,Central,34.051,-118.2445
2024-03-28 20:00:00,VEHICLE - STOLEN,Central,34.0405,-118.2567
2024-03-29 08:25:00,VEHICLE - STOLEN,Central,34.0532,-118.2425
2024-03-29 10:30:00,BATTERY - SIMPLE ASSAULT,Central,34.0508,-118.2586
2024-03-29 01:39:00,TRESPASSING,Central,34.0561,-118.2375
2024-03-29 08:00:00,OTHER ASSAULT,Central,34.0561,-118.2375
2024-03-22 17:00:00,THEFT FROM MOTOR VEHICLE - PETTY ($950 & UNDER),Central,34.0483,-118.2631
2024-03-27 23:05:00,TRESPASSING,Central,34.0549,-118.2511
2024-03-23 01:05:00,PICKPOCKET,Central,34.0496,-118.2603
2024-03-27 07:30:00,THEFT FROM MOTOR VEHICLE - PETTY ($950 & UNDER),Central,34.0473,-118.2531
2024-03-29 17:35:00,THEFT PLAIN - PETTY ($950 & UNDER),Central,34.0461,-118.2674
2024-03-27 19:54:00,SHOPLIFTING - PETTY THEFT ($950 & UNDER),Central,34.0466,-118.252
2024-03-29 19:06:00,SHOPLIFTING - PETTY THEFT ($950 & UNDER),Central,34.0466,-118.252
2024-03-29 20:30:00,"VANDALISM - FELONY ($400 & OVER, ALL CHURCH VANDALISMS)",Central,34.0426,-118.2528
2024-03-26 17:45:00,BURGLARY FROM VEHICLE,Central,34.0509,-118.2316
2024-03-29 23:15:00,VEHICLE - STOLEN,Central,34.0467,-118.2485
2024-03-28 20:26:00,THEFT PLAIN - PETTY ($950 & UNDER),Central,34.0423,-118.2595
2024-03-27 23:00:00,VEHICLE - STOLEN,Central,34.0419,-118.2669
2024-03-29 22:22:00,THEFT FROM MOTOR VEHICLE - PETTY ($950 & UNDER),Central,34.0446,-118.249
2024-03-29 22:07:00,"ASSAULT WITH DEADLY WEAPON, AGGRAVATED ASSAULT",Central,34.0485,-118.2569
2024-03-29 19:50:00,BATTERY - SIMPLE ASSAULT,Central,34.0421,-118.2469
2024-03-30 02:00:00,TRESPASSING,Central,34.0498,-118.24
2024-03-28 09:50:00,"ASSAULT WITH DEADLY WEAPON, AGGRAVATED ASSAULT",Central,34.0415,-118.2655
2024-03-28 09:50:00,BATTERY POLICE (SIMPLE),Central,34.0415,-118.2655
2024-03-30 07:40:00,TRESPASSING,Central,34.0497,-118.2381
2024-03-30 00:44:00,BURGLARY FROM VEHICLE,Central,34.0414,-118.2399
2024-03-29 17:30:00,VANDALISM - MISDEAMEANOR ($399 OR UNDER),Central,34.0358,-118.2594
2024-03-30 01:30:00,BURGLARY FROM VEHICLE,Central,34.0348,-118.2688
2024-03-30 15:35:00,VANDALISM - MISDEAMEANOR ($399 OR UNDER),Central,34.0487,-118.2588
2024-03-27 18:55:00,SHOPLIFTING - PETTY THEFT ($950 & UNDER),Central,34.0483,-118.2631
2024-03-30 14:15:00,BATTERY - SIMPLE ASSAULT,Central,34.0511,-118.2597
2024-03-15 16:45:00,SHOPLIFTING - PETTY THEFT ($950 & UNDER),Central,34.0483,-118.2631
2024-03-30 16:00:00,"VANDALISM - FELONY ($400 & OVER, ALL CHURCH VANDALISMS)",Central,34.0461,-118.2395
2024-03-28 08:00:00,THEFT PLAIN - PETTY ($950 & UNDER),Central,34.0502,-118.2539
2024-03-30 03:14:00,"VANDALISM - FELONY ($400 & OVER, ALL CHURCH VANDALISMS)",Central,34.043,-118.2571
2024-03-30 19:35:00,BURGLARY FROM VEHICLE,Central,34.0446,-118.2507
2024-03-30 20:45:00,SHOPLIFTING - PETTY THEFT ($950 & UNDER),Central,34.0483,-118.2631
2024-03-30 17:30:00,SHOPLIFTING - PETTY THEFT ($950 & UNDER),Central,34.0483,-118.2631
2024-03-29 20:00:00,TRESPASSING,Central,34.0414,-118.2319
2024-03-30 12:00:00,VEHICLE - STOLEN,Central,34.0458,-118.2614
2024-03-31 01:00:00,VEHICLE - STOLEN,Central,34.0462,-118.2371
2024-03-30 21:00:00,VEHICLE - STOLEN,Central,34.0401,-118.2669
2024-03-30 20:00:00,VEHICLE - STOLEN,Central,34.0476,-118.2637
2024-03-31 02:30:00,INTIMATE PARTNER - SIMPLE ASSAULT,Central,34.064,-118.2375
2024-03-29 17:58:00,"THEFT-GRAND ($950.01 & OVER)EXCPT,GUNS,FOWL,LIVESTK,PROD",Central,34.0498,-118.24
2024-03-31 01:00:00,PICKPOCKET,Central,34.051,-118.248
2024-03-29 10:00:00,"THEFT-GRAND ($950.01 & OVER)EXCPT,GUNS,FOWL,LIVESTK,PROD",Central,34.0606,-118.2439
2024-03-30 22:00:00,BURGLARY FROM VEHICLE,Central,34.0369,-118.2583
2024-03-31 16:30:00,BURGLARY FROM VEHICLE,Central,34.0487,-118.2627
2024-03-27 23:30:00,BURGLARY FROM VEHICLE,Central,34.033,-118.2615
2024-03-31 01:05:00,"VANDALISM - FELONY ($400 & OVER, ALL CHURCH VANDALISMS)",Central,34.0437,-118.2582
2024-03-30 03:40:00,"VANDALISM - FELONY ($400 & OVER, ALL CHURCH VANDALISMS)",Central,34.0348,-118.2688
2024-03-08 10:20:00,THEFT PLAIN - PETTY ($950 & UNDER),Central,34.0626,-118.2445
2024-03-30 23:00:00,BURGLARY FROM VEHICLE,Central,34.046,-118.2493
2024-03-31 16:45:00,ROBBERY,Central,34.0559,-118.232
2024-03-31 15:55:00,TRESPASSING,Central,34.0561,-118.2375
2024-03-31 22:20:00,TRESPASSING,Central,34.0561,-118.2375
2024-03-31 16:00:00,VEHICLE - STOLEN,Central,34.0502,-118.2336
2024-03-30 23:05:00,BURGLARY FROM VEHICLE,Central,34.048,-118.2542
2024-04-01 11:10:00,BATTERY - SIMPLE ASSAULT,Central,34.0547,-118.2335
2024-04-01 11:10:00,"VANDALISM - FELONY ($400 & OVER, ALL CHURCH VANDALISMS)",Central,34.0547,-118.2335
2024-03-31 19:00:00,VEHICLE - STOLEN,Central,34.048,-118.2577
2024-04-01 00:38:00,VEHICLE - STOLEN,Central,34.0415,-118.262
2024-04-01 00:30:00,VEHICLE - STOLEN,Central,34.0415,-118.262
2024-01-01 00:01:00,THEFT FROM MOTOR VEHICLE - PETTY ($950 & UNDER),Central,34.0466,-118.259
2024-03-28 18:00:00,VEHICLE - STOLEN,Central,34.0419,-118.2669
2024-03-24 15:30:00,THEFT PLAIN - PETTY ($950 & UNDER),Central,34.0453,-118.2443
2024-04-01 11:30:00,BIKE - STOLEN,Central,34.0462,-118.2585
2024-03-30 23:50:00,"THEFT-GRAND ($950.01 & OVER)EXCPT,GUNS,FOWL,LIVESTK,PROD",Central,34.0449,-118.2415
2024-04-01 23:00:00,BURGLARY FROM VEHICLE,Central,34.0454,-118.2333
2024-04-01 22:10:00,BURGLARY FROM VEHICLE,Central,34.0493,-118.2417
2024-03-10 16:15:00,VANDALISM - MISDEAMEANOR ($399 OR UNDER),Central,34.0488,-118.2483
2024-04-01 18:40:00,THEFT OF IDENTITY,Central,34.0485,-118.2569
2024-04-01 10:55:00,"VANDALISM - FELONY ($400 & OVER, ALL CHURCH VANDALISMS)",Central,34.0547,-118.2335
2024-04-01 12:50:00,BATTERY - SIMPLE ASSAULT,Central,34.049,-118.2592
2024-04-01 23:45:00,TRESPASSING,Central,34.0549,-118.2511
2024-03-07 20:40:00,ROBBERY,Central,34.0561,-118.2375
2024-04-02 07:30:00,THEFT FROM MOTOR VEHICLE - PETTY ($950 & UNDER),Central,34.0392,-118.2328
2024-03-30 23:16:00,PICKPOCKET,Central,34.0445,-118.2523
2024-04-01 18:30:00,"VANDALISM - FELONY ($400 & OVER, ALL CHURCH VANDALISMS)",Central,34.0419,-118.2351
2024-03-31 23:00:00,VANDALISM - MISDEAMEANOR ($399 OR UNDER),Central,34.0516,-118.2561
2024-04-02 13:05:00,THEFT PLAIN - PETTY ($950 & UNDER),Central,34.0483,-118.2631
2024-04-02 13:14:00,SHOPLIFTING - PETTY THEFT ($950 & UNDER),Central,34.0483,-118.2631
2024-01-10 10:00:00,THEFT OF IDENTITY,Central,34.042,-118.2625
2024-04-01 17:00:00,BURGLARY,Central,34.0384,-118.2723
2024-04-03 00:30:00,VEHICLE - STOLEN,Central,34.0445,-118.2523
2024-02-07 17:31:00,"LETTERS, LEWD  -  TELEPHONE CALLS, LEWD",Central,34.0415,-118.262
2024-03-30 17:00:00,"VANDALISM - FELONY ($400 & OVER, ALL CHURCH VANDALISMS)",Central,34.0519,-118.2531
2024-03-28 12:00:00,THEFT OF IDENTITY,Central,34.0487,-118.2627
2024-04-02 18:30:00,BURGLARY FROM VEHICLE,Central,34.0472,-118.2362
2024-04-02 14:00:00,BURGLARY FROM VEHICLE,Central,34.0462,-118.2585
2024-03-10 20:11:00,"THEFT-GRAND ($950.01 & OVER)EXCPT,GUNS,FOWL,LIVESTK,PROD",Central,34.0473,-118.2566
2024-03-23 00:30:00,BURGLARY FROM VEHICLE,Central,34.033,-118.2615
2024-04-02 19:45:00,BURGLARY FROM VEHICLE,Central,34.0455,-118.2379
2024-03-22 10:30:00,"EMBEZZLEMENT, GRAND THEFT ($950.01 & OVER)",Central,34.0308,-118.2638
2024-03-29 14:05:00,BURGLARY FROM VEHICLE,Central,34.0615,-118.247
2024-04-02 18:15:00,BURGLARY FROM VEHICLE,Central,34.0461,-118.2395
2024-04-03 04:00:00,VANDALISM - MISDEAMEANOR ($399 OR UNDER),Central,34.0473,-118.2425
2024-04-03 17:42:00,TRESPASSING,Central,34.0494,-118.2599
2024-04-03 14:55:00,VEHICLE - STOLEN,Central,34.0632,-118.2408
2024-04-03 16:55:00,SHOPLIFTING - PETTY THEFT ($950 & UNDER),Central,34.048,-118.2577
2024-04-03 18:45:00,VEHICLE - STOLEN,Central,34.047,-118.2647
2024-04-02 16:00:00,"RAPE, FORCIBLE",Central,34.0442,-118.2439
2024-04-03 13:21:00,SHOPLIFTING - PETTY THEFT ($950 & UNDER),Central,34.0483,-118.2631
2024-03-16 14:37:00,SHOPLIFTING - PETTY THEFT ($950 & UNDER),Central,34.0452,-118.2533
2024-04-02 20:00:00,THEFT PLAIN - PETTY ($950 & UNDER),Central,34.0495,-118.2494
2024-04-03 10:00:00,VANDALISM - MISDEAMEANOR ($399 OR UNDER),Central,34.0516,-118.2561
2024-03-24 14:26:00,BURGLARY FROM VEHICLE,Central,34.0615,-118.247
2024-03-28 13:03:00,THEFT PLAIN - PETTY ($950 & UNDER),Central,34.0473,-118.2601
2024-04-02 17:34:00,SHOPLIFTING - PETTY THEFT ($950 & UNDER),Central,34.0483,-118.2631
2024-04-02 16:45:00,SHOPLIFTING - PETTY THEFT ($950 & UNDER),Central,34.0483,-118.2631
2024-01-02 23:00:00,OTHER MISCELLANEOUS CRIME,Central,34.0615,-118.2412
2024-04-04 00:01:00,PICKPOCKET,Central,34.0516,-118.2491
2024-04-04 06:26:00,TRESPASSING,Central,34.0508,-118.2586
2024-04-01 17:20:00,"THEFT-GRAND ($950.01 & OVER)EXCPT,GUNS,FOWL,LIVESTK,PROD",Central,34.0472,-118.2371
2024-04-01 18:00:00,THEFT FROM MOTOR VEHICLE - PETTY ($950 & UNDER),Central,34.0695,-118.2324
2024-04-04 15:20:00,"THEFT-GRAND ($950.01 & OVER)EXCPT,GUNS,FOWL,LIVESTK,PROD",Central,34.0571,-118.2405
2024-01-29 11:40:00,"EMBEZZLEMENT, GRAND THEFT ($950.01 & OVER)",Central,34.0479,-118.2612
2024-01-31 12:22:00,VEHICLE - STOLEN,Central,34.0479,-118.2612
2024-02-28 11:30:00,"EMBEZZLEMENT, GRAND THEFT ($950.01 & OVER)",Central,34.0479,-118.2612
2024-03-01 19:00:00,"EMBEZZLEMENT, GRAND THEFT ($950.01 & OVER)",Central,34.0479,-118.2612
2024-03-23 18:30:00,"THEFT-GRAND ($950.01 & OVER)EXCPT,GUNS,FOWL,LIVESTK,PROD",Central,34.0561,-118.2375
2024-04-04 14:00:00,TRESPASSING,Central,34.0508,-118.2586
2024-04-04 19:35:00,BATTERY - SIMPLE ASSAULT,Central,34.0401,-118.2669
2024-04-04 17:00:00,THEFT OF IDENTITY,Central,34.0495,-118.2564
2024-02-22 18:30:00,THEFT PLAIN - PETTY ($950 & UNDER),Central,34.0607,-118.2494
2024-04-05 01:53:00,VEHICLE - STOLEN,Central,34.0423,-118.2561
2024-04-05 05:12:00,ARSON,Central,34.0351,-118.2614
2024-04-05 07:55:00,INTIMATE PARTNER - AGGRAVATED ASSAULT,Central,34.0508,-118.2586
2024-04-04 22:30:00,VEHICLE - STOLEN,Central,34.0415,-118.262
2024-04-03 18:00:00,THEFT FROM MOTOR VEHICLE - PETTY ($950 & UNDER),Central,34.0364,-118.2707
2024-03-05 22:00:00,LEWD CONDUCT,Central,34.0445,-118.2523
2024-04-05 07:15:00,BATTERY - SIMPLE ASSAULT,Central,34.0561,-118.2375
2024-04-03 00:01:00,THEFT OF IDENTITY,Central,34.0462,-118.2585
2024-04-04 20:00:00,BURGLARY FROM VEHICLE,Central,34.0446,-118.2507
2024-04-04 19:40:00,SHOPLIFTING - PETTY THEFT ($950 & UNDER),Central,34.0483,-118.2631
2024-04-04 19:28:00,SHOPLIFTING - PETTY THEFT ($950 & UNDER),Central,34.0466,-118.252
2024-04-05 12:10:00,TRESPASSING,Central,34.0502,-118.2539
2024-04-05 13:40:00,SHOPLIFTING - PETTY THEFT ($950 & UNDER),Central,34.048,-118.2577
2024-04-05 13:30:00,SHOPLIFTING - PETTY THEFT ($950 & UNDER),Central,34.048,-118.2577
2024-04-03 22:00:00,VEHICLE - STOLEN,Central,34.0364,-118.2677
2024-04-05 09:40:00,VEHICLE - STOLEN,Central,34.0442,-118.2439
2024-04-03 01:00:00,VEHICLE - STOLEN,Central,34.053,-118.2512
2024-04-05 17:55:00,FAILURE TO YIELD,Central,34.0387,-118.2335
2024-04-05 20:29:00,"LETTERS, LEWD  -  TELEPHONE CALLS, LEWD",Central,34.0515,-118.2424
2024-04-04 17:10:00,SHOPLIFTING - PETTY THEFT ($950 & UNDER),Central,34.0466,-118.252
2024-04-03 09:32:00,THEFT PLAIN - PETTY ($950 & UNDER),Central,34.0413,-118.2517
2024-04-05 21:39:00,PICKPOCKET,Central,34.0571,-118.2405
2024-04-05 16:50:00,BATTERY - SIMPLE ASSAULT,Central,34.0561,-118.2375
2024-04-06 12:00:00,THEFT FROM MOTOR VEHICLE - PETTY ($950 & UNDER),Central,34.0495,-118.2458
2024-04-06 16:25:00,"VEHICLE, STOLEN - OTHER (MOTORIZED SCOOTERS, BIKES, ETC)",Central,34.0409,-118.2574
2024-04-06 01:00:00,"THEFT, PERSON",Central,34.051,-118.248
2024-04-06 09:55:00,"ASSAULT WITH DEADLY WEAPON, AGGRAVATED ASSAULT",Central,34.0561,-118.2375
2024-04-06 12:11:00,SHOPLIFTING - PETTY THEFT ($950 & UNDER),Central,34.0483,-118.2631
2024-04-05 19:33:00,BURGLARY FROM VEHICLE,Central,34.0472,-118.2362
2024-03-29 20:00:00,BURGLARY FROM VEHICLE,Central,34.0633,-118.2336
2024-04-05 14:50:00,SHOPLIFTING-GRAND THEFT ($950.01 & OVER),Central,34.0437,-118.2547
2024-04-06 14:30:00,SHOPLIFTING-GRAND THEFT ($950.01 & OVER),Central,34.048,-118.2577
2024-04-05 23:23:00,PICKPOCKET,Central,34.0652,-118.2369
2024-04-04 16:34:00,SHOPLIFTING - PETTY THEFT ($950 & UNDER),Central,34.0483,-118.2631
2024-04-06 01:00:00,VEHICLE - STOLEN,Central,34.0454,-118.2333
2024-04-05 18:15:00,SHOPLIFTING - PETTY THEFT ($950 & UNDER),Central,34.0483,-118.2631
2024-04-02 10:50:00,THEFT PLAIN - PETTY ($950 & UNDER),Central,34.0439,-118.2514
2024-04-04 19:00:00,"VANDALISM - FELONY ($400 & OVER, ALL CHURCH VANDALISMS)",Central,34.0423,-118.263
2024-04-06 14:30:00,SHOPLIFTING - PETTY THEFT ($950 & UNDER),Central,34.048,-118.2577
2024-04-06 13:48:00,THEFT PLAIN - PETTY ($950 & UNDER),Central,34.0522,-118.2538
2024-04-06 17:16:00,BURGLARY FROM VEHICLE,Central,34.0516,-118.2491
2024-04-06 17:30:00,VEHICLE - STOLEN,Central,34.0626,-118.2434
2024-03-30 12:45:00,PICKPOCKET,Central,34.0504,-118.2409
2024-04-07 00:30:00,PICKPOCKET,Central,34.0493,-118.2582
2024-04-06 09:15:00,BURGLARY FROM VEHICLE,Central,34.0582,-118.2387
2024-04-06 03:00:00,VEHICLE - STOLEN,Central,34.0466,-118.259
2024-04-07 13:15:00,BATTERY - SIMPLE ASSAULT,Central,34.0354,-118.2699
2024-04-06 19:40:00,"VANDALISM - FELONY ($400 & OVER, ALL CHURCH VANDALISMS)",Central,34.0488,-118.25
2024-04-06 12:45:00,TRESPASSING,Central,34.0502,-118.2539
2024-04-06 22:00:00,TRESPASSING,Central,34.0547,-118.2335
2024-04-06 18:00:00,SHOPLIFTING - PETTY THEFT ($950 & UNDER),Central,34.0483,-118.2631
2024-04-06 22:10:00,TRESPASSING,Central,34.0508,-118.2586
2024-04-04 07:30:00,THEFT PLAIN - PETTY ($950 & UNDER),Central,34.0606,-118.2439
2024-04-07 01:15:00,THEFT PLAIN - PETTY ($950 & UNDER),Central,34.0438,-118.2397
2024-04-06 21:25:00,"VANDALISM - FELONY ($400 & OVER, ALL CHURCH VANDALISMS)",Central,34.0428,-118.2532
2024-04-07 07:00:00,ROBBERY,Central,34.0363,-118.2672
2024-04-06 23:00:00,BATTERY - SIMPLE ASSAULT,Central,34.0547,-118.2335
2024-04-06 22:00:00,VEHICLE - STOLEN,Central,34.0473,-118.2566
2024-04-06 11:50:00,SHOPLIFTING-GRAND THEFT ($950.01 & OVER),Central,34.0437,-118.2547
2024-04-07 20:25:00,TRESPASSING,Central,34.0508,-118.2586
2024-04-06 21:20:00,BURGLARY FROM VEHICLE,Central,34.0583,-118.2396
2024-04-06 23:20:00,TRESPASSING,Central,34.0508,-118.2586
2024-04-06 22:05:00,TRESPASSING,Central,34.0552,-118.2511
2024-04-07 16:10:00,BATTERY - SIMPLE ASSAULT,Central,34.0502,-118.2539
2024-04-07 23:30:00,VEHICLE - STOLEN,Central,34.0393,-118.2659
2024-04-07 16:00:00,VEHICLE - STOLEN,Central,34.0408,-118.2512
2024-04-07 21:00:00,VEHICLE - STOLEN,Central,34.0409,-118.2609
2024-04-06 19:39:00,"VANDALISM - FELONY ($400 & OVER, ALL CHURCH VANDALISMS)",Central,34.0626,-118.2445
2024-04-06 19:00:00,BURGLARY FROM VEHICLE,Central,34.0431,-118.2692
2024-04-06 17:30:00,BURGLARY FROM VEHICLE,Central,34.042,-118.2625
2024-04-06 03:40:00,BURGLARY,Central,34.0547,-118.2335
2024-04-03 13:23:00,"VANDALISM - FELONY ($400 & OVER, ALL CHURCH VANDALISMS)",Central,34.0452,-118.2569
2024-04-06 16:08:00,SHOPLIFTING - PETTY THEFT ($950 & UNDER),Central,34.0483,-118.2631
2024-04-05 19:00:00,VEHICLE - STOLEN,Central,34.0684,-118.2449
2024-03-26 07:10:00,"THEFT-GRAND ($950.01 & OVER)EXCPT,GUNS,FOWL,LIVESTK,PROD",Central,34.0495,-118.2494
2024-04-07 18:30:00,BURGLARY FROM VEHICLE,Central,34.0419,-118.2669
2024-04-07 10:25:00,BIKE - STOLEN,Central,34.0479,-118.2612
2024-04-07 22:00:00,THEFT FROM MOTOR VEHICLE - GRAND ($950.01 AND OVER),Central,34.0382,-118.2316
2024-04-05 18:00:00,VANDALISM - MISDEAMEANOR ($399 OR UNDER),Central,34.0516,-118.2561
2024-04-07 11:52:00,"VANDALISM - FELONY ($400 & OVER, ALL CHURCH VANDALISMS)",Central,34.0401,-118.2504
2024-03-10 12:30:00,THEFT OF IDENTITY,Central,34.0607,-118.2435
2024-02-15 12:00:00,"THEFT-GRAND ($950.01 & OVER)EXCPT,GUNS,FOWL,LIVESTK,PROD",Central,34.0537,-118.2558
2024-04-05 19:00:00,"VANDALISM - FELONY ($400 & OVER, ALL CHURCH VANDALISMS)",Central,34.0401,-118.2504
2024-04-08 23:00:00,TRESPASSING,Central,34.0524,-118.2467
2024-01-16 00:05:00,SEXUAL PENETRATION W/FOREIGN OBJECT,Central,34.0408,-118.2644
2024-04-09 07:00:00,TRESPASSING,Central,34.0522,-118.2434
2024-04-02 08:30:00,VEHICLE - STOLEN,Central,34.0348,-118.2688
2024-04-02 09:00:00,VEHICLE - STOLEN,Central,34.0348,-118.2688
2024-03-14 12:15:00,THEFT PLAIN - PETTY ($950 & UNDER),Central,34.0566,-118.2531
2024-04-09 06:00:00,THEFT PLAIN - PETTY ($950 & UNDER),Central,34.0488,-118.2518
2024-04-08 21:27:00,THEFT OF IDENTITY,Central,34.0452,-118.2569
2024-04-09 08:00:00,VANDALISM - MISDEAMEANOR ($399 OR UNDER),Central,34.0473,-118.2425
2024-04-06 01:25:00,PICKPOCKET,Central,34.0493,-118.2582
2024-04-09 10:00:00,THEFT PLAIN - PETTY ($950 & UNDER),Central,34.0689,-118.2431
2024-04-08 18:22:00,SHOPLIFTING - PETTY THEFT ($950 & UNDER),Central,34.0483,-118.2631
2024-04-08 12:30:00,VEHICLE - STOLEN,Central,34.0381,-118.263
2024-04-09 08:15:00,TRESPASSING,Central,34.0508,-118.2586
2024-04-09 06:05:00,TRESPASSING,Central,34.0508,-118.2586
2024-04-09 14:00:00,TRESPASSING,Central,34.0508,-118.2586
2024-04-09 14:50:00,TRESPASSING,Central,34.0488,-118.2518
2024-04-09 14:15:00,TRESPASSING,Central,34.0488,-118.2518
2024-04-09 15:15:00,TRESPASSING,Central,34.0488,-118.2518
2024-04-09 14:20:00,TRESPASSING,Central,34.0488,-118.2518
2024-04-09 17:10:00,VEHICLE - STOLEN,Central,34.0382,-118.2603
2024-04-09 08:00:00,UNAUTHORIZED COMPUTER ACCESS,Central,34.0498,-118.24
2024-04-10 00:01:00,BATTERY - SIMPLE ASSAULT,Central,34.0559,-118.232
2024-04-04 01:00:00,THEFT PLAIN - PETTY ($950 & UNDER),Central,34.0516,-118.2491
2024-04-07 21:00:00,"THEFT-GRAND ($950.01 & OVER)EXCPT,GUNS,FOWL,LIVESTK,PROD",Central,34.0431,-118.2692
2024-04-09 19:00:00,VANDALISM - MISDEAMEANOR ($399 OR UNDER),Central,34.0473,-118.2425
2024-04-08 15:22:00,"VANDALISM - FELONY ($400 & OVER, ALL CHURCH VANDALISMS)",Central,34.0454,-118.2333
2024-04-07 17:20:00,"VANDALISM - FELONY ($400 & OVER, ALL CHURCH VANDALISMS)",Central,34.0504,-118.2409
2024-04-09 15:10:00,SHOPLIFTING-GRAND THEFT ($950.01 & OVER),Central,34.048,-118.2542
2024-03-22 12:50:00,SHOPLIFTING - PETTY THEFT ($950 & UNDER),Central,34.0483,-118.2631
2024-04-09 18:50:00,SHOPLIFTING - PETTY THEFT ($950 & UNDER),Central,34.0466,-118.252
2024-04-07 01:00:00,PICKPOCKET,Central,34.0516,-118.2491
2024-04-09 15:00:00,TRESPASSING,Central,34.0488,-118.2518
2024-04-09 14:25:00,TRESPASSING,Central,34.0502,-118.2504
2024-04-09 14:45:00,TRESPASSING,Central,34.0502,-118.2504
2024-04-10 14:35:00,"VANDALISM - FELONY ($400 & OVER, ALL CHURCH VANDALISMS)",Central,34.0502,-118.2539
2024-04-10 14:10:00,TRESPASSING,Central,34.0549,-118.2511
2024-04-08 18:30:00,SHOPLIFTING - PETTY THEFT ($950 & UNDER),Central,34.0483,-118.2631
2024-04-10 07:00:00,THEFT FROM MOTOR VEHICLE - GRAND ($950.01 AND OVER),Central,34.0479,-118.2612
2024-04-10 14:35:00,"VANDALISM - FELONY ($400 & OVER, ALL CHURCH VANDALISMS)",Central,34.0519,-118.2531
2024-04-09 15:30:00,SHOPLIFTING - PETTY THEFT ($950 & UNDER),Central,34.048,-118.2577
2024-04-10 15:00:00,TRESPASSING,Central,34.0488,-118.2518
2024-04-10 15:20:00,TRESPASSING,Central,34.0488,-118.2518
2024-04-10 13:00:00,VEHICLE - STOLEN,Central,34.0439,-118.2709
2024-04-10 15:30:00,TRESPASSING,Central,34.0488,-118.2518
2024-04-07 11:05:00,PICKPOCKET,Central,34.0524,-118.2467
2024-04-10 15:45:00,BATTERY - SIMPLE ASSAULT,Central,34.0502,-118.2539
2024-04-10 18:00:00,VEHICLE - STOLEN,Central,34.0377,-118.2622
2024-04-10 20:55:00,TRESPASSING,Central,34.0559,-118.232
2024-04-11 04:11:00,VEHICLE - STOLEN,Central,34.0454,-118.2658
2024-04-11 03:25:00,"VANDALISM - FELONY ($400 & OVER, ALL CHURCH VANDALISMS)",Central,34.0388,-118.2574
2024-04-05 17:30:00,"ASSAULT WITH DEADLY WEAPON, AGGRAVATED ASSAULT",Central,34.045,-118.264
2024-04-10 11:51:00,BURGLARY FROM VEHICLE,Central,34.0487,-118.2553
2024-04-10 22:00:00,VEHICLE - STOLEN,Central,34.0432,-118.2504
2024-03-15 02:00:00,THEFT OF IDENTITY,Central,34.0671,-118.2483
2024-04-10 22:30:00,BURGLARY FROM VEHICLE,Central,34.0502,-118.2504
2024-04-04 00:30:00,BURGLARY FROM VEHICLE,Central,34.0446,-118.249
2024-04-11 16:25:00,INDECENT EXPOSURE,Central,34.0502,-118.2575
2024-04-10 14:00:00,VEHICLE - STOLEN,Central,34.0316,-118.2641
2024-04-09 18:45:00,VEHICLE - STOLEN,Central,34.043,-118.2606
2024-04-11 12:00:00,VEHICLE - STOLEN,Central,34.043,-118.2606
2024-04-11 06:00:00,VEHICLE - STOLEN,Central,34.0679,-118.2405
2024-04-11 22:30:00,TRESPASSING,Central,34.0549,-118.2511
2024-04-11 23:19:00,BURGLARY FROM VEHICLE,Central,34.0446,-118.2507
2024-04-11 18:30:00,BURGLARY FROM VEHICLE,Central,34.0492,-118.2391
2024-04-12 01:00:00,TRESPASSING,Central,34.0547,-118.2335
2024-04-08 22:30:00,"VANDALISM - FELONY ($400 & OVER, ALL CHURCH VANDALISMS)",Central,34.0396,-118.259
2024-03-30 23:55:00,THEFT FROM MOTOR VEHICLE - PETTY ($950 & UNDER),Central,34.0474,-118.2496
2024-04-11 13:45:00,VANDALISM - MISDEAMEANOR ($399 OR UNDER),Central,34.0525,-118.2432
2024-04-11 20:05:00,BURGLARY FROM VEHICLE,Central,34.0457,-118.2665
2024-04-11 23:10:00,"VANDALISM - FELONY ($400 & OVER, ALL CHURCH VANDALISMS)",Central,34.0495,-118.2459
2024-04-12 02:10:00,BURGLARY FROM VEHICLE,Central,34.051,-118.2445
2024-04-12 15:34:00,SHOPLIFTING - PETTY THEFT ($950 & UNDER),Central,34.0483,-118.2631
2024-04-12 14:00:00,BATTERY - SIMPLE ASSAULT,Central,34.0561,-118.2375
2024-04-11 19:45:00,BURGLARY FROM VEHICLE,Central,34.0394,-118.2623
2024-04-11 20:36:00,SHOPLIFTING - PETTY THEFT ($950 & UNDER),Central,34.0483,-118.2631
2024-04-06 16:00:00,THEFT OF IDENTITY,Central,34.042,-118.2625
2024-04-10 04:00:00,TRESPASSING,Central,34.0561,-118.2375
2024-04-09 19:30:00,THEFT PLAIN - PETTY ($950 & UNDER),Central,34.0519,-118.2531
2024-04-12 12:42:00,THEFT PLAIN - PETTY ($950 & UNDER),Central,34.0495,-118.2458
2024-03-23 23:00:00,BURGLARY FROM VEHICLE,Central,34.0425,-118.2493
2024-04-13 06:00:00,THEFT PLAIN - PETTY ($950 & UNDER),Central,34.0508,-118.2586
2024-04-12 18:01:00,BURGLARY FROM VEHICLE,Central,34.045,-118.264
2024-04-13 12:20:00,THEFT OF IDENTITY,Central,34.051,-118.2445
2024-03-20 23:00:00,PICKPOCKET,Central,34.0516,-118.2491
2024-04-05 06:36:00,THEFT OF IDENTITY,Central,34.0467,-118.2485
2024-04-13 02:00:00,BURGLARY FROM VEHICLE,Central,34.0447,-118.2643
2024-03-15 00:01:00,THEFT OF IDENTITY,Central,34.0377,-118.2622
2024-04-13 00:01:00,VEHICLE - STOLEN,Central,34.0452,-118.2569
2024-02-20 17:00:00,THEFT FROM MOTOR VEHICLE - PETTY ($950 & UNDER),Central,34.0494,-118.2599
2024-04-13 17:30:00,SHOPLIFTING - PETTY THEFT ($950 & UNDER),Central,34.0483,-118.2631
2024-04-13 17:00:00,TRESPASSING,Central,34.0508,-118.2586
2024-04-13 13:20:00,SHOPLIFTING - PETTY THEFT ($950 & UNDER),Central,34.048,-118.2577
2024-04-13 19:00:00,BATTERY POLICE (SIMPLE),Central,34.0508,-118.2586
2024-04-14 08:45:00,VEHICLE - STOLEN,Central,34.043,-118.2571
2024-04-14 11:00:00,VEHICLE - STOLEN,Central,34.0573,-118.2474
2024-04-13 16:00:00,TRESPASSING,Central,34.0561,-118.2375
2024-04-13 17:00:00,BURGLARY FROM VEHICLE,Central,34.0483,-118.2631
2024-03-15 00:01:00,THEFT OF IDENTITY,Central,34.0615,-118.247
2024-04-13 21:00:00,BURGLARY FROM VEHICLE,Central,34.0409,-118.2609
2024-04-13 19:28:00,SHOPLIFTING - PETTY THEFT ($950 & UNDER),Central,34.0483,-118.2631
2024-04-07 02:44:00,THEFT PLAIN - PETTY ($950 & UNDER),Central,34.0473,-118.2566
2024-04-13 12:30:00,"LETTERS, LEWD  -  TELEPHONE CALLS, LEWD",Central,34.0391,-118.269
2024-04-14 17:10:00,SHOPLIFTING - PETTY THEFT ($950 & UNDER),Central,34.0483,-118.2631
2024-04-13 20:50:00,"VANDALISM - FELONY ($400 & OVER, ALL CHURCH VANDALISMS)",Central,34.0522,-118.2538
2024-04-14 16:50:00,SHOPLIFTING - PETTY THEFT ($950 & UNDER),Central,34.048,-118.2577
2024-04-14 12:15:00,THEFT FROM MOTOR VEHICLE - PETTY ($950 & UNDER),Central,34.0584,-118.2331
2024-04-14 17:30:00,VEHICLE - STOLEN,Central,34.0461,-118.2395
2024-01-26 08:00:00,THEFT PLAIN - PETTY ($950 & UNDER),Central,34.0467,-118.2485
2024-01-12 19:37:00,THEFT OF IDENTITY,Central,34.0639,-118.2295
2024-04-14 14:00:00,BURGLARY FROM VEHICLE,Central,34.0475,-118.2657
2024-04-14 23:20:00,TRESPASSING,Central,34.0524,-118.2467
2024-04-14 22:00:00,TRESPASSING,Central,34.0549,-118.2511
2024-04-15 01:09:00,TRESPASSING,Central,34.0547,-118.2335
2024-04-14 18:59:00,TRESPASSING,Central,34.0414,-118.2332
2024-04-14 22:00:00,BURGLARY FROM VEHICLE,Central,34.0389,-118.2643
2024-04-14 22:15:00,VANDALISM - MISDEAMEANOR ($399 OR UNDER),Central,34.0473,-118.2425
2024-04-14 22:10:00,"VANDALISM - FELONY ($400 & OVER, ALL CHURCH VANDALISMS)",Central,34.0473,-118.2425
2024-04-15 03:15:00,TRESPASSING,Central,34.055,-118.2321
2024-04-13 22:00:00,VANDALISM - MISDEAMEANOR ($399 OR UNDER),Central,34.0473,-118.2425
2024-04-05 12:00:00,THEFT PLAIN - PETTY ($950 & UNDER),Central,34.0467,-118.2485
2024-04-14 12:36:00,SHOPLIFTING - PETTY THEFT ($950 & UNDER),Central,34.0483,-118.2631
2024-04-15 10:57:00,SHOPLIFTING - PETTY THEFT ($950 & UNDER),Central,34.0483,-118.2631
2024-02-28 22:00:00,VEHICLE - STOLEN,Central,34.0383,-118.2327
2024-04-10 13:30:00,VEHICLE - STOLEN,Central,34.0446,-118.2507
2024-04-15 16:52:00,SHOPLIFTING - PETTY THEFT ($950 & UNDER),Central,34.048,-118.2577
2024-04-13 12:25:00,THEFT PLAIN - PETTY ($950 & UNDER),Central,34.0396,-118.259
2024-04-16 01:00:00,ROBBERY,Central,34.0478,-118.2484
2024-04-14 21:00:00,"THEFT-GRAND ($950.01 & OVER)EXCPT,GUNS,FOWL,LIVESTK,PROD",Central,34.0467,-118.252
2024-01-22 12:00:00,VEHICLE - STOLEN,Central,34.0446,-118.245
2024-04-15 17:00:00,VEHICLE - STOLEN,Central,34.0392,-118.2363
2024-04-13 14:00:00,THEFT PLAIN - PETTY ($950 & UNDER),Central,34.0421,-118.2469
2024-04-15 12:36:00,BATTERY - SIMPLE ASSAULT,Central,34.0508,-118.2586
2024-04-15 23:00:00,VEHICLE - STOLEN,Central,34.071,-118.2302
2024-04-14 02:00:00,THEFT FROM MOTOR VEHICLE - PETTY ($950 & UNDER),Central,34.0599,-118.2426
2024-04-15 09:00:00,VEHICLE - STOLEN,Central,34.0401,-118.2533
2024-04-15 09:00:00,THEFT FROM MOTOR VEHICLE - PETTY ($950 & UNDER),Central,34.0436,-118.2354
2024-04-16 07:23:00,BURGLARY,Central,34.0452,-118.2533
2024-03-04 09:00:00,THEFT FROM MOTOR VEHICLE - PETTY ($950 & UNDER),Central,34.0615,-118.247
2024-04-04 16:00:00,THEFT FROM MOTOR VEHICLE - PETTY ($950 & UNDER),Central,34.0388,-118.2574
2024-04-13 20:00:00,INTIMATE PARTNER - AGGRAVATED ASSAULT,Central,34.0446,-118.245
2024-04-16 06:30:00,ATTEMPTED ROBBERY,Central,34.0508,-118.2586
2024-04-16 06:35:00,BURGLARY FROM VEHICLE,Central,34.0473,-118.2566
2024-04-16 21:00:00,THEFT FROM MOTOR VEHICLE - PETTY ($950 & UNDER),Central,34.0437,-118.2617
2024-04-15 08:55:00,THEFT PLAIN - PETTY ($950 & UNDER),Central,34.0358,-118.268
2024-04-15 19:30:00,BURGLARY FROM VEHICLE,Central,34.0461,-118.2395
2024-04-15 04:30:00,THEFT PLAIN - PETTY ($950 & UNDER),Central,34.045,-118.264
2024-04-08 20:30:00,BURGLARY FROM VEHICLE,Central,34.0653,-118.2492
2024-04-14 14:30:00,BURGLARY FROM VEHICLE,Central,34.0654,-118.2482
2024-04-12 15:30:00,"VANDALISM - FELONY ($400 & OVER, ALL CHURCH VANDALISMS)",Central,34.0383,-118.2305
2024-04-15 23:30:00,BURGLARY FROM VEHICLE,Central,34.0432,-118.2504
2024-04-10 23:20:00,BURGLARY FROM VEHICLE,Central,34.0569,-118.254
2024-04-12 05:22:00,VANDALISM - MISDEAMEANOR ($399 OR UNDER),Central,34.0502,-118.2575
2024-04-01 08:15:00,SHOPLIFTING-GRAND THEFT ($950.01 & OVER),Central,34.0483,-118.2631
2024-04-17 01:56:00,THEFT PLAIN - ATTEMPT,Central,34.0385,-118.2305
2024-04-16 12:00:00,"ASSAULT WITH DEADLY WEAPON, AGGRAVATED ASSAULT",Central,34.0461,-118.2475
2024-04-08 06:00:00,DISTURBING THE PEACE,Central,34.0547,-118.2335
2024-04-16 12:25:00,BATTERY - SIMPLE ASSAULT,Central,34.0461,-118.2475
2024-04-16 07:30:00,BATTERY - SIMPLE ASSAULT,Central,34.0488,-118.2518
2024-04-16 07:30:00,OTHER ASSAULT,Central,34.0488,-118.2518
2024-04-16 14:20:00,SHOPLIFTING - PETTY THEFT ($950 & UNDER),Central,34.0483,-118.2631
2024-04-15 16:45:00,TRESPASSING,Central,34.0559,-118.232
2024-04-17 06:30:00,TRESPASSING,Central,34.0524,-118.2467
2024-02-28 00:01:00,VIOLATION OF RESTRAINING ORDER,Central,34.0448,-118.2474
2024-04-16 21:10:00,THEFT FROM MOTOR VEHICLE - GRAND ($950.01 AND OVER),Central,34.0689,-118.2459
2024-04-16 07:30:00,"THEFT-GRAND ($950.01 & OVER)EXCPT,GUNS,FOWL,LIVESTK,PROD",Central,34.046,-118.251
2024-04-13 21:35:00,BURGLARY FROM VEHICLE,Central,34.0487,-118.2627
2024-04-17 10:10:00,SHOPLIFTING - PETTY THEFT ($950 & UNDER),Central,34.048,-118.2577
2024-04-16 19:30:00,BURGLARY FROM VEHICLE,Central,34.048,-118.2577
2024-04-05 21:00:00,PICKPOCKET,Central,34.0562,-118.2397
2024-04-16 20:30:00,VEHICLE - STOLEN,Central,34.0445,-118.2558
2024-04-17 16:00:00,VEHICLE - STOLEN,Central,34.0494,-118.2599
2024-03-21 19:05:00,TRESPASSING,Central,34.0561,-118.2375
2024-04-18 02:20:00,OTHER MISCELLANEOUS CRIME,Newton,34.0371,-118.2475
2024-04-17 20:00:00,VEHICLE - STOLEN,Central,34.0462,-118.2628
2024-03-27 01:35:00,BURGLARY FROM VEHICLE,Central,34.0425,-118.2493
2024-04-13 01:30:00,THEFT PLAIN - PETTY ($950 & UNDER),Central,34.0516,-118.2491
2024-04-17 19:06:00,SHOPLIFTING - PETTY THEFT ($950 & UNDER),Central,34.0483,-118.2631
2024-04-17 19:45:00,BATTERY - SIMPLE ASSAULT,Central,34.0561,-118.2375
2024-04-17 16:17:00,SHOPLIFTING - PETTY THEFT ($950 & UNDER),Central,34.0483,-118.2631
2024-04-15 18:00:00,BATTERY - SIMPLE ASSAULT,Central,34.0561,-118.2375
2024-04-17 22:30:00,TRESPASSING,Central,34.0549,-118.2511
2024-04-18 06:53:00,TRESPASSING,Central,34.0549,-118.2511
2024-04-16 18:55:00,TRESPASSING,Central,34.0561,-118.2375
2024-04-12 19:00:00,VEHICLE - STOLEN,Central,34.0459,-118.2579
2024-04-17 15:45:00,TRESPASSING,Central,34.0551,-118.2322
2024-04-13 04:00:00,VEHICLE - STOLEN,Central,34.0363,-118.2573
2024-04-18 09:40:00,BATTERY POLICE (SIMPLE),Central,34.0508,-118.2586
2024-04-18 15:30:00,"LETTERS, LEWD  -  TELEPHONE CALLS, LEWD",Central,34.0515,-118.2424
2024-04-18 05:20:00,BATTERY - SIMPLE ASSAULT,Central,34.0445,-118.2558
2024-04-18 19:50:00,BATTERY - SIMPLE ASSAULT,Central,34.0559,-118.232
2024-02-27 17:00:00,"THEFT-GRAND ($950.01 & OVER)EXCPT,GUNS,FOWL,LIVESTK,PROD",Central,34.0572,-118.2388
2024-04-18 23:20:00,TRESPASSING,Central,34.0549,-118.2511
2024-04-18 18:50:00,SHOPLIFTING - PETTY THEFT ($950 & UNDER),Central,34.048,-118.2577
2024-04-18 23:20:00,TRESPASSING,Central,34.0487,-118.2588
2024-04-17 15:15:00,SHOPLIFTING - PETTY THEFT ($950 & UNDER),Central,34.0483,-118.2631
2024-01-12 03:40:00,THEFT PLAIN - PETTY ($950 & UNDER),Central,34.0423,-118.2595
2024-04-18 12:02:00,SHOPLIFTING - PETTY THEFT ($950 & UNDER),Central,34.0483,-118.2631
2024-04-14 16:00:00,VEHICLE - STOLEN,Central,34.0663,-118.2442
2024-04-18 23:00:00,VEHICLE - STOLEN,Central,34.0487,-118.2588
2024-04-19 05:00:00,OTHER ASSAULT,Central,34.0561,-118.2375
2024-04-14 15:00:00,THEFT FROM MOTOR VEHICLE - PETTY ($950 & UNDER),Central,34.0461,-118.2475
2024-04-18 17:00:00,BURGLARY FROM VEHICLE,Central,34.0391,-118.269
2024-04-19 09:40:00,TRESPASSING,Central,34.0547,-118.2505
2024-04-18 11:50:00,BATTERY WITH SEXUAL CONTACT,Central,34.0585,-118.2403
2024-04-19 14:50:00,"ASSAULT WITH DEADLY WEAPON, AGGRAVATED ASSAULT",Central,34.0508,-118.2586
2024-04-14 15:10:00,THEFT FROM MOTOR VEHICLE - GRAND ($950.01 AND OVER),Central,34.0671,-118.2498
2024-04-18 19:30:00,BURGLARY FROM VEHICLE,Central,34.0449,-118.2415
2024-04-18 17:17:00,SHOPLIFTING - PETTY THEFT ($950 & UNDER),Central,34.0483,-118.2631
2024-04-19 00:01:00,BURGLARY FROM VEHICLE,Central,34.0414,-118.2332
2024-04-19 09:00:00,THEFT PLAIN - PETTY ($950 & UNDER),Central,34.0606,-118.2439
2024-04-19 09:34:00,SHOPLIFTING - PETTY THEFT ($950 & UNDER),Central,34.0466,-118.252
2024-04-19 10:55:00,BURGLARY FROM VEHICLE,Central,34.0473,-118.2601
2024-04-19 13:17:00,SHOPLIFTING - PETTY THEFT ($950 & UNDER),Central,34.0483,-118.2631
2024-04-19 14:45:00,RESISTING ARREST,Central,34.0508,-118.2586
2024-04-19 18:15:00,VEHICLE - STOLEN,Central,34.0415,-118.262
2024-04-17 01:15:00,BURGLARY FROM VEHICLE,Central,34.0419,-118.2669
2024-03-01 02:45:00,BURGLARY FROM VEHICLE,Central,34.0396,-118.259
2024-04-16 19:00:00,SHOPLIFTING - PETTY THEFT ($950 & UNDER),Central,34.0483,-118.2631
2024-04-18 15:15:00,THEFT PLAIN - PETTY ($950 & UNDER),Central,34.0423,-118.2595
2024-04-19 22:20:00,TRESPASSING,Central,34.0549,-118.2511
2024-04-19 21:00:00,BURGLARY FROM VEHICLE,Central,34.0436,-118.2354
2024-04-19 23:35:00,BATTERY - SIMPLE ASSAULT,Central,34.0487,-118.2588
2024-04-19 23:35:00,BATTERY WITH SEXUAL CONTACT,Central,34.0487,-118.2588
2024-04-19 22:45:00,BURGLARY FROM VEHICLE,Central,34.0305,-118.262
2024-04-20 07:55:00,TRESPASSING,Central,34.0524,-118.2467
2024-04-20 04:32:00,THEFT FROM MOTOR VEHICLE - GRAND ($950.01 AND OVER),Central,34.0423,-118.2595
2024-04-20 04:45:00,VANDALISM - MISDEAMEANOR ($399 OR UNDER),Central,34.0495,-118.2459
2024-04-17 17:07:00,SHOPLIFTING - PETTY THEFT ($950 & UNDER),Central,34.0483,-118.2631
2024-04-20 06:43:00,TRESPASSING,Central,34.0492,-118.2391
2024-04-20 02:10:00,THEFT FROM MOTOR VEHICLE - GRAND ($950.01 AND OVER),Central,34.047,-118.2647
2024-01-29 13:30:00,"THEFT-GRAND ($950.01 & OVER)EXCPT,GUNS,FOWL,LIVESTK,PROD",Central,34.0473,-118.2425
2024-04-20 13:00:00,SHOPLIFTING - PETTY THEFT ($950 & UNDER),Central,34.0483,-118.2631
2024-04-20 15:30:00,SHOPLIFTING - PETTY THEFT ($950 & UNDER),Central,34.0483,-118.2631
2024-04-20 10:30:00,SHOPLIFTING - PETTY THEFT ($950 & UNDER),Central,34.0483,-118.2631
2024-04-20 15:52:00,SHOPLIFTING - PETTY THEFT ($950 & UNDER),Central,34.048,-118.2577
2024-04-20 17:30:00,BATTERY - SIMPLE ASSAULT,Central,34.0401,-118.2669
2024-04-20 13:00:00,"VEHICLE, STOLEN - OTHER (MOTORIZED SCOOTERS, BIKES, ETC)",Central,34.0561,-118.2375
2024-04-20 12:37:00,"VANDALISM - FELONY ($400 & OVER, ALL CHURCH VANDALISMS)",Central,34.0466,-118.259
2024-04-20 23:30:00,"VANDALISM - FELONY ($400 & OVER, ALL CHURCH VANDALISMS)",Central,34.0483,-118.2443
2024-04-16 16:00:00,THEFT FROM MOTOR VEHICLE - PETTY ($950 & UNDER),Central,34.0569,-118.254
2024-04-21 00:01:00,VEHICLE - STOLEN,Central,34.0383,-118.2305
2024-04-14 10:00:00,BURGLARY FROM VEHICLE,Central,34.043,-118.2571
2024-04-21 13:00:00,TRESPASSING,Central,34.0488,-118.2518
2024-04-21 11:45:00,SHOPLIFTING - PETTY THEFT ($950 & UNDER),Central,34.0483,-118.2631
2024-04-19 21:30:00,BURGLARY FROM VEHICLE,Central,34.0423,-118.2561
2024-04-20 18:30:00,"VANDALISM - FELONY ($400 & OVER, ALL CHURCH VANDALISMS)",Central,34.0519,-118.2506
2024-04-20 17:20:00,SHOPLIFTING - PETTY THEFT ($950 & UNDER),Central,34.0483,-118.2631
2024-04-11 21:00:00,BURGLARY FROM VEHICLE,Central,34.0452,-118.2569
2024-04-17 18:00:00,"VANDALISM - FELONY ($400 & OVER, ALL CHURCH VANDALISMS)",Central,34.0437,-118.2582
2024-04-03 19:00:00,"THEFT-GRAND ($950.01 & OVER)EXCPT,GUNS,FOWL,LIVESTK,PROD",Central,34.0412,-118.2436
2024-04-21 19:10:00,BATTERY POLICE (SIMPLE),Central,34.0549,-118.2511
2024-04-20 16:15:00,BURGLARY FROM VEHICLE,Central,34.0604,-118.2393
2024-04-21 13:00:00,SHOPLIFTING - PETTY THEFT ($950 & UNDER),Central,34.0483,-118.2631
2024-04-21 16:40:00,SHOPLIFTING - PETTY THEFT ($950 & UNDER),Central,34.0483,-118.2631
2024-04-20 14:26:00,SHOPLIFTING - PETTY THEFT ($950 & UNDER),Central,34.0483,-118.2631
2024-04-21 15:30:00,"VANDALISM - FELONY ($400 & OVER, ALL CHURCH VANDALISMS)",Central,34.0461,-118.2395
2024-04-17 18:00:00,BURGLARY FROM VEHICLE,Central,34.0423,-118.2561
2024-04-21 10:55:00,VEHICLE - STOLEN,Central,34.048,-118.2542
2024-04-21 09:00:00,VEHICLE - STOLEN,Central,34.0395,-118.2405
2024-04-21 20:30:00,"VANDALISM - FELONY ($400 & OVER, ALL CHURCH VANDALISMS)",Central,34.0432,-118.2504
2024-04-22 08:50:00,VEHICLE - STOLEN,Central,34.0401,-118.2533
2024-04-18 15:30:00,THEFT PLAIN - PETTY ($950 & UNDER),Central,34.0559,-118.232
2024-03-04 11:50:00,THEFT PLAIN - PETTY ($950 & UNDER),Central,34.042,-118.2625
2024-04-22 12:30:00,SHOPLIFTING - PETTY THEFT ($950 & UNDER),Central,34.048,-118.2577
2024-04-18 17:18:00,SHOPLIFTING - PETTY THEFT ($950 & UNDER),Central,34.0483,-118.2631
2024-04-22 22:00:00,ROBBERY,Central,34.0401,-118.2633
2024-04-20 14:15:00,THEFT PLAIN - PETTY ($950 & UNDER),Central,34.0649,-118.2465
2024-04-20 13:20:00,"THEFT-GRAND ($950.01 & OVER)EXCPT,GUNS,FOWL,LIVESTK,PROD",Central,34.0502,-118.2539
2024-04-20 21:10:00,PICKPOCKET,Central,34.0363,-118.2573
2024-04-22 10:00:00,"VANDALISM - FELONY ($400 & OVER, ALL CHURCH VANDALISMS)",Central,34.0479,-118.2612
2024-04-20 19:00:00,THEFT FROM MOTOR VEHICLE - PETTY ($950 & UNDER),Central,34.0419,-118.2669
2024-04-15 12:00:00,"THEFT-GRAND ($950.01 & OVER)EXCPT,GUNS,FOWL,LIVESTK,PROD",Central,34.0561,-118.2375
2024-04-22 17:52:00,BATTERY - SIMPLE ASSAULT,Central,34.0508,-118.2586
2024-04-12 22:00:00,"VANDALISM - FELONY ($400 & OVER, ALL CHURCH VANDALISMS)",Central,34.0455,-118.2381
2024-04-22 21:10:00,VEHICLE - STOLEN,Central,34.0482,-118.2326
2024-03-21 18:30:00,BURGLARY FROM VEHICLE,Central,34.0446,-118.2507
2024-04-19 11:00:00,THEFT FROM MOTOR VEHICLE - PETTY ($950 & UNDER),Central,34.0394,-118.2623
2024-04-20 20:00:00,THEFT FROM MOTOR VEHICLE - PETTY ($950 & UNDER),Central,34.037,-118.2688
2024-04-20 12:45:00,VEHICLE - STOLEN,Central,34.0516,-118.244
2024-03-15 01:00:00,PICKPOCKET,Central,34.0417,-118.2584
2024-04-23 13:00:00,VEHICLE - STOLEN,Central,34.052,-118.2332
2024-03-02 09:00:00,BATTERY - SIMPLE ASSAULT,Central,34.043,-118.242
2024-04-23 10:30:00,TRESPASSING,Central,34.0635,-118.2357
2024-04-23 06:20:00,TRESPASSING,Central,34.0635,-118.2357
2024-04-23 15:45:00,SHOPLIFTING - PETTY THEFT ($950 & UNDER),Central,34.048,-118.2577
2024-04-23 16:00:00,VEHICLE - STOLEN,Central,34.0401,-118.2669
2024-04-15 17:03:00,SHOPLIFTING - PETTY THEFT ($950 & UNDER),Central,34.0483,-118.2631
2024-04-22 15:35:00,BIKE - STOLEN,Central,34.0524,-118.2467
2024-04-06 02:00:00,"THEFT-GRAND ($950.01 & OVER)EXCPT,GUNS,FOWL,LIVESTK,PROD",Central,34.0406,-118.268
2024-04-23 07:38:00,THEFT PLAIN - PETTY ($950 & UNDER),Central,34.0495,-118.2494
2024-04-15 20:00:00,VANDALISM - MISDEAMEANOR ($399 OR UNDER),Central,34.0516,-118.2561
2024-03-19 13:15:00,"VANDALISM - FELONY ($400 & OVER, ALL CHURCH VANDALISMS)",Central,34.055,-118.2477
2024-04-21 19:00:00,"VANDALISM - FELONY ($400 & OVER, ALL CHURCH VANDALISMS)",Central,34.0519,-118.2506
2024-04-14 14:30:00,THEFT PLAIN - PETTY ($950 & UNDER),Central,34.0517,-118.2439
2024-04-12 14:50:00,"THEFT-GRAND ($950.01 & OVER)EXCPT,GUNS,FOWL,LIVESTK,PROD",Central,34.0488,-118.25
2024-04-11 17:35:00,"THEFT-GRAND ($950.01 & OVER)EXCPT,GUNS,FOWL,LIVESTK,PROD",Central,34.0627,-118.2463
2024-04-16 07:00:00,VEHICLE - STOLEN,Central,34.0382,-118.2356
2024-04-23 20:00:00,VEHICLE - STOLEN,Central,34.0473,-118.2566
2024-04-24 06:30:00,TRESPASSING,Central,34.0549,-118.2511
2024-04-22 11:00:00,THEFT FROM MOTOR VEHICLE - PETTY ($950 & UNDER),Central,34.042,-118.2625
2024-04-06 15:00:00,"VEHICLE, STOLEN - OTHER (MOTORIZED SCOOTERS, BIKES, ETC)",Central,34.0458,-118.2614
2024-04-23 19:00:00,SHOPLIFTING - PETTY THEFT ($950 & UNDER),Central,34.048,-118.2577
2024-04-11 18:30:00,BURGLARY FROM VEHICLE,Central,34.043,-118.2606
2024-03-25 22:33:00,BURGLARY FROM VEHICLE,Central,34.0458,-118.2614
2024-04-23 18:15:00,"THEFT-GRAND ($950.01 & OVER)EXCPT,GUNS,FOWL,LIVESTK,PROD",Central,34.0542,-118.2566
2024-04-22 19:00:00,PICKPOCKET,Central,34.0483,-118.2631
2024-04-24 05:04:00,BURGLARY FROM VEHICLE,Central,34.0473,-118.2641
2024-04-23 19:00:00,THEFT PLAIN - PETTY ($950 & UNDER),Central,34.0561,-118.2375
2024-04-24 06:12:00,BURGLARY FROM VEHICLE,Central,34.0415,-118.262
2024-04-24 13:30:00,VEHICLE - STOLEN,Central,34.0452,-118.2569
2024-04-24 04:00:00,THEFT FROM MOTOR VEHICLE - PETTY ($950 & UNDER),Central,34.0495,-118.2459
2024-04-23 15:50:00,"LETTERS, LEWD  -  TELEPHONE CALLS, LEWD",Central,34.0515,-118.2424
2024-04-24 22:00:00,VEHICLE - STOLEN,Central,34.0502,-118.2575
2024-04-24 17:10:00,BATTERY - SIMPLE ASSAULT,Central,34.0508,-118.2586
2024-04-24 14:30:00,VEHICLE - STOLEN,Central,34.0401,-118.2669
2024-04-23 00:05:00,BATTERY - SIMPLE ASSAULT,Central,34.0561,-118.2375
2024-01-11 14:15:00,"LETTERS, LEWD  -  TELEPHONE CALLS, LEWD",Central,34.0402,-118.2598
2024-04-24 17:20:00,THEFT OF IDENTITY,Central,34.0467,-118.2485
2024-04-25 01:00:00,PICKPOCKET,Central,34.0516,-118.2491
2024-04-24 10:56:00,PICKPOCKET,Central,34.0604,-118.2393
2024-04-22 16:00:00,THEFT PLAIN - PETTY ($950 & UNDER),Central,34.0467,-118.252
2024-04-24 20:15:00,BURGLARY FROM VEHICLE,Central,34.0621,-118.2376
2024-04-24 08:10:00,"VANDALISM - FELONY ($400 & OVER, ALL CHURCH VANDALISMS)",Central,34.0389,-118.2643
2024-04-24 21:15:00,SHOPLIFTING - PETTY THEFT ($950 & UNDER),Central,34.0483,-118.2631
2024-04-24 17:40:00,CRIMINAL THREATS - NO WEAPON DISPLAYED,Central,34.0508,-118.2586
2024-03-01 18:00:00,"EMBEZZLEMENT, GRAND THEFT ($950.01 & OVER)",Central,34.0419,-118.2669
2024-04-24 13:45:00,BURGLARY FROM VEHICLE,Central,34.06,-118.2486
2024-04-23 04:00:00,"VANDALISM - FELONY ($400 & OVER, ALL CHURCH VANDALISMS)",Central,34.0628,-118.2286
2024-04-03 17:20:00,SHOPLIFTING - PETTY THEFT ($950 & UNDER),Central,34.0483,-118.2631
2024-04-25 11:35:00,THEFT OF IDENTITY,Central,34.0519,-118.2531
2024-02-10 00:20:00,THEFT OF IDENTITY,Central,34.0649,-118.24
2024-04-24 08:55:00,"VANDALISM - FELONY ($400 & OVER, ALL CHURCH VANDALISMS)",Central,34.0377,-118.2622
2024-04-24 19:30:00,VEHICLE - STOLEN,Central,34.0409,-118.2574
2024-04-25 14:40:00,VEHICLE - STOLEN,Central,34.0404,-118.2504
2024-04-24 10:00:00,VEHICLE - STOLEN,Central,34.0452,-118.2569
2024-04-25 08:30:00,VEHICLE - STOLEN,Central,34.0483,-118.2631
2024-04-25 07:30:00,VEHICLE - STOLEN,Central,34.0384,-118.2646
2024-04-25 01:00:00,BURGLARY FROM VEHICLE,Central,34.0439,-118.2326
2024-04-24 22:00:00,THEFT FROM MOTOR VEHICLE - GRAND ($950.01 AND OVER),Central,34.0678,-118.2466
2024-04-22 19:47:00,SHOPLIFTING - PETTY THEFT ($950 & UNDER),Central,34.0483,-118.2631
2024-03-24 07:30:00,BURGLARY FROM VEHICLE,Central,34.0347,-118.2646
2024-04-24 22:05:00,"THEFT-GRAND ($950.01 & OVER)EXCPT,GUNS,FOWL,LIVESTK,PROD",Central,34.0516,-118.2491
2024-04-25 21:30:00,INTIMATE PARTNER - SIMPLE ASSAULT,Central,34.0561,-118.2375
2024-04-26 04:00:00,TRESPASSING,Central,34.0547,-118.2335
2024-04-25 23:00:00,VEHICLE - STOLEN,Central,34.0359,-118.2711
2024-04-25 15:50:00,SHOPLIFTING - PETTY THEFT ($950 & UNDER),Central,34.0466,-118.252
2024-04-26 00:01:00,BURGLARY FROM VEHICLE,Central,34.0431,-118.2537
2024-03-14 08:00:00,"EMBEZZLEMENT, GRAND THEFT ($950.01 & OVER)",Central,34.0479,-118.2612
2024-04-17 10:00:00,"VANDALISM - FELONY ($400 & OVER, ALL CHURCH VANDALISMS)",Central,34.0392,-118.2524
2024-04-25 19:40:00,SHOPLIFTING - PETTY THEFT ($950 & UNDER),Central,34.048,-118.2577
2024-01-16 14:50:00,"EMBEZZLEMENT, GRAND THEFT ($950.01 & OVER)",Central,34.0383,-118.2327
2024-04-25 17:53:00,RESISTING ARREST,Central,34.0431,-118.2692
2024-04-26 15:18:00,ARSON,Central,34.0502,-118.2539
2024-04-20 13:00:00,VEHICLE - STOLEN,Central,34.0348,-118.2688
2024-04-22 19:30:00,VEHICLE - STOLEN,Central,34.0583,-118.2396
2024-04-26 12:30:00,SHOPLIFTING - PETTY THEFT ($950 & UNDER),Central,34.0483,-118.2631
2024-04-21 19:45:00,BURGLARY FROM VEHICLE,Central,34.046,-118.251
2024-04-26 16:25:00,THEFT OF IDENTITY,Central,34.0458,-118.2614
2024-04-25 18:29:00,"VANDALISM - FELONY ($400 & OVER, ALL CHURCH VANDALISMS)",Central,34.0446,-118.2367
2024-04-26 16:44:00,SHOPLIFTING - PETTY THEFT ($950 & UNDER),Central,34.0483,-118.2631
2024-04-24 13:18:00,SHOPLIFTING - PETTY THEFT ($950 & UNDER),Central,34.0483,-118.2631
2024-04-24 15:30:00,THEFT PLAIN - PETTY ($950 & UNDER),Central,34.0559,-118.232
2024-04-26 15:00:00,BATTERY - SIMPLE ASSAULT,Central,34.0388,-118.2717
2024-04-26 11:44:00,SHOPLIFTING - PETTY THEFT ($950 & UNDER),Central,34.0502,-118.2539
2024-04-25 18:35:00,SHOPLIFTING - PETTY THEFT ($950 & UNDER),Central,34.0483,-118.2631
2024-04-24 16:34:00,SHOPLIFTING - PETTY THEFT ($950 & UNDER),Central,34.0483,-118.2631
2024-04-24 18:00:00,SHOPLIFTING - PETTY THEFT ($950 & UNDER),Central,34.0483,-118.2631
2024-04-19 11:00:00,THEFT OF IDENTITY,Central,34.0449,-118.2458
2024-04-26 23:45:00,"VANDALISM - FELONY ($400 & OVER, ALL CHURCH VANDALISMS)",Central,34.051,-118.2445
2024-04-26 21:00:00,VEHICLE - STOLEN,Central,34.0386,-118.2638
2024-04-27 02:00:00,VEHICLE - STOLEN,Central,34.0376,-118.2593
2024-04-26 22:00:00,"VANDALISM - FELONY ($400 & OVER, ALL CHURCH VANDALISMS)",Central,34.0459,-118.2579
2024-04-27 13:50:00,THEFT PLAIN - PETTY ($950 & UNDER),Central,34.0497,-118.2381
2024-04-26 21:00:00,BURGLARY FROM VEHICLE,Central,34.0459,-118.2579
2024-04-27 14:48:00,SHOPLIFTING - PETTY THEFT ($950 & UNDER),Central,34.048,-118.2577
2024-04-26 23:00:00,VEHICLE - ATTEMPT STOLEN,Central,34.0502,-118.2504
2024-04-19 18:30:00,BURGLARY FROM VEHICLE,Central,34.0423,-118.2561
2024-04-25 14:41:00,SHOPLIFTING - PETTY THEFT ($950 & UNDER),Central,34.0483,-118.2631
2024-04-26 10:25:00,SHOPLIFTING - PETTY THEFT ($950 & UNDER),Central,34.0483,-118.2631
2024-04-26 15:00:00,BIKE - STOLEN,Central,34.0382,-118.2603
2024-04-26 11:16:00,SHOPLIFTING - PETTY THEFT ($950 & UNDER),Central,34.0483,-118.2631
2024-04-27 15:18:00,SHOPLIFTING - PETTY THEFT ($950 & UNDER),Central,34.0483,-118.2631
2024-04-27 16:30:00,"VANDALISM - FELONY ($400 & OVER, ALL CHURCH VANDALISMS)",Central,34.0666,-118.2328
2024-04-27 22:20:00,BURGLARY FROM VEHICLE,Central,34.0407,-118.2541
2024-04-11 18:00:00,VEHICLE - STOLEN,Central,34.0473,-118.2601
2024-04-27 16:00:00,THEFT FROM MOTOR VEHICLE - PETTY ($950 & UNDER),Central,34.0488,-118.2483
2024-04-27 22:00:00,VEHICLE - STOLEN,Central,34.0599,-118.2379
2024-04-28 00:01:00,VEHICLE - STOLEN,Central,34.0462,-118.2628
2024-04-28 17:45:00,SHOPLIFTING - PETTY THEFT ($950 & UNDER),Central,34.048,-118.2577
2024-03-29 14:00:00,"THEFT-GRAND ($950.01 & OVER)EXCPT,GUNS,FOWL,LIVESTK,PROD",Central,34.0508,-118.2586
2024-04-27 20:50:00,SHOPLIFTING - PETTY THEFT ($950 & UNDER),Central,34.0483,-118.2631
2024-04-28 12:19:00,"VANDALISM - FELONY ($400 & OVER, ALL CHURCH VANDALISMS)",Central,34.0502,-118.2539
2024-04-28 14:10:00,BATTERY - SIMPLE ASSAULT,Central,34.0502,-118.2539
2024-04-28 14:00:00,OTHER MISCELLANEOUS CRIME,Central,34.0508,-118.2586
2024-04-28 01:30:00,BATTERY - SIMPLE ASSAULT,Central,34.0551,-118.2322
2024-04-28 21:00:00,ROBBERY,Central,34.0466,-118.259
2024-04-28 01:30:00,"THEFT-GRAND ($950.01 & OVER)EXCPT,GUNS,FOWL,LIVESTK,PROD",Central,34.0516,-118.2491
2024-04-27 15:00:00,BURGLARY FROM VEHICLE,Central,34.0627,-118.2463
2024-04-28 17:45:00,THEFT FROM MOTOR VEHICLE - GRAND ($950.01 AND OVER),Central,34.0377,-118.2622
2024-04-28 12:35:00,BURGLARY FROM VEHICLE,Central,34.0473,-118.2566
2024-04-27 19:10:00,"VANDALISM - FELONY ($400 & OVER, ALL CHURCH VANDALISMS)",Central,34.0627,-118.2463
2024-04-28 19:00:00,THEFT PLAIN - PETTY ($950 & UNDER),Central,34.0483,-118.2631
2024-04-28 19:00:00,BURGLARY FROM VEHICLE,Central,34.0475,-118.2657
2024-04-28 16:00:00,"THEFT-GRAND ($950.01 & OVER)EXCPT,GUNS,FOWL,LIVESTK,PROD",Central,34.0384,-118.2571
2024-04-28 17:00:00,BURGLARY FROM VEHICLE,Central,34.0461,-118.2395
2024-04-27 22:30:00,VEHICLE - STOLEN,Central,34.0454,-118.2658
2024-04-28 21:15:00,THEFT OF IDENTITY,Central,34.0652,-118.2468
2024-04-27 17:30:00,THEFT PLAIN - PETTY ($950 & UNDER),Central,34.0619,-118.2369
2024-03-30 12:00:00,"VANDALISM - FELONY ($400 & OVER, ALL CHURCH VANDALISMS)",Central,34.0414,-118.2399
2024-03-31 16:00:00,"THEFT-GRAND ($950.01 & OVER)EXCPT,GUNS,FOWL,LIVESTK,PROD",Central,34.0305,-118.262
2024-04-27 10:57:00,"VANDALISM - FELONY ($400 & OVER, ALL CHURCH VANDALISMS)",Central,34.0535,-118.2552
2024-04-28 18:00:00,VEHICLE - STOLEN,Central,34.0626,-118.2445
2024-04-28 15:15:00,BATTERY - SIMPLE ASSAULT,Central,34.0561,-118.2375
2024-04-28 20:51:00,BURGLARY FROM VEHICLE,Central,34.048,-118.2542
2024-04-19 20:00:00,THEFT FROM MOTOR VEHICLE - GRAND ($950.01 AND OVER),Central,34.0335,-118.2619
2024-04-26 18:30:00,THEFT FROM MOTOR VEHICLE - PETTY ($950 & UNDER),Central,34.0316,-118.2641
2024-04-27 14:15:00,BATTERY - SIMPLE ASSAULT,Central,34.0473,-118.2566
2024-04-28 22:30:00,BURGLARY FROM VEHICLE,Central,34.0438,-118.2397
2024-04-29 15:10:00,"VANDALISM - FELONY ($400 & OVER, ALL CHURCH VANDALISMS)",Central,34.0474,-118.2496
2024-04-29 02:00:00,"VANDALISM - FELONY ($400 & OVER, ALL CHURCH VANDALISMS)",Central,34.0495,-118.2459
2024-04-28 21:15:00,BURGLARY FROM VEHICLE,Central,34.0359,-118.2711
2024-04-26 15:10:00,THEFT PLAIN - PETTY ($950 & UNDER),Central,34.0483,-118.2631
2024-04-29 00:01:00,BURGLARY FROM VEHICLE,Central,34.0383,-118.2695
2024-04-27 02:30:00,PICKPOCKET,Central,34.0348,-118.2688
2024-04-28 22:50:00,"VANDALISM - FELONY ($400 & OVER, ALL CHURCH VANDALISMS)",Central,34.0405,-118.2567
2024-04-27 21:15:00,THEFT FROM MOTOR VEHICLE - GRAND ($950.01 AND OVER),Central,34.0419,-118.2669
2024-04-08 16:03:00,THEFT PLAIN - PETTY ($950 & UNDER),Central,34.0502,-118.2539
2024-04-26 19:52:00,SHOPLIFTING - PETTY THEFT ($950 & UNDER),Central,34.0483,-118.2631
2024-04-29 17:10:00,"VANDALISM - FELONY ($400 & OVER, ALL CHURCH VANDALISMS)",Central,34.0401,-118.2504
2024-04-29 22:15:00,TRESPASSING,Central,34.0549,-118.2511
2024-04-29 10:00:00,TRESPASSING,Central,34.0535,-118.2491
2024-04-29 12:30:00,BURGLARY FROM VEHICLE,Central,34.043,-118.2571
2024-04-29 23:08:00,VEHICLE - STOLEN,Central,34.0408,-118.2644
2024-04-30 06:30:00,TRESPASSING,Central,34.0549,-118.2511
2024-04-30 06:50:00,TRESPASSING,Central,34.0549,-118.2511
2024-04-30 08:15:00,TRESPASSING,Central,34.0549,-118.2511
2024-04-29 10:30:00,"VANDALISM - FELONY ($400 & OVER, ALL CHURCH VANDALISMS)",Central,34.0488,-118.2483
2024-04-30 06:40:00,TRESPASSING,Central,34.0508,-118.2586
2024-04-29 15:49:00,BURGLARY FROM VEHICLE,Central,34.0423,-118.2561
2024-04-28 04:25:00,"VANDALISM - FELONY ($400 & OVER, ALL CHURCH VANDALISMS)",Central,34.0396,-118.259
2024-02-22 10:00:00,THEFT PLAIN - PETTY ($950 & UNDER),Central,34.0584,-118.2331
2024-01-11 10:00:00,"THEFT-GRAND ($950.01 & OVER)EXCPT,GUNS,FOWL,LIVESTK,PROD",Central,34.0409,-118.2574
2024-04-28 01:30:00,BURGLARY FROM VEHICLE,Central,34.0423,-118.2561
2024-04-25 00:15:00,BURGLARY FROM VEHICLE,Central,34.0453,-118.2499
2024-04-30 11:02:00,"THEFT-GRAND ($950.01 & OVER)EXCPT,GUNS,FOWL,LIVESTK,PROD",Central,34.0502,-118.2539
2024-04-29 21:00:00,BURGLARY FROM VEHICLE,Central,34.0415,-118.262
2024-04-15 01:35:00,THEFT PLAIN - PETTY ($950 & UNDER),Central,34.0569,-118.254
2024-04-30 15:15:00,THEFT OF IDENTITY,Central,34.0467,-118.2485
2024-04-16 19:00:00,BURGLARY FROM VEHICLE,Central,34.0426,-118.2528
2024-04-30 11:00:00,VEHICLE - STOLEN,Central,34.0494,-118.2599
2024-04-27 18:00:00,VEHICLE - STOLEN,Central,34.0439,-118.2326
2024-04-25 04:35:00,BURGLARY FROM VEHICLE,Central,34.046,-118.2493
2024-04-30 17:30:00,SHOPLIFTING - PETTY THEFT ($950 & UNDER),Central,34.0493,-118.2417
2024-03-26 19:30:00,"EMBEZZLEMENT, GRAND THEFT ($950.01 & OVER)",Central,34.0479,-118.2612
2024-04-30 07:30:00,THEFT FROM MOTOR VEHICLE - PETTY ($950 & UNDER),Central,34.0442,-118.2519
2024-05-01 06:55:00,TRESPASSING,Central,34.0561,-118.2375
2024-04-29 12:45:00,BRANDISH WEAPON,Central,34.0495,-118.2459
2024-04-10 09:30:00,"BUNCO, PETTY THEFT",Central,34.0449,-118.2458
2024-04-26 15:34:00,THEFT PLAIN - PETTY ($950 & UNDER),Central,34.0495,-118.2458
2024-04-30 18:50:00,BATTERY - SIMPLE ASSAULT,Central,34.0497,-118.2381
2024-04-26 21:30:00,BURGLARY FROM VEHICLE,Central,34.052,-118.2332
2024-04-30 23:50:00,TRESPASSING,Central,34.0524,-118.2467
2024-04-30 23:00:00,TRESPASSING,Central,34.0549,-118.2511
2024-05-01 06:50:00,TRESPASSING,Central,34.0547,-118.2505
2024-05-01 14:50:00,SHOPLIFTING - PETTY THEFT ($950 & UNDER),Central,34.0483,-118.2631
2024-04-30 11:00:00,BATTERY - SIMPLE ASSAULT,Central,34.0478,-118.2484
2024-04-26 09:00:00,BURGLARY FROM VEHICLE,Central,34.0487,-118.2627
2024-04-29 12:45:00,"VANDALISM - FELONY ($400 & OVER, ALL CHURCH VANDALISMS)",Central,34.0488,-118.25
2024-05-01 15:20:00,ROBBERY,Central,34.0481,-118.2507
2024-04-12 19:00:00,BURGLARY FROM VEHICLE,Central,34.0395,-118.2657
2024-05-01 19:00:00,BATTERY - SIMPLE ASSAULT,Central,34.0444,-118.2628
2024-05-01 18:30:00,TRESPASSING,Central,34.0488,-118.2518
2024-05-01 13:40:00,BATTERY - SIMPLE ASSAULT,Central,34.0342,-118.2636
2024-05-01 14:00:00,"THEFT-GRAND ($950.01 & OVER)EXCPT,GUNS,FOWL,LIVESTK,PROD",Central,34.0453,-118.2499
2024-05-01 23:30:00,TRESPASSING,Central,34.0524,-118.2467
2024-04-30 02:00:00,"VANDALISM - FELONY ($400 & OVER, ALL CHURCH VANDALISMS)",Central,34.0626,-118.2445
2024-05-01 17:00:00,VEHICLE - STOLEN,Central,34.0713,-118.2291
2024-04-30 18:10:00,SHOPLIFTING - PETTY THEFT ($950 & UNDER),Central,34.0483,-118.2631
2024-05-01 09:00:00,"VEHICLE, STOLEN - OTHER (MOTORIZED SCOOTERS, BIKES, ETC)",Central,34.0364,-118.2707
2024-04-23 19:01:00,SHOPLIFTING - PETTY THEFT ($950 & UNDER),Central,34.0483,-118.2631
2024-04-10 19:00:00,THEFT PLAIN - PETTY ($950 & UNDER),Central,34.0637,-118.244
2024-05-01 14:31:00,SHOPLIFTING - PETTY THEFT ($950 & UNDER),Central,34.0483,-118.2631
2024-05-02 13:30:00,SHOPLIFTING - PETTY THEFT ($950 & UNDER),Central,34.0483,-118.2631
2024-05-02 15:40:00,TRESPASSING,Central,34.0495,-118.2528
2024-05-01 18:23:00,"VANDALISM - FELONY ($400 & OVER, ALL CHURCH VANDALISMS)",Central,34.0408,-118.2644
2024-04-17 00:01:00,BURGLARY FROM VEHICLE,Central,34.0502,-118.2504
2024-04-23 21:00:00,BURGLARY FROM VEHICLE,Central,34.0511,-118.2334
2024-05-02 17:10:00,BURGLARY FROM VEHICLE,Central,34.0511,-118.2334
2024-05-02 14:15:00,TRESPASSING,Central,34.0552,-118.2457
2024-05-02 18:20:00,THEFT FROM MOTOR VEHICLE - PETTY ($950 & UNDER),Central,34.0467,-118.2485
2024-05-02 21:30:00,"THEFT-GRAND ($950.01 & OVER)EXCPT,GUNS,FOWL,LIVESTK,PROD",Central,34.0419,-118.2669
2024-05-02 10:00:00,"VANDALISM - FELONY ($400 & OVER, ALL CHURCH VANDALISMS)",Central,34.0561,-118.2375
2024-05-03 01:10:00,VEHICLE - STOLEN,Central,34.0437,-118.2547
2024-05-02 19:00:00,VEHICLE - STOLEN,Central,34.0347,-118.2646
2024-05-02 19:45:00,VEHICLE - STOLEN,Central,34.0459,-118.2352
2024-05-03 05:45:00,VEHICLE - STOLEN,Central,34.0404,-118.2504
2024-05-03 11:01:00,VEHICLE - STOLEN,Central,34.0404,-118.2504
2024-05-03 09:30:00,TRESPASSING,Central,34.0561,-118.2375
2024-05-02 15:35:00,"BUNCO, GRAND THEFT",Central,34.0423,-118.2453
2024-05-02 21:19:00,"VANDALISM - FELONY ($400 & OVER, ALL CHURCH VANDALISMS)",Central,34.0455,-118.2379
2024-04-25 21:55:00,"VANDALISM - FELONY ($400 & OVER, ALL CHURCH VANDALISMS)",Central,34.042,-118.2712
2024-05-03 09:30:00,BATTERY - SIMPLE ASSAULT,Central,34.0442,-118.2519
2024-05-03 19:07:00,VEHICLE - STOLEN,Central,34.0364,-118.2677
2024-04-18 17:00:00,THEFT FROM MOTOR VEHICLE - GRAND ($950.01 AND OVER),Central,34.0472,-118.2326
2024-05-02 19:34:00,BATTERY - SIMPLE ASSAULT,Central,34.0561,-118.2375
2024-05-02 13:00:00,THEFT FROM MOTOR VEHICLE - PETTY ($950 & UNDER),Central,34.0445,-118.2523
2024-05-03 14:10:00,THEFT PLAIN - PETTY ($950 & UNDER),Central,34.051,-118.248
2024-05-03 18:00:00,"THEFT-GRAND ($950.01 & OVER)EXCPT,GUNS,FOWL,LIVESTK,PROD",Central,34.0473,-118.2601
2024-05-03 23:11:00,BURGLARY FROM VEHICLE,Central,34.0366,-118.2325
2024-05-03 17:30:00,BURGLARY FROM VEHICLE,Central,34.0415,-118.262
2024-05-04 00:45:00,BATTERY - SIMPLE ASSAULT,Central,34.0488,-118.2518
2024-05-03 23:30:00,BATTERY - SIMPLE ASSAULT,Central,34.0545,-118.2499
2024-05-03 17:55:00,BATTERY WITH SEXUAL CONTACT,Central,34.0561,-118.2375
2024-05-03 14:15:00,ROBBERY,Central,34.0487,-118.2588
2024-05-04 15:30:00,VEHICLE - STOLEN,Central,34.0632,-118.2408
2024-05-04 12:00:00,VEHICLE - STOLEN,Central,34.0363,-118.2672
2024-05-04 17:46:00,THEFT PLAIN - PETTY ($950 & UNDER),Central,34.0491,-118.2558
2024-05-03 18:20:00,"VANDALISM - FELONY ($400 & OVER, ALL CHURCH VANDALISMS)",Central,34.0504,-118.2409
2024-05-03 14:00:00,THEFT PLAIN - PETTY ($950 & UNDER),Central,34.0561,-118.2375
2024-05-04 21:15:00,BURGLARY FROM VEHICLE,Central,34.0446,-118.2507
2024-05-04 15:15:00,BURGLARY FROM VEHICLE,Central,34.055,-118.2546
2024-05-04 13:00:00,BURGLARY FROM VEHICLE,Central,34.0488,-118.25
2024-05-04 20:00:00,BURGLARY FROM VEHICLE,Central,34.0518,-118.2493
2024-05-04 10:35:00,INTIMATE PARTNER - AGGRAVATED ASSAULT,Central,34.053,-118.2335
2024-05-04 03:30:00,"VANDALISM - FELONY ($400 & OVER, ALL CHURCH VANDALISMS)",Central,34.0584,-118.2331
2024-05-05 01:30:00,TRESPASSING,Central,34.0508,-118.2586
2024-05-04 23:20:00,TRESPASSING,Central,34.0508,-118.2586
2024-04-28 14:35:00,"THEFT-GRAND ($950.01 & OVER)EXCPT,GUNS,FOWL,LIVESTK,PROD",Central,34.0659,-118.2339
2024-05-05 06:20:00,TRESPASSING,Central,34.0635,-118.2357
2024-05-04 23:55:00,TRESPASSING,Central,34.0472,-118.2381
2024-05-04 16:56:00,SHOPLIFTING - PETTY THEFT ($950 & UNDER),Central,34.0483,-118.2631
2024-05-05 10:00:00,SHOPLIFTING - PETTY THEFT ($950 & UNDER),Central,34.0483,-118.2631
2024-05-05 14:15:00,"ASSAULT WITH DEADLY WEAPON, AGGRAVATED ASSAULT",Central,34.0488,-118.2518
2024-05-05 14:15:00,BRANDISH WEAPON,Central,34.0488,-118.2518
2024-05-05 15:40:00,VANDALISM - MISDEAMEANOR ($399 OR UNDER),Central,34.0476,-118.2477
2024-05-04 23:00:00,PICKPOCKET,Central,34.0437,-118.2652
2024-05-04 23:30:00,BURGLARY FROM VEHICLE,Central,34.0585,-118.2403
2024-05-05 00:40:00,VANDALISM - MISDEAMEANOR ($399 OR UNDER),Central,34.0423,-118.2595
2024-05-03 02:30:00,BURGLARY FROM VEHICLE,Central,34.0419,-118.2669
2024-05-05 01:00:00,VEHICLE - STOLEN,Central,34.0378,-118.2561
2024-05-05 11:04:00,SHOPLIFTING-GRAND THEFT ($950.01 & OVER),Central,34.0466,-118.252
2024-05-05 16:40:00,INDECENT EXPOSURE,Central,34.0577,-118.2487
2024-05-05 20:00:00,VEHICLE - STOLEN,Central,34.0637,-118.2361
2024-05-05 17:30:00,SHOPLIFTING - PETTY THEFT ($950 & UNDER),Central,34.0483,-118.2631
2024-05-06 02:20:00,ROBBERY,Central,34.0518,-118.2493
2024-05-05 16:00:00,BURGLARY FROM VEHICLE,Central,34.0389,-118.2643
2024-05-05 19:52:00,BURGLARY FROM VEHICLE,Central,34.0462,-118.2585
2024-02-21 18:05:00,"THEFT-GRAND ($950.01 & OVER)EXCPT,GUNS,FOWL,LIVESTK,PROD",Central,34.0338,-118.2706
2024-05-06 00:01:00,"VANDALISM - FELONY ($400 & OVER, ALL CHURCH VANDALISMS)",Central,34.0483,-118.2443
2024-03-06 11:30:00,THEFT OF IDENTITY,Central,34.0545,-118.2499
2024-04-26 18:00:00,VEHICLE - STOLEN,Central,34.0627,-118.2341
2024-05-04 00:01:00,VEHICLE - STOLEN,Central,34.0444,-118.2628
2024-05-03 23:23:00,VEHICLE - STOLEN,Central,34.0409,-118.2574
2024-05-06 06:00:00,THEFT FROM MOTOR VEHICLE - PETTY ($950 & UNDER),Central,34.0417,-118.2444
2024-05-06 01:30:00,"THEFT-GRAND ($950.01 & OVER)EXCPT,GUNS,FOWL,LIVESTK,PROD",Central,34.0516,-118.2491
2024-05-02 05:20:00,BURGLARY FROM VEHICLE,Central,34.0457,-118.2665
2024-04-11 14:00:00,ARSON,Central,34.0416,-118.244
2024-05-04 15:45:00,"VANDALISM - FELONY ($400 & OVER, ALL CHURCH VANDALISMS)",Central,34.0401,-118.2504
2024-05-01 20:30:00,BURGLARY FROM VEHICLE,Central,34.0449,-118.2415
2024-05-05 23:50:00,PICKPOCKET,Central,34.0431,-118.2692
2024-05-06 17:00:00,SHOPLIFTING - PETTY THEFT ($950 & UNDER),Central,34.0483,-118.2631
2024-05-05 02:00:00,BURGLARY FROM VEHICLE,Central,34.0348,-118.2688
2024-05-06 21:45:00,"ASSAULT WITH DEADLY WEAPON, AGGRAVATED ASSAULT",Central,34.0635,-118.2357
2024-05-04 21:30:00,VEHICLE - STOLEN,Central,34.046,-118.251
2024-05-06 00:42:00,"THEFT-GRAND ($950.01 & OVER)EXCPT,GUNS,FOWL,LIVESTK,PROD",Central,34.0445,-118.2558
2024-05-05 02:30:00,"ASSAULT WITH DEADLY WEAPON, AGGRAVATED ASSAULT",Central,34.0338,-118.2708
2024-05-06 23:30:00,BATTERY - SIMPLE ASSAULT,Central,34.0547,-118.2335
2024-05-04 23:30:00,TRESPASSING,Central,34.0472,-118.2381
2024-05-06 23:30:00,TRESPASSING,Central,34.0524,-118.2467
2024-05-07 06:25:00,TRESPASSING,Central,34.0524,-118.2467
2024-04-27 16:05:00,THEFT FROM MOTOR VEHICLE - GRAND ($950.01 AND OVER),Central,34.0419,-118.2669
2024-05-02 04:25:00,THEFT PLAIN - PETTY ($950 & UNDER),Central,34.0508,-118.2586
2024-05-05 13:30:00,THEFT PLAIN - PETTY ($950 & UNDER),Central,34.051,-118.248
2024-04-08 11:50:00,THEFT OF IDENTITY,Central,34.058,-118.241
2024-04-20 00:30:00,BURGLARY FROM VEHICLE,Central,34.0503,-118.2434
2024-05-07 14:20:00,"ASSAULT WITH DEADLY WEAPON, AGGRAVATED ASSAULT",Central,34.0561,-118.2375
2024-04-20 23:15:00,"VANDALISM - FELONY ($400 & OVER, ALL CHURCH VANDALISMS)",Central,34.0487,-118.2588
2024-04-16 16:00:00,"VANDALISM - FELONY ($400 & OVER, ALL CHURCH VANDALISMS)",Central,34.0401,-118.2504
2024-05-04 00:30:00,SHOPLIFTING-GRAND THEFT ($950.01 & OVER),Central,34.046,-118.251
2024-03-11 16:58:00,"THEFT-GRAND ($950.01 & OVER)EXCPT,GUNS,FOWL,LIVESTK,PROD",Central,34.0503,-118.2434
2024-04-27 02:25:00,"THEFT-GRAND ($950.01 & OVER)EXCPT,GUNS,FOWL,LIVESTK,PROD",Central,34.0445,-118.2558
2024-05-05 22:30:00,THEFT PLAIN - PETTY ($950 & UNDER),Central,34.0431,-118.2692
2024-05-06 17:20:00,OTHER ASSAULT,Central,34.0445,-118.2558
2024-05-06 14:40:00,SHOPLIFTING - PETTY THEFT ($950 & UNDER),Central,34.0483,-118.2631
2024-05-07 17:20:00,THEFT OF IDENTITY,Central,34.0389,-118.2643
2024-05-07 10:45:00,THEFT PLAIN - PETTY ($950 & UNDER),Central,34.0321,-118.2667
2024-05-06 21:30:00,BURGLARY FROM VEHICLE,Central,34.0409,-118.2609
2024-05-04 01:15:00,PICKPOCKET,Central,34.0516,-118.2491
2024-03-01 16:50:00,THEFT FROM MOTOR VEHICLE - GRAND ($950.01 AND OVER),Central,34.0572,-118.2481
2024-05-05 01:30:00,"THEFT-GRAND ($950.01 & OVER)EXCPT,GUNS,FOWL,LIVESTK,PROD",Central,34.0384,-118.2571
2024-05-06 18:55:00,VEHICLE - STOLEN,Central,34.0446,-118.249
2024-04-28 12:00:00,"VANDALISM - FELONY ($400 & OVER, ALL CHURCH VANDALISMS)",Central,34.0519,-118.2531
2024-04-22 00:01:00,BURGLARY FROM VEHICLE,Central,34.0354,-118.2714
2024-05-08 07:00:00,TRESPASSING,Central,34.0549,-118.2511
2024-05-06 17:30:00,VANDALISM - MISDEAMEANOR ($399 OR UNDER),Central,34.0449,-118.2458
2024-05-08 05:50:00,TRESPASSING,Central,34.0492,-118.2391
2024-05-08 07:35:00,TRESPASSING,Central,34.0549,-118.2511
2024-05-08 08:20:00,TRESPASSING,Central,34.0549,-118.2511
2024-05-08 08:30:00,TRESPASSING,Central,34.0488,-118.2518
2024-05-08 11:20:00,VEHICLE - STOLEN,Central,34.0483,-118.2631
2024-05-08 17:15:00,VEHICLE - STOLEN,Central,34.0437,-118.2455
2024-05-08 12:00:00,VEHICLE - STOLEN,Central,34.0394,-118.2623
2024-05-07 15:00:00,VEHICLE - STOLEN,Central,34.0407,-118.2468
2024-05-08 22:00:00,BATTERY WITH SEXUAL CONTACT,Central,34.0561,-118.2375
2024-05-08 20:30:00,TRESPASSING,Central,34.0497,-118.2381
2024-05-08 15:30:00,TRESPASSING,Central,34.0561,-118.2375
2024-05-08 15:30:00,BATTERY POLICE (SIMPLE),Central,34.0561,-118.2375
2024-05-08 05:05:00,BURGLARY FROM VEHICLE,Central,34.0423,-118.2595
2024-04-30 22:35:00,BURGLARY FROM VEHICLE,Central,34.0426,-118.2528
2024-05-08 00:01:00,"VANDALISM - FELONY ($400 & OVER, ALL CHURCH VANDALISMS)",Central,34.0383,-118.2633
2024-04-28 19:30:00,BURGLARY FROM VEHICLE,Central,34.0401,-118.2669
2024-05-08 13:35:00,"THEFT-GRAND ($950.01 & OVER)EXCPT,GUNS,FOWL,LIVESTK,PROD",Central,34.0498,-118.24
2024-04-02 12:00:00,"THEFT-GRAND ($950.01 & OVER)EXCPT,GUNS,FOWL,LIVESTK,PROD",Central,34.0384,-118.2571
2024-05-08 07:00:00,THEFT FROM MOTOR VEHICLE - GRAND ($950.01 AND OVER),Central,34.0391,-118.2582
2024-05-08 08:30:00,THEFT FROM MOTOR VEHICLE - PETTY ($950 & UNDER),Central,34.0316,-118.2656
2024-05-08 17:00:00,"THEFT-GRAND ($950.01 & OVER)EXCPT,GUNS,FOWL,LIVESTK,PROD",Central,34.0492,-118.2488
2024-05-08 19:30:00,THEFT FROM MOTOR VEHICLE - PETTY ($950 & UNDER),Central,34.0462,-118.2585
2024-05-08 09:00:00,VEHICLE - STOLEN,Central,34.046,-118.2493
2024-05-09 06:55:00,TRESPASSING,Central,34.0492,-118.2391
2024-04-04 10:00:00,VANDALISM - MISDEAMEANOR ($399 OR UNDER),Central,34.0516,-118.2561
2024-05-08 18:30:00,BURGLARY FROM VEHICLE,Central,34.048,-118.2577
2024-05-07 11:55:00,THEFT PLAIN - PETTY ($950 & UNDER),Central,34.0466,-118.259
2024-05-05 14:40:00,"VANDALISM - FELONY ($400 & OVER, ALL CHURCH VANDALISMS)",Central,34.0447,-118.2643
2024-05-08 20:04:00,"THEFT-GRAND ($950.01 & OVER)EXCPT,GUNS,FOWL,LIVESTK,PROD",Central,34.0495,-118.2528
2024-05-05 23:10:00,"THEFT-GRAND ($950.01 & OVER)EXCPT,GUNS,FOWL,LIVESTK,PROD",Central,34.0431,-118.2692
2024-05-08 14:00:00,"THEFT-GRAND ($950.01 & OVER)EXCPT,GUNS,FOWL,LIVESTK,PROD",Central,34.0423,-118.2561
2024-05-08 13:05:00,SHOPLIFTING-GRAND THEFT ($950.01 & OVER),Central,34.0453,-118.236
2024-05-09 12:25:00,VEHICLE - STOLEN,Central,34.0347,-118.2602
2024-05-09 15:23:00,VEHICLE - STOLEN,Central,34.0524,-118.2467
2024-04-23 11:00:00,THEFT FROM MOTOR VEHICLE - PETTY ($950 & UNDER),Central,34.0466,-118.259
2024-05-07 18:53:00,"VANDALISM - FELONY ($400 & OVER, ALL CHURCH VANDALISMS)",Central,34.0601,-118.2502
2024-05-08 20:36:00,SHOPLIFTING - PETTY THEFT ($950 & UNDER),Central,34.0483,-118.2631
2024-05-08 17:00:00,VANDALISM - MISDEAMEANOR ($399 OR UNDER),Central,34.0455,-118.2379
2024-05-10 06:50:00,TRESPASSING,Central,34.0338,-118.2706
2024-05-10 06:30:00,"ASSAULT WITH DEADLY WEAPON, AGGRAVATED ASSAULT",Central,34.0488,-118.2518
2024-04-25 13:00:00,VEHICLE - STOLEN,Central,34.0361,-118.2634
2024-03-19 09:00:00,VEHICLE - STOLEN,Central,34.0454,-118.2658
2024-05-09 23:00:00,VEHICLE - STOLEN,Central,34.046,-118.2326
2024-05-09 23:30:00,TRESPASSING,Central,34.0472,-118.2381
2024-05-10 05:00:00,BATTERY - SIMPLE ASSAULT,Central,34.0561,-118.2375
2024-05-01 17:00:00,"THEFT-GRAND ($950.01 & OVER)EXCPT,GUNS,FOWL,LIVESTK,PROD",Central,34.0423,-118.263
2024-05-09 21:30:00,BURGLARY FROM VEHICLE,Central,34.0423,-118.2561
2024-05-09 23:30:00,THEFT FROM MOTOR VEHICLE - PETTY ($950 & UNDER),Central,34.0665,-118.2446
2024-05-09 16:30:00,THEFT PLAIN - PETTY ($950 & UNDER),Central,34.0539,-118.2436
2024-05-09 17:18:00,SHOPLIFTING - PETTY THEFT ($950 & UNDER),Central,34.0483,-118.2631
2024-05-10 20:30:00,"VANDALISM - FELONY ($400 & OVER, ALL CHURCH VANDALISMS)",Central,34.0449,-118.2415
2024-05-05 17:35:00,BATTERY - SIMPLE ASSAULT,Central,34.046,-118.2493
2024-05-10 11:44:00,SHOPLIFTING - PETTY THEFT ($950 & UNDER),Central,34.048,-118.2577
2024-05-10 18:30:00,ROBBERY,Central,34.0561,-118.2375
2024-05-10 22:30:00,BURGLARY FROM VEHICLE,Central,34.0363,-118.2314
2024-05-10 23:20:00,VEHICLE - STOLEN,Central,34.0437,-118.2547
2024-05-10 22:50:00,TRESPASSING,Central,34.0561,-118.2375
2024-05-10 16:40:00,TRESPASSING,Central,34.0497,-118.2381
2024-05-11 04:10:00,VEHICLE - STOLEN,Central,34.0417,-118.2584
2024-05-10 20:30:00,BURGLARY FROM VEHICLE,Central,34.0432,-118.2504
2024-05-11 08:00:00,"VANDALISM - FELONY ($400 & OVER, ALL CHURCH VANDALISMS)",Central,34.0401,-118.2669
2024-05-10 16:30:00,VEHICLE - STOLEN,Central,34.0371,-118.2611
2024-05-10 23:30:00,VEHICLE - STOLEN,Central,34.0391,-118.269
2024-05-10 18:00:00,"VANDALISM - FELONY ($400 & OVER, ALL CHURCH VANDALISMS)",Central,34.0382,-118.2316
2024-05-04 21:55:00,PICKPOCKET,Central,34.0431,-118.2692
2024-05-01 07:00:00,ROBBERY,Central,34.0487,-118.2588
2024-05-11 00:30:00,"THEFT-GRAND ($950.01 & OVER)EXCPT,GUNS,FOWL,LIVESTK,PROD",Central,34.0561,-118.2375
2024-05-11 13:00:00,VEHICLE - STOLEN,Central,34.0509,-118.2316
2024-05-11 14:00:00,BATTERY - SIMPLE ASSAULT,Central,34.0508,-118.2586
2024-02-22 15:10:00,THEFT OF IDENTITY,Central,34.0487,-118.2627
2024-05-10 22:23:00,BURGLARY FROM VEHICLE,Central,34.0488,-118.2518
2024-05-11 12:00:00,THEFT OF IDENTITY,Central,34.0615,-118.247
2024-05-11 15:20:00,"VANDALISM - FELONY ($400 & OVER, ALL CHURCH VANDALISMS)",Central,34.0713,-118.2291
2024-05-11 14:30:00,SHOPLIFTING - PETTY THEFT ($950 & UNDER),Central,34.0483,-118.2631
2024-05-11 23:00:00,"THEFT-GRAND ($950.01 & OVER)EXCPT,GUNS,FOWL,LIVESTK,PROD",Central,34.0515,-118.2424
2024-05-11 19:50:00,VEHICLE - STOLEN,Central,34.0522,-118.2434
2024-05-11 19:30:00,TRESPASSING,Central,34.0388,-118.2717
2024-05-11 12:30:00,SHOPLIFTING - PETTY THEFT ($950 & UNDER),Central,34.0483,-118.2631
2024-05-11 23:30:00,VEHICLE - STOLEN,Central,34.0473,-118.2566
2024-05-12 03:05:00,THEFT FROM MOTOR VEHICLE - GRAND ($950.01 AND OVER),Central,34.0466,-118.259
2024-05-11 07:30:00,VEHICLE - STOLEN,Central,34.0516,-118.2561
2024-05-12 10:31:00,SHOPLIFTING - PETTY THEFT ($950 & UNDER),Central,34.0483,-118.2631
2024-05-11 19:00:00,"EMBEZZLEMENT, PETTY THEFT ($950 & UNDER)",Central,34.048,-118.2577
2024-05-11 15:50:00,"ASSAULT WITH DEADLY WEAPON, AGGRAVATED ASSAULT",Central,34.0405,-118.2567
2024-05-12 15:30:00,SHOPLIFTING - PETTY THEFT ($950 & UNDER),Central,34.0483,-118.2631
2024-05-12 12:40:00,VANDALISM - MISDEAMEANOR ($399 OR UNDER),Central,34.0524,-118.2467
2024-05-11 23:05:00,BURGLARY FROM VEHICLE,Central,34.0473,-118.2566
2024-05-09 20:00:00,THEFT FROM MOTOR VEHICLE - GRAND ($950.01 AND OVER),Central,34.0635,-118.2458
2024-05-12 00:01:00,PICKPOCKET,Central,34.0437,-118.2547
2024-05-12 06:00:00,THEFT FROM MOTOR VEHICLE - GRAND ($950.01 AND OVER),Central,34.0517,-118.2456
2024-05-08 13:32:00,SHOPLIFTING - PETTY THEFT ($950 & UNDER),Central,34.0483,-118.2631
2024-05-11 14:00:00,SHOPLIFTING - PETTY THEFT ($950 & UNDER),Central,34.0483,-118.2631
2024-04-13 14:30:00,PICKPOCKET,Central,34.0492,-118.2391
2024-05-13 00:01:00,VEHICLE - STOLEN,Central,34.0462,-118.2585
2024-05-11 16:00:00,SHOPLIFTING - PETTY THEFT ($950 & UNDER),Central,34.0483,-118.2631
2024-05-12 23:35:00,TRESPASSING,Central,34.0549,-118.2511
2024-05-13 02:00:00,TRESPASSING,Central,34.0561,-118.2375
2024-05-12 01:00:00,DISCHARGE FIREARMS/SHOTS FIRED,Central,34.0388,-118.2574
2024-05-12 23:57:00,TRESPASSING,Central,34.0417,-118.2398
2024-05-12 17:20:00,OTHER ASSAULT,Central,34.0561,-118.2375
2024-03-22 17:00:00,VEHICLE - STOLEN,Central,34.0435,-118.2471
2024-05-12 18:30:00,VEHICLE - STOLEN,Central,34.046,-118.2493
2024-05-09 16:00:00,BIKE - STOLEN,Central,34.0387,-118.2439
2024-05-13 12:25:00,THEFT PLAIN - PETTY ($950 & UNDER),Central,34.042,-118.2485
2024-05-12 02:15:00,BURGLARY FROM VEHICLE,Central,34.0362,-118.2386
2024-05-10 13:00:00,VANDALISM - MISDEAMEANOR ($399 OR UNDER),Central,34.0601,-118.2502
2024-05-12 03:00:00,"VANDALISM - FELONY ($400 & OVER, ALL CHURCH VANDALISMS)",Central,34.0473,-118.2641
2024-05-13 14:00:00,VEHICLE - STOLEN,Central,34.046,-118.251
2024-05-13 15:10:00,SHOPLIFTING - PETTY THEFT ($950 & UNDER),Central,34.0483,-118.2631
2024-05-12 03:14:00,"THEFT-GRAND ($950.01 & OVER)EXCPT,GUNS,FOWL,LIVESTK,PROD",Central,34.0369,-118.2583
2024-05-13 19:30:00,BURGLARY FROM VEHICLE,Central,34.0495,-118.2459
2024-05-11 23:04:00,BURGLARY FROM VEHICLE,Central,34.048,-118.2577
2024-05-06 20:55:00,THEFT PLAIN - PETTY ($950 & UNDER),Central,34.0395,-118.2657
2024-05-13 19:10:00,"VANDALISM - FELONY ($400 & OVER, ALL CHURCH VANDALISMS)",Central,34.0502,-118.2336
2024-02-25 17:25:00,THEFT OF IDENTITY,Central,34.0419,-118.2669
2024-05-12 00:30:00,PICKPOCKET,Central,34.0516,-118.2491
2024-05-04 08:10:00,BURGLARY FROM VEHICLE,Central,34.0419,-118.2669
2024-05-13 15:30:00,BURGLARY FROM VEHICLE,Central,34.0467,-118.2411
2024-05-13 13:20:00,BATTERY - SIMPLE ASSAULT,Central,34.0551,-118.2322
2024-05-13 16:00:00,TRESPASSING,Central,34.0547,-118.2335
2024-05-12 04:00:00,BATTERY - SIMPLE ASSAULT,Central,34.0508,-118.2586
2024-05-13 22:00:00,VEHICLE - STOLEN,Central,34.0419,-118.2669
2024-05-12 14:15:00,VEHICLE - STOLEN,Central,34.0479,-118.2612
2024-05-13 22:00:00,"VANDALISM - FELONY ($400 & OVER, ALL CHURCH VANDALISMS)",Central,34.0473,-118.2425
2024-05-11 18:00:00,THEFT FROM MOTOR VEHICLE - GRAND ($950.01 AND OVER),Central,34.0444,-118.2628
2024-05-09 11:00:00,THEFT PLAIN - PETTY ($950 & UNDER),Central,34.0539,-118.2436
2024-05-03 11:58:00,BURGLARY FROM VEHICLE,Central,34.0594,-118.2368
2024-05-11 18:30:00,BURGLARY FROM VEHICLE,Central,34.0517,-118.2474
2024-05-14 14:40:00,TRESPASSING,Central,34.0508,-118.2586
2024-05-14 11:50:00,BATTERY - SIMPLE ASSAULT,Central,34.0439,-118.2514
2024-05-10 13:30:00,VEHICLE - STOLEN,Central,34.0525,-118.2432
2024-05-14 14:00:00,VEHICLE - STOLEN,Central,34.0452,-118.2569
2024-05-01 03:14:00,"LETTERS, LEWD  -  TELEPHONE CALLS, LEWD",Central,34.0502,-118.2539
2024-05-14 00:45:00,BURGLARY FROM VEHICLE,Central,34.0481,-118.2472
2024-05-12 18:30:00,BURGLARY FROM VEHICLE,Central,34.0535,-118.2552
2024-05-01 14:30:00,"THEFT-GRAND ($950.01 & OVER)EXCPT,GUNS,FOWL,LIVESTK,PROD",Central,34.0447,-118.2643
2024-05-06 11:30:00,"VANDALISM - FELONY ($400 & OVER, ALL CHURCH VANDALISMS)",Central,34.0421,-118.2469
2024-05-14 20:20:00,VEHICLE - STOLEN,Central,34.0613,-118.2446
2024-05-12 10:00:00,"EMBEZZLEMENT, PETTY THEFT ($950 & UNDER)",Central,34.048,-118.2577
2024-05-14 06:35:00,TRESPASSING,Central,34.0635,-118.2357
2024-05-14 23:05:00,TRESPASSING,Central,34.0524,-118.2467
2024-05-11 18:00:00,VEHICLE - STOLEN,Central,34.0445,-118.2523
2024-05-14 20:00:00,THEFT FROM MOTOR VEHICLE - PETTY ($950 & UNDER),Central,34.0695,-118.2324
2024-05-14 04:30:00,"VANDALISM - FELONY ($400 & OVER, ALL CHURCH VANDALISMS)",Central,34.0475,-118.2657
2024-05-11 08:00:00,VANDALISM - MISDEAMEANOR ($399 OR UNDER),Central,34.0516,-118.2561
2024-05-13 22:30:00,BURGLARY FROM VEHICLE,Central,34.049,-118.2381
2024-05-14 18:03:00,SHOPLIFTING - PETTY THEFT ($950 & UNDER),Central,34.048,-118.2577
2024-05-10 16:30:00,"VANDALISM - FELONY ($400 & OVER, ALL CHURCH VANDALISMS)",Central,34.0572,-118.2481
2024-05-03 15:19:00,THEFT PLAIN - PETTY ($950 & UNDER),Central,34.0415,-118.262
2024-05-15 12:00:00,"THEFT-GRAND ($950.01 & OVER)EXCPT,GUNS,FOWL,LIVESTK,PROD",Central,34.0382,-118.2316
2024-05-15 14:13:00,TRESPASSING,Central,34.0488,-118.2518
2024-05-15 17:00:00,THEFT FROM MOTOR VEHICLE - PETTY ($950 & UNDER),Central,34.0408,-118.2644
2024-05-04 22:00:00,BURGLARY FROM VEHICLE,Central,34.0446,-118.2507
2024-05-15 16:41:00,SHOPLIFTING - PETTY THEFT ($950 & UNDER),Central,34.0483,-118.2631
2024-05-15 19:10:00,BURGLARY FROM VEHICLE,Central,34.0553,-118.2516
2024-05-15 02:30:00,BURGLARY FROM VEHICLE,Central,34.0503,-118.2434
2024-05-15 12:50:00,SHOPLIFTING - PETTY THEFT ($950 & UNDER),Central,34.0483,-118.2631
2024-05-11 21:00:00,BURGLARY FROM VEHICLE,Central,34.056,-118.2386
2024-05-15 12:59:00,THEFT PLAIN - PETTY ($950 & UNDER),Central,34.0585,-118.2403
2024-05-09 14:00:00,THEFT PLAIN - PETTY ($950 & UNDER),Central,34.0493,-118.2417
2024-05-15 18:50:00,VEHICLE - STOLEN,Central,34.0566,-118.2531
2024-05-15 23:30:00,VANDALISM - MISDEAMEANOR ($399 OR UNDER),Central,34.0402,-118.2598
2024-05-14 18:00:00,THEFT FROM MOTOR VEHICLE - PETTY ($950 & UNDER),Central,34.0676,-118.2368
2024-05-10 12:30:00,"THEFT-GRAND ($950.01 & OVER)EXCPT,GUNS,FOWL,LIVESTK,PROD",Central,34.0416,-118.255
2024-05-15 22:00:00,VANDALISM - MISDEAMEANOR ($399 OR UNDER),Central,34.0473,-118.2425
2024-05-03 17:04:00,BURGLARY FROM VEHICLE,Central,34.0387,-118.2612
2024-04-23 01:30:00,BURGLARY FROM VEHICLE,Central,34.0458,-118.2614
2024-05-14 16:17:00,SHOPLIFTING - PETTY THEFT ($950 & UNDER),Central,34.0483,-118.2631
2024-05-14 09:25:00,THEFT OF IDENTITY,Central,34.0401,-118.2669
2024-04-23 22:45:00,"VANDALISM - FELONY ($400 & OVER, ALL CHURCH VANDALISMS)",Central,34.0396,-118.259
2024-05-08 18:25:00,"VEHICLE, STOLEN - OTHER (MOTORIZED SCOOTERS, BIKES, ETC)",Central,34.0488,-118.2518
2024-05-08 20:00:00,"VEHICLE, STOLEN - OTHER (MOTORIZED SCOOTERS, BIKES, ETC)",Central,34.0437,-118.263
2024-05-14 17:40:00,VEHICLE - STOLEN,Central,34.0328,-118.2683
2024-05-14 17:40:00,VEHICLE - STOLEN,Central,34.0431,-118.2537
2024-05-13 11:35:00,VEHICLE - STOLEN,Central,34.0431,-118.2537
2024-05-12 16:00:00,VEHICLE - STOLEN,Central,34.0607,-118.2435
2024-05-16 18:01:00,SHOPLIFTING - PETTY THEFT ($950 & UNDER),Central,34.0483,-118.2631
2024-05-14 20:00:00,SHOPLIFTING - PETTY THEFT ($950 & UNDER),Central,34.0483,-118.2631
2024-05-16 01:00:00,PICKPOCKET,Central,34.0516,-118.2491
2024-05-16 19:56:00,BURGLARY FROM VEHICLE,Central,34.0509,-118.2316
2024-05-16 18:30:00,VEHICLE - STOLEN,Central,34.0463,-118.2402
2024-04-11 22:00:00,VEHICLE - STOLEN,Central,34.0337,-118.2703
2024-05-10 13:00:00,BURGLARY FROM VEHICLE,Central,34.0477,-118.2394
2024-05-14 16:30:00,BURGLARY FROM VEHICLE,Central,34.0627,-118.2463
2024-05-13 23:35:00,THEFT PLAIN - PETTY ($950 & UNDER),Central,34.0502,-118.2539
2024-05-17 09:10:00,VEHICLE - STOLEN,Central,34.0426,-118.2528
2024-05-17 00:30:00,VEHICLE - STOLEN,Central,34.0495,-118.2458
2024-05-17 10:00:00,ROBBERY,Central,34.0561,-118.2375
2024-05-17 06:52:00,TRESPASSING,Central,34.0549,-118.2511
2024-05-17 06:30:00,TRESPASSING,Central,34.0492,-118.2391
2024-05-16 10:30:00,THEFT FROM MOTOR VEHICLE - PETTY ($950 & UNDER),Central,34.0615,-118.247
2024-02-09 22:35:00,THEFT PLAIN - PETTY ($950 & UNDER),Central,34.0519,-118.2531
2024-05-16 18:00:00,"VANDALISM - FELONY ($400 & OVER, ALL CHURCH VANDALISMS)",Central,34.0607,-118.2494
2024-05-16 19:15:00,BURGLARY FROM VEHICLE,Central,34.0435,-118.236
2024-05-17 13:00:00,SHOPLIFTING - PETTY THEFT ($950 & UNDER),Central,34.0483,-118.2631
2024-05-17 19:45:00,BURGLARY FROM VEHICLE,Central,34.0414,-118.2332
2024-05-16 21:30:00,THEFT PLAIN - PETTY ($950 & UNDER),Central,34.0342,-118.2636
2024-05-18 01:45:00,TRESPASSING,Central,34.0561,-118.2375
2024-05-17 14:30:00,"ASSAULT WITH DEADLY WEAPON, AGGRAVATED ASSAULT",Central,34.0564,-118.2499
2024-05-17 18:40:00,"VEHICLE, STOLEN - OTHER (MOTORIZED SCOOTERS, BIKES, ETC)",Central,34.0462,-118.2585
2024-05-16 18:00:00,VEHICLE - STOLEN,Central,34.0376,-118.2593
2024-05-18 13:15:00,VEHICLE - STOLEN,Central,34.0394,-118.2496
2024-05-17 23:35:00,BURGLARY FROM VEHICLE,Central,34.0495,-118.2459
2024-05-18 11:00:00,SHOPLIFTING - PETTY THEFT ($950 & UNDER),Central,34.0496,-118.2603
2024-05-13 16:30:00,THEFT OF IDENTITY,Central,34.0437,-118.2582
2024-05-17 22:00:00,VEHICLE - STOLEN,Central,34.0452,-118.2569
2024-05-18 17:40:00,VEHICLE - STOLEN,Central,34.0419,-118.2328
2024-05-09 07:40:00,BURGLARY FROM VEHICLE,Central,34.0423,-118.2561
2024-05-18 20:40:00,"VANDALISM - FELONY ($400 & OVER, ALL CHURCH VANDALISMS)",Central,34.0394,-118.2623
2024-05-18 17:20:00,BURGLARY FROM VEHICLE,Central,34.0515,-118.238
2024-05-18 18:12:00,THEFT PLAIN - PETTY ($950 & UNDER),Central,34.0446,-118.2507
2024-05-17 22:00:00,BURGLARY FROM VEHICLE,Central,34.033,-118.2615
2024-05-11 21:30:00,"THEFT-GRAND ($950.01 & OVER)EXCPT,GUNS,FOWL,LIVESTK,PROD",Central,34.0495,-118.2528
2024-05-18 20:30:00,VEHICLE - STOLEN,Central,34.0371,-118.2611
2024-05-17 22:22:00,BURGLARY,Central,34.0483,-118.2631
2024-05-18 20:00:00,VEHICLE - STOLEN,Central,34.0671,-118.2498
2024-05-19 03:30:00,ROBBERY,Central,34.0483,-118.2631
2024-03-20 17:00:00,THEFT FROM MOTOR VEHICLE - PETTY ($950 & UNDER),Central,34.0662,-118.2476
2024-05-15 17:00:00,THEFT FROM MOTOR VEHICLE - PETTY ($950 & UNDER),Central,34.0662,-118.2476
2024-05-19 06:20:00,"VEHICLE, STOLEN - OTHER (MOTORIZED SCOOTERS, BIKES, ETC)",Central,34.0476,-118.2637
2024-05-19 03:22:00,ASSAULT WITH DEADLY WEAPON ON POLICE OFFICER,Central,34.0419,-118.2669
2024-05-18 22:45:00,TRESPASSING,Central,34.0549,-118.2511
2024-05-18 14:30:00,THEFT FROM MOTOR VEHICLE - GRAND ($950.01 AND OVER),Central,34.0736,-118.2312
2024-05-18 00:01:00,BURGLARY FROM VEHICLE,Central,34.0437,-118.2582
2024-05-18 13:00:00,THEFT OF IDENTITY,Central,34.0585,-118.2403
2024-05-17 19:40:00,BURGLARY FROM VEHICLE,Central,34.0684,-118.2449
2024-05-17 17:00:00,BURGLARY FROM VEHICLE,Central,34.0445,-118.2558
2024-05-19 15:50:00,SHOPLIFTING - PETTY THEFT ($950 & UNDER),Central,34.0483,-118.2631
2024-05-19 17:30:00,VANDALISM - MISDEAMEANOR ($399 OR UNDER),Central,34.0473,-118.2425
2024-05-18 19:00:00,BURGLARY FROM VEHICLE,Central,34.0471,-118.2474
2024-05-17 18:00:00,BURGLARY FROM VEHICLE,Central,34.0433,-118.2577
2024-05-20 05:55:00,BATTERY - SIMPLE ASSAULT,Central,34.0515,-118.2424
2024-05-10 18:15:00,"THEFT-GRAND ($950.01 & OVER)EXCPT,GUNS,FOWL,LIVESTK,PROD",Central,34.0468,-118.2415
2024-05-05 02:00:00,VEHICLE - STOLEN,Central,34.0401,-118.2669
2024-05-20 12:40:00,VEHICLE - STOLEN,Central,34.0433,-118.2577
2024-05-20 14:00:00,THEFT FROM MOTOR VEHICLE - PETTY ($950 & UNDER),Central,34.0437,-118.2582
2024-05-19 18:20:00,SHOPLIFTING - PETTY THEFT ($950 & UNDER),Central,34.0483,-118.2631
2024-05-19 18:50:00,SHOPLIFTING - PETTY THEFT ($950 & UNDER),Central,34.0483,-118.2631
2024-05-15 08:00:00,THEFT FROM MOTOR VEHICLE - PETTY ($950 & UNDER),Central,34.0735,-118.23
2024-05-20 16:00:00,SHOPLIFTING - PETTY THEFT ($950 & UNDER),Central,34.0483,-118.2631
2024-05-12 13:30:00,BURGLARY FROM VEHICLE,Central,34.0519,-118.2506
2024-05-14 20:58:00,THEFT FROM MOTOR VEHICLE - PETTY ($950 & UNDER),Central,34.0478,-118.2484
2024-05-11 20:15:00,BURGLARY FROM VEHICLE,Central,34.0481,-118.2472
2024-04-20 07:00:00,BIKE - STOLEN,Central,34.0472,-118.2371
2024-05-10 11:05:00,"VANDALISM - FELONY ($400 & OVER, ALL CHURCH VANDALISMS)",Central,34.0459,-118.2545
2024-05-20 22:38:00,BATTERY - SIMPLE ASSAULT,Central,34.0572,-118.2481
2024-05-20 23:10:00,TRESPASSING,Central,34.0549,-118.2511
2024-05-18 16:00:00,"VANDALISM - FELONY ($400 & OVER, ALL CHURCH VANDALISMS)",Central,34.0461,-118.2395
2024-05-17 16:00:00,VEHICLE - STOLEN,Central,34.0419,-118.2669
2024-05-20 15:30:00,"THEFT-GRAND ($950.01 & OVER)EXCPT,GUNS,FOWL,LIVESTK,PROD",Central,34.0473,-118.2601
2024-05-14 16:30:00,THEFT PLAIN - PETTY ($950 & UNDER),Central,34.0539,-118.2436
2024-05-20 16:15:00,THEFT OF IDENTITY,Central,34.0466,-118.259
2024-05-18 12:21:00,SHOPLIFTING - PETTY THEFT ($950 & UNDER),Central,34.0466,-118.259
2024-05-11 22:10:00,PICKPOCKET,Central,34.0495,-118.2528
2024-05-18 18:00:00,VEHICLE - STOLEN,Central,34.0663,-118.2442
2024-05-19 20:00:00,VEHICLE - STOLEN,Central,34.0395,-118.2657
2024-05-19 14:45:00,VEHICLE - STOLEN,Central,34.0383,-118.2305
2024-02-29 00:25:00,THEFT PLAIN - PETTY ($950 & UNDER),Central,34.0502,-118.2539
2024-05-19 13:40:00,"VANDALISM - FELONY ($400 & OVER, ALL CHURCH VANDALISMS)",Central,34.0604,-118.2393
2024-05-14 14:45:00,THEFT PLAIN - PETTY ($950 & UNDER),Central,34.0561,-118.2375
2024-05-21 03:20:00,BURGLARY FROM VEHICLE,Central,34.0503,-118.247
2024-05-21 18:20:00,TRESPASSING,Central,34.0508,-118.2586
2024-05-21 15:05:00,SHOPLIFTING - PETTY THEFT ($950 & UNDER),Central,34.048,-118.2577
2024-05-21 09:00:00,"VANDALISM - FELONY ($400 & OVER, ALL CHURCH VANDALISMS)",Central,34.0452,-118.2569
2024-05-06 07:20:00,THEFT PLAIN - PETTY ($950 & UNDER),Central,34.0569,-118.254
2024-05-21 18:30:00,"VANDALISM - FELONY ($400 & OVER, ALL CHURCH VANDALISMS)",Central,34.0377,-118.2622
2024-05-21 14:00:00,SHOPLIFTING - PETTY THEFT ($950 & UNDER),Central,34.0483,-118.2631
2024-04-25 12:00:00,VEHICLE - STOLEN,Central,34.0383,-118.2305
2024-05-21 08:45:00,BURGLARY FROM VEHICLE,Central,34.0454,-118.2422
2024-05-21 11:00:00,PICKPOCKET,Central,34.044,-118.2676
2024-05-10 08:30:00,VANDALISM - MISDEAMEANOR ($399 OR UNDER),Central,34.0419,-118.2669
2024-05-22 07:55:00,TRESPASSING,Central,34.0561,-118.2375
2024-05-22 07:30:00,TRESPASSING,Central,34.0561,-118.2375
2024-05-21 23:00:00,BURGLARY FROM VEHICLE,Central,34.0414,-118.2332
2024-05-22 07:00:00,TRESPASSING,Central,34.0561,-118.2375
2024-05-22 10:15:00,VEHICLE - STOLEN,Central,34.0389,-118.255
2024-05-02 05:30:00,"RAPE, FORCIBLE",Central,34.057,-118.2329
2024-05-22 12:36:00,SHOPLIFTING - PETTY THEFT ($950 & UNDER),Central,34.0483,-118.2631
2024-01-09 19:00:00,VEHICLE - STOLEN,Central,34.0365,-118.2732
2024-05-21 15:00:00,"VANDALISM - FELONY ($400 & OVER, ALL CHURCH VANDALISMS)",Central,34.0488,-118.2518
2024-05-22 16:30:00,"THEFT-GRAND ($950.01 & OVER)EXCPT,GUNS,FOWL,LIVESTK,PROD",Central,34.0506,-118.2371
2024-05-21 21:30:00,THEFT FROM MOTOR VEHICLE - PETTY ($950 & UNDER),Central,34.0401,-118.2633
2024-05-22 00:10:00,TRESPASSING,Central,34.0524,-118.2467
2024-05-22 15:40:00,TRESPASSING,Central,34.0395,-118.2657
2024-05-22 18:50:00,TRESPASSING,Central,34.055,-118.2321
2024-05-16 20:30:00,DOCUMENT FORGERY / STOLEN FELONY,Central,34.0391,-118.269
2024-05-23 00:01:00,VEHICLE - STOLEN,Central,34.038,-118.2345
2024-05-09 11:24:00,THEFT PLAIN - PETTY ($950 & UNDER),Central,34.0408,-118.2644
2024-05-21 20:00:00,SHOPLIFTING - PETTY THEFT ($950 & UNDER),Central,34.0483,-118.2631
2024-05-23 07:30:00,TRESPASSING,Central,34.0561,-118.2375
2024-05-23 09:30:00,TRESPASSING,Central,34.0488,-118.2518
2024-05-23 08:45:00,VEHICLE - STOLEN,Central,34.0557,-118.2488
2024-05-23 11:00:00,VEHICLE - STOLEN,Central,34.0446,-118.249
2024-05-23 08:55:00,TRESPASSING,Central,34.0488,-118.2518
2024-05-23 12:00:00,TRESPASSING,Central,34.0561,-118.2375
2024-05-23 08:20:00,TRESPASSING,Central,34.0547,-118.2505
2024-05-23 08:15:00,TRESPASSING,Central,34.0547,-118.2505
2024-05-23 07:55:00,TRESPASSING,Central,34.0561,-118.2375
2024-05-22 22:00:00,VEHICLE - STOLEN,Central,34.0415,-118.2655
2024-05-23 13:00:00,VEHICLE - STOLEN,Central,34.0404,-118.2504
2024-05-23 12:30:00,VEHICLE - STOLEN,Central,34.0714,-118.2329
2024-05-23 18:20:00,"VEHICLE, STOLEN - OTHER (MOTORIZED SCOOTERS, BIKES, ETC)",Central,34.0408,-118.2644
2024-05-23 16:00:00,VEHICLE - STOLEN,Central,34.0624,-118.2383
2024-05-22 07:35:00,BIKE - STOLEN,Central,34.0452,-118.2533
2024-05-23 02:25:00,"VANDALISM - FELONY ($400 & OVER, ALL CHURCH VANDALISMS)",Central,34.0401,-118.2669
2024-05-22 23:49:00,BIKE - STOLEN,Central,34.0479,-118.2612
2024-05-23 13:50:00,THEFT FROM MOTOR VEHICLE - GRAND ($950.01 AND OVER),Central,34.0388,-118.2574
2024-05-23 11:30:00,BURGLARY FROM VEHICLE,Central,34.0516,-118.2561
2024-05-22 19:21:00,SHOPLIFTING - PETTY THEFT ($950 & UNDER),Central,34.0483,-118.2631
2024-05-23 15:15:00,THEFT OF IDENTITY,Central,34.0466,-118.259
2024-05-21 13:55:00,VANDALISM - MISDEAMEANOR ($399 OR UNDER),Central,34.0519,-118.2531
2024-05-23 10:30:00,BIKE - STOLEN,Central,34.0483,-118.2631
2024-05-21 18:00:00,SHOPLIFTING - PETTY THEFT ($950 & UNDER),Central,34.0483,-118.2631
2024-05-24 08:00:00,TRESPASSING,Central,34.0488,-118.2518
2024-05-17 21:00:00,THEFT FROM MOTOR VEHICLE - PETTY ($950 & UNDER),Central,34.0431,-118.2692
2024-05-23 23:00:00,VEHICLE - STOLEN,Central,34.046,-118.251
2024-05-24 07:30:00,VEHICLE - STOLEN,Central,34.0541,-118.2451
2024-05-24 18:00:00,VEHICLE - STOLEN,Central,34.0637,-118.244
2024-05-24 19:20:00,VEHICLE - STOLEN,Central,34.0535,-118.2491
2024-05-23 11:00:00,THEFT PLAIN - PETTY ($950 & UNDER),Central,34.0502,-118.2539
2024-04-25 15:25:00,THEFT PLAIN - PETTY ($950 & UNDER),Central,34.051,-118.248
2024-05-23 11:50:00,VANDALISM - MISDEAMEANOR ($399 OR UNDER),Central,34.0473,-118.2425
2024-05-04 02:20:00,BIKE - STOLEN,Central,34.0448,-118.2474
2024-05-19 23:45:00,THEFT FROM MOTOR VEHICLE - PETTY ($950 & UNDER),Central,34.0458,-118.2614
2024-05-10 19:30:00,BURGLARY FROM VEHICLE,Central,34.0394,-118.2623
2024-05-23 13:35:00,THEFT PLAIN - PETTY ($950 & UNDER),Central,34.0473,-118.2601
2024-05-22 15:43:00,SHOPLIFTING - PETTY THEFT ($950 & UNDER),Central,34.0483,-118.2631
2024-05-25 08:41:00,TRESPASSING,Central,34.0561,-118.2375
2024-05-25 06:00:00,TRESPASSING,Central,34.0561,-118.2375
2024-05-25 06:45:00,TRESPASSING,Central,34.0508,-118.2586
2024-05-25 07:20:00,TRESPASSING,Central,34.0508,-118.2586
2024-05-25 08:55:00,TRESPASSING,Central,34.0508,-118.2586
2024-05-25 09:20:00,TRESPASSING,Central,34.0508,-118.2586
2024-05-24 05:50:00,TRESPASSING,Central,34.0508,-118.2586
2024-05-25 09:40:00,TRESPASSING,Central,34.0561,-118.2375
2024-05-24 06:30:00,TRESPASSING,Central,34.0524,-118.2467
2024-05-24 23:55:00,TRESPASSING,Central,34.0549,-118.2511
2024-05-24 07:20:00,TRESPASSING,Central,34.0488,-118.2518
2024-05-25 08:10:00,"VANDALISM - FELONY ($400 & OVER, ALL CHURCH VANDALISMS)",Central,34.0353,-118.2699
2024-05-24 18:51:00,THEFT PLAIN - PETTY ($950 & UNDER),Central,34.0649,-118.2465
2024-05-08 09:30:00,THEFT FROM MOTOR VEHICLE - GRAND ($950.01 AND OVER),Central,34.0362,-118.2386
2024-05-25 08:40:00,THEFT PLAIN - PETTY ($950 & UNDER),Central,34.0437,-118.2455
2024-05-24 17:35:00,SHOPLIFTING - PETTY THEFT ($950 & UNDER),Central,34.0483,-118.2631
2024-05-24 22:40:00,PICKPOCKET,Central,34.0436,-118.2354
2024-05-24 23:34:00,"VANDALISM - FELONY ($400 & OVER, ALL CHURCH VANDALISMS)",Central,34.0408,-118.2644
2024-04-08 11:00:00,BIKE - STOLEN,Central,34.0437,-118.2455
2024-05-25 08:50:00,TRESPASSING,Central,34.0454,-118.2658
2024-05-25 14:20:00,SHOPLIFTING - PETTY THEFT ($950 & UNDER),Central,34.0483,-118.2631
2024-05-25 23:14:00,PICKPOCKET,Central,34.0652,-118.2369
2024-05-23 20:00:00,INTIMATE PARTNER - SIMPLE ASSAULT,Central,34.0453,-118.2443
2024-05-26 07:50:00,TRESPASSING,Central,34.0547,-118.2505
2024-05-25 13:20:00,TRESPASSING,Central,34.0508,-118.2586
2024-05-25 14:00:00,TRESPASSING,Central,34.0508,-118.2586
2024-05-25 11:15:00,TRESPASSING,Central,34.0561,-118.2375
2024-05-26 10:30:00,TRESPASSING,Central,34.0635,-118.2357
2024-05-23 10:30:00,VEHICLE - STOLEN,Central,34.0478,-118.2484
2024-05-26 17:45:00,SHOPLIFTING - PETTY THEFT ($950 & UNDER),Central,34.0483,-118.2631
2024-05-19 19:17:00,THEFT OF IDENTITY,Central,34.0502,-118.2575
2024-05-25 12:30:00,BURGLARY FROM VEHICLE,Central,34.034,-118.2615
2024-05-15 15:00:00,THEFT PLAIN - PETTY ($950 & UNDER),Central,34.0621,-118.2376
2024-05-25 15:00:00,BURGLARY FROM VEHICLE,Central,34.0438,-118.2397
2024-05-25 22:00:00,BURGLARY FROM VEHICLE,Central,34.0454,-118.2333
2024-05-25 13:30:00,BURGLARY FROM VEHICLE,Central,34.0519,-118.2506
2024-05-26 21:50:00,VEHICLE - STOLEN,Central,34.0606,-118.2358
2024-05-25 22:30:00,PICKPOCKET,Central,34.0582,-118.2387
2024-05-25 16:30:00,"THEFT-GRAND ($950.01 & OVER)EXCPT,GUNS,FOWL,LIVESTK,PROD",Central,34.0504,-118.2409
2024-03-01 10:00:00,THEFT OF IDENTITY,Central,34.0453,-118.2499
2024-05-26 11:05:00,TRESPASSING,Central,34.0561,-118.2375
2024-05-26 11:35:00,TRESPASSING,Central,34.0561,-118.2375
2024-05-26 11:00:00,TRESPASSING,Central,34.0488,-118.2518
2024-05-26 10:00:00,TRESPASSING,Central,34.0488,-118.2518
2024-05-26 11:30:00,TRESPASSING,Central,34.0473,-118.2601
2024-05-25 00:15:00,VEHICLE - STOLEN,Central,34.0494,-118.2599
2024-05-26 10:40:00,TRESPASSING,Central,34.0561,-118.2375
2024-05-25 15:30:00,"THEFT-GRAND ($950.01 & OVER)EXCPT,GUNS,FOWL,LIVESTK,PROD",Central,34.0504,-118.2409
2024-05-25 21:40:00,BRANDISH WEAPON,Central,34.0396,-118.2558
2024-05-24 22:30:00,VEHICLE - STOLEN,Central,34.0476,-118.2477
2024-05-26 15:30:00,VEHICLE - STOLEN,Central,34.048,-118.2577
2024-05-26 00:03:00,BURGLARY FROM VEHICLE,Central,34.0338,-118.2708
2024-05-26 22:20:00,BURGLARY FROM VEHICLE,Central,34.0462,-118.2585
2024-05-24 11:00:00,"THEFT-GRAND ($950.01 & OVER)EXCPT,GUNS,FOWL,LIVESTK,PROD",Central,34.0431,-118.2692
2024-05-21 13:00:00,THEFT PLAIN - PETTY ($950 & UNDER),Central,34.0445,-118.2558
2024-05-26 15:30:00,THEFT PLAIN - PETTY ($950 & UNDER),Central,34.0498,-118.24
2024-05-26 22:15:00,"VANDALISM - FELONY ($400 & OVER, ALL CHURCH VANDALISMS)",Central,34.0377,-118.2622
2024-05-27 14:18:00,VEHICLE - STOLEN,Central,34.0479,-118.2612
2024-05-25 00:10:00,DRUNK ROLL,Central,34.0571,-118.2405
2024-05-27 15:45:00,SHOPLIFTING - PETTY THEFT ($950 & UNDER),Central,34.0493,-118.2417
2024-05-27 16:10:00,THEFT PLAIN - PETTY ($950 & UNDER),Central,34.048,-118.2577
2024-05-27 10:00:00,"VANDALISM - FELONY ($400 & OVER, ALL CHURCH VANDALISMS)",Central,34.0382,-118.2384
2024-05-27 19:30:00,VANDALISM - MISDEAMEANOR ($399 OR UNDER),Central,34.0402,-118.2598
2024-05-27 14:30:00,"VANDALISM - FELONY ($400 & OVER, ALL CHURCH VANDALISMS)",Central,34.0406,-118.268
2024-05-28 00:30:00,TRESPASSING,Central,34.0492,-118.2391
2024-05-25 10:50:00,TRESPASSING,Central,34.0561,-118.2375
2024-05-27 10:45:00,TRESPASSING,Central,34.0561,-118.2375
2024-05-27 06:50:00,"DEFRAUDING INNKEEPER/THEFT OF SERVICES, $950 & UNDER",Central,34.0547,-118.2335
2024-05-27 09:45:00,"DEFRAUDING INNKEEPER/THEFT OF SERVICES, $950 & UNDER",Central,34.0508,-118.2586
2024-05-27 09:50:00,"DEFRAUDING INNKEEPER/THEFT OF SERVICES, $950 & UNDER",Central,34.0508,-118.2586
2024-05-27 06:15:00,TRESPASSING,Central,34.0561,-118.2375
2024-05-27 07:10:00,TRESPASSING,Central,34.0561,-118.2375
2024-05-24 20:51:00,BURGLARY FROM VEHICLE,Central,34.0419,-118.2669
2024-05-27 02:00:00,THEFT PLAIN - PETTY ($950 & UNDER),Central,34.0446,-118.249
2024-05-27 06:00:00,TRESPASSING,Central,34.0561,-118.2375
2024-05-27 11:30:00,TRESPASSING,Central,34.0552,-118.2457
2024-05-28 06:10:00,TRESPASSING,Central,34.0561,-118.2375
2024-05-27 13:00:00,PICKPOCKET,Central,34.0378,-118.2561
2024-05-28 06:50:00,TRESPASSING,Central,34.0561,-118.2375
2024-05-19 09:00:00,VEHICLE - STOLEN,Central,34.0415,-118.262
2024-05-24 15:00:00,BURGLARY FROM VEHICLE,Central,34.0459,-118.2579
2024-05-22 13:30:00,BURGLARY FROM VEHICLE,Central,34.0485,-118.2326
2024-05-24 15:30:00,"VANDALISM - FELONY ($400 & OVER, ALL CHURCH VANDALISMS)",Central,34.0401,-118.2504
2024-05-24 10:00:00,THEFT FROM MOTOR VEHICLE - PETTY ($950 & UNDER),Central,34.0467,-118.2485
2024-05-27 20:00:00,VEHICLE - STOLEN,Central,34.0348,-118.2688
2024-05-28 02:55:00,VEHICLE - STOLEN,Central,34.0473,-118.2601
2024-05-28 10:00:00,VEHICLE - STOLEN,Central,34.0423,-118.2561
2024-05-27 00:01:00,THEFT FROM MOTOR VEHICLE - PETTY ($950 & UNDER),Central,34.0396,-118.2558
2024-05-27 18:00:00,VEHICLE - STOLEN,Central,34.0401,-118.2533
2024-05-27 23:00:00,"VANDALISM - FELONY ($400 & OVER, ALL CHURCH VANDALISMS)",Central,34.0615,-118.247
2024-05-26 20:00:00,BURGLARY FROM VEHICLE,Central,34.0408,-118.2644
2024-05-25 04:47:00,VANDALISM - MISDEAMEANOR ($399 OR UNDER),Central,34.0401,-118.2504
2024-05-24 09:25:00,BURGLARY FROM VEHICLE,Central,34.0423,-118.2561
2024-05-28 01:00:00,BURGLARY FROM VEHICLE,Central,34.0438,-118.2547
2024-05-26 22:30:00,THEFT FROM MOTOR VEHICLE - PETTY ($950 & UNDER),Central,34.0503,-118.2434
2024-05-18 12:48:00,THEFT OF IDENTITY,Central,34.0488,-118.25
2024-05-28 18:00:00,SHOPLIFTING - PETTY THEFT ($950 & UNDER),Central,34.0483,-118.2631
2024-05-26 07:00:00,TRESPASSING,Central,34.0508,-118.2586
2024-05-27 09:55:00,"DEFRAUDING INNKEEPER/THEFT OF SERVICES, $950 & UNDER",Central,34.0508,-118.2586
2024-05-27 17:35:00,TRESPASSING,Central,34.0561,-118.2375
2024-05-28 22:30:00,OTHER MISCELLANEOUS CRIME,Central,34.0566,-118.2531
2024-05-05 13:55:00,"LETTERS, LEWD  -  TELEPHONE CALLS, LEWD",Central,34.0445,-118.2523
2024-05-28 12:45:00,ROBBERY,Central,34.0488,-118.2518
2024-05-28 09:00:00,"VANDALISM - FELONY ($400 & OVER, ALL CHURCH VANDALISMS)",Central,34.0455,-118.2379
2024-05-28 12:43:00,SHOPLIFTING - PETTY THEFT ($950 & UNDER),Central,34.0483,-118.2631
2024-05-26 12:59:00,VANDALISM - MISDEAMEANOR ($399 OR UNDER),Central,34.0442,-118.2681
2024-05-27 20:15:00,ROBBERY,Central,34.0406,-118.268
2024-05-17 18:04:00,BURGLARY FROM VEHICLE,Central,34.0445,-118.2558
2024-04-28 22:25:00,VANDALISM - MISDEAMEANOR ($399 OR UNDER),Central,34.0459,-118.243
2024-05-29 06:34:00,TRESPASSING,Central,34.0543,-118.2466
2024-05-28 16:20:00,SHOPLIFTING - PETTY THEFT ($950 & UNDER),Central,34.048,-118.2577
2024-05-26 09:45:00,THEFT OF IDENTITY,Central,34.0453,-118.2499
2024-05-29 01:00:00,BURGLARY FROM VEHICLE,Central,34.0408,-118.2644
2024-05-28 15:00:00,SHOPLIFTING - PETTY THEFT ($950 & UNDER),Central,34.0483,-118.2631
2024-05-26 17:30:00,SHOPLIFTING - PETTY THEFT ($950 & UNDER),Central,34.0483,-118.2631
2024-05-13 18:31:00,VANDALISM - MISDEAMEANOR ($399 OR UNDER),Central,34.0601,-118.2502
2024-05-29 01:25:00,"VANDALISM - FELONY ($400 & OVER, ALL CHURCH VANDALISMS)",Central,34.0478,-118.2484
2024-05-28 23:50:00,"VANDALISM - FELONY ($400 & OVER, ALL CHURCH VANDALISMS)",Central,34.0401,-118.2504
2024-05-05 06:30:00,BURGLARY FROM VEHICLE,Central,34.055,-118.2546
2024-05-26 18:17:00,SHOPLIFTING - PETTY THEFT ($950 & UNDER),Central,34.0483,-118.2631
2024-05-29 08:10:00,"VANDALISM - FELONY ($400 & OVER, ALL CHURCH VANDALISMS)",Central,34.0364,-118.2707
2024-05-28 14:00:00,"VANDALISM - FELONY ($400 & OVER, ALL CHURCH VANDALISMS)",Central,34.0444,-118.2628
2024-05-29 19:30:00,VEHICLE - STOLEN,Central,34.0415,-118.262
2024-05-28 12:15:00,"VANDALISM - FELONY ($400 & OVER, ALL CHURCH VANDALISMS)",Central,34.0408,-118.2644
2024-05-29 10:00:00,BURGLARY FROM VEHICLE,Central,34.0531,-118.2478
2024-05-29 21:50:00,BURGLARY FROM VEHICLE,Central,34.0311,-118.2645
2024-05-15 11:56:00,THEFT PLAIN - PETTY ($950 & UNDER),Central,34.0423,-118.2561
2024-05-29 17:30:00,ROBBERY,Central,34.0466,-118.259
2024-05-28 19:00:00,VEHICLE - STOLEN,Central,34.057,-118.2508
2024-05-30 00:01:00,VEHICLE - STOLEN,Central,34.0637,-118.244
2024-05-27 12:00:00,SHOPLIFTING - PETTY THEFT ($950 & UNDER),Central,34.0483,-118.2631
2024-05-30 07:45:00,TRESPASSING,Central,34.0547,-118.2505
2024-05-29 09:00:00,VEHICLE - STOLEN,Central,34.0607,-118.2494
2024-05-29 22:35:00,BURGLARY FROM VEHICLE,Central,34.0663,-118.2442
2024-05-23 08:35:00,BURGLARY FROM VEHICLE,Central,34.0436,-118.2354
2024-05-30 10:00:00,TRESPASSING,Central,34.0508,-118.2586
2024-04-23 09:00:00,THEFT PLAIN - PETTY ($950 & UNDER),Central,34.046,-118.251
2024-05-30 07:00:00,TRESPASSING,Central,34.0561,-118.2375
2024-04-28 11:05:00,BURGLARY FROM VEHICLE,Central,34.0459,-118.2579
2024-04-02 15:00:00,BURGLARY FROM VEHICLE,Central,34.0401,-118.2633
2024-05-30 06:25:00,TRESPASSING,Central,34.0561,-118.2375
2024-05-30 09:30:00,TRESPASSING,Central,34.0508,-118.2586
2024-05-30 06:40:00,TRESPASSING,Central,34.0561,-118.2375
2024-05-30 10:30:00,TRESPASSING,Central,34.0488,-118.2518
2024-05-30 11:00:00,TRESPASSING,Central,34.0508,-118.2586
2024-05-30 06:45:00,TRESPASSING,Central,34.0561,-118.2375
2024-05-30 09:50:00,TRESPASSING,Central,34.0508,-118.2586
2024-03-09 19:15:00,"VANDALISM - FELONY ($400 & OVER, ALL CHURCH VANDALISMS)",Central,34.0462,-118.2585
2024-05-15 05:02:00,THEFT PLAIN - PETTY ($950 & UNDER),Central,34.0615,-118.2412
2024-05-29 17:58:00,SHOPLIFTING - PETTY THEFT ($950 & UNDER),Central,34.0483,-118.2631
2024-05-27 16:00:00,THEFT PLAIN - PETTY ($950 & UNDER),Central,34.0561,-118.2375
2024-05-30 13:00:00,THEFT PLAIN - PETTY ($950 & UNDER),Central,34.0467,-118.252
2024-05-24 16:45:00,THEFT PLAIN - PETTY ($950 & UNDER),Central,34.0559,-118.232
2024-04-05 00:01:00,BIKE - STOLEN,Central,34.0473,-118.2566
2024-05-30 14:50:00,TRESPASSING,Central,34.0338,-118.2706
2024-05-30 07:40:00,TRESPASSING,Central,34.0547,-118.2505
2024-05-30 15:00:00,TRESPASSING,Central,34.0488,-118.2518
2024-04-28 00:01:00,BURGLARY FROM VEHICLE,Central,34.048,-118.2577
2024-05-30 06:50:00,TRESPASSING,Central,34.0561,-118.2375
2024-05-29 23:55:00,TRESPASSING,Central,34.0492,-118.2391
2024-05-31 00:30:00,FAILURE TO YIELD,Central,34.0323,-118.2621
2024-05-28 15:06:00,BURGLARY FROM VEHICLE,Central,34.0423,-118.2561
2024-05-29 10:15:00,"VANDALISM - FELONY ($400 & OVER, ALL CHURCH VANDALISMS)",Central,34.0363,-118.2573
2024-05-31 07:30:00,TRESPASSING,Central,34.0508,-118.2586
2024-05-29 17:20:00,THEFT PLAIN - PETTY ($950 & UNDER),Central,34.0516,-118.2561
2024-05-30 14:03:00,SHOPLIFTING - PETTY THEFT ($950 & UNDER),Central,34.0483,-118.2631
2024-04-26 13:06:00,THEFT OF IDENTITY,Central,34.0519,-118.2531
2024-05-31 14:00:00,VEHICLE - STOLEN,Central,34.0481,-118.2472
2024-05-31 00:30:00,VEHICLE - STOLEN,Central,34.0466,-118.2555
2024-05-27 20:00:00,THEFT FROM MOTOR VEHICLE - GRAND ($950.01 AND OVER),Central,34.0445,-118.2558
2024-05-31 11:00:00,TRESPASSING,Central,34.0547,-118.2335
2024-05-31 05:55:00,TRESPASSING,Central,34.0561,-118.2375
2024-05-31 19:00:00,TRESPASSING,Central,34.0561,-118.2375
2024-05-31 06:03:00,TRESPASSING,Central,34.0561,-118.2375
2024-05-31 06:46:00,TRESPASSING,Central,34.0561,-118.2375
2024-05-31 11:45:00,TRESPASSING,Central,34.0488,-118.2518
2024-05-20 23:50:00,VEHICLE - STOLEN,Central,34.0487,-118.2588
2024-05-31 07:45:00,VEHICLE - STOLEN,Central,34.0503,-118.247
2024-05-24 01:30:00,BURGLARY FROM VEHICLE,Central,34.0322,-118.2637
2024-06-01 01:00:00,VEHICLE - STOLEN,Central,34.0487,-118.2588
2024-05-31 16:36:00,SHOPLIFTING - PETTY THEFT ($950 & UNDER),Central,34.0483,-118.2631
2024-05-31 19:00:00,SHOPLIFTING - PETTY THEFT ($950 & UNDER),Central,34.0483,-118.2631
2024-05-31 22:30:00,"VANDALISM - FELONY ($400 & OVER, ALL CHURCH VANDALISMS)",Central,34.0531,-118.2478
2024-05-31 23:00:00,BIKE - STOLEN,Central,34.048,-118.2577
2024-05-31 10:36:00,TRESPASSING,Central,34.0561,-118.2375
2024-05-30 23:35:00,FAILURE TO YIELD,Central,34.0363,-118.2672
2024-05-31 18:30:00,VEHICLE - STOLEN,Central,34.0671,-118.2498
2024-06-01 01:25:00,"THEFT-GRAND ($950.01 & OVER)EXCPT,GUNS,FOWL,LIVESTK,PROD",Central,34.0417,-118.2584
2024-05-31 16:30:00,SHOPLIFTING - PETTY THEFT ($950 & UNDER),Central,34.0483,-118.2631
2024-05-26 13:00:00,SHOPLIFTING - PETTY THEFT ($950 & UNDER),Central,34.0483,-118.2631
2024-06-01 06:10:00,TRESPASSING,Central,34.0561,-118.2375
2024-05-30 19:30:00,VEHICLE - STOLEN,Central,34.0459,-118.2579
2024-06-01 07:40:00,TRESPASSING,Central,34.0508,-118.2586
2024-06-01 14:20:00,INTIMATE PARTNER - SIMPLE ASSAULT,Central,34.0561,-118.2375
2024-06-01 01:00:00,PICKPOCKET,Central,34.046,-118.2493
2024-06-01 13:00:00,BURGLARY FROM VEHICLE,Central,34.0408,-118.2644
2024-06-01 00:01:00,PICKPOCKET,Central,34.046,-118.2493
2024-06-01 12:00:00,PICKPOCKET,Central,34.0395,-118.2527
2024-06-01 15:25:00,SHOPLIFTING - PETTY THEFT ($950 & UNDER),Central,34.0483,-118.2631
2024-06-01 15:30:00,BURGLARY FROM VEHICLE,Central,34.0569,-118.254
2024-06-01 19:37:00,BURGLARY FROM VEHICLE,Central,34.0452,-118.2533
2024-06-01 18:00:00,VEHICLE - STOLEN,Central,34.0445,-118.2523
2024-05-26 21:00:00,VEHICLE - STOLEN,Central,34.0662,-118.2476
2024-06-02 06:45:00,TRESPASSING,Central,34.0635,-118.2357
2024-06-02 06:00:00,TRESPASSING,Central,34.0561,-118.2375
2024-06-02 09:55:00,TRESPASSING,Central,34.0508,-118.2586
2024-06-01 14:20:00,TRESPASSING,Central,34.0524,-118.2467
2024-06-01 01:30:00,PICKPOCKET,Central,34.0582,-118.2387
2024-05-31 10:00:00,"VANDALISM - FELONY ($400 & OVER, ALL CHURCH VANDALISMS)",Central,34.0515,-118.2424
2024-06-02 01:00:00,"VANDALISM - FELONY ($400 & OVER, ALL CHURCH VANDALISMS)",Central,34.0599,-118.2379
2024-06-02 06:00:00,"VANDALISM - FELONY ($400 & OVER, ALL CHURCH VANDALISMS)",Central,34.0472,-118.2326
2024-05-31 21:00:00,BURGLARY FROM VEHICLE,Central,34.0513,-118.2344
2024-05-24 13:29:00,"THEFT-GRAND ($950.01 & OVER)EXCPT,GUNS,FOWL,LIVESTK,PROD",Central,34.0627,-118.2463
2024-06-02 14:01:00,"VANDALISM - FELONY ($400 & OVER, ALL CHURCH VANDALISMS)",Central,34.0487,-118.2627
2024-06-01 21:00:00,BURGLARY FROM VEHICLE,Central,34.0503,-118.247
2024-06-01 22:48:00,THEFT PLAIN - PETTY ($950 & UNDER),Central,34.0698,-118.2476
2024-05-30 16:00:00,BURGLARY FROM VEHICLE,Central,34.0531,-118.2478
2024-06-02 21:14:00,TRESPASSING,Central,34.0487,-118.2588
2024-06-02 06:00:00,TRESPASSING,Central,34.0559,-118.232
2024-06-03 08:25:00,TRESPASSING,Central,34.0549,-118.2511
2024-06-03 06:50:00,TRESPASSING,Central,34.0508,-118.2586
2024-06-02 05:50:00,TRESPASSING,Central,34.0559,-118.232
2024-06-03 01:30:00,BURGLARY FROM VEHICLE,Central,34.0353,-118.2699
2024-06-03 00:30:00,BURGLARY FROM VEHICLE,Central,34.0401,-118.2633
2024-06-03 02:00:00,"VANDALISM - FELONY ($400 & OVER, ALL CHURCH VANDALISMS)",Central,34.0487,-118.2627
2024-06-01 21:00:00,PICKPOCKET,Central,34.0561,-118.2375
2024-06-02 00:01:00,PICKPOCKET,Central,34.0481,-118.2472
2024-05-12 18:52:00,"THEFT-GRAND ($950.01 & OVER)EXCPT,GUNS,FOWL,LIVESTK,PROD",Central,34.0474,-118.2496
2024-06-02 17:25:00,SHOPLIFTING - PETTY THEFT ($950 & UNDER),Central,34.0483,-118.2631
2024-06-03 08:40:00,THEFT FROM MOTOR VEHICLE - PETTY ($950 & UNDER),Central,34.0695,-118.2273
2024-06-01 23:00:00,VEHICLE - STOLEN,Central,34.0473,-118.2462
2024-05-31 16:00:00,THEFT FROM MOTOR VEHICLE - PETTY ($950 & UNDER),Central,34.0452,-118.2569
2024-06-01 18:37:00,THEFT PLAIN - PETTY ($950 & UNDER),Central,34.0503,-118.2434
2024-06-03 01:00:00,"VANDALISM - FELONY ($400 & OVER, ALL CHURCH VANDALISMS)",Central,34.042,-118.2625
2024-06-01 12:01:00,VANDALISM - MISDEAMEANOR ($399 OR UNDER),Central,34.0519,-118.2531
2024-06-02 14:00:00,BURGLARY FROM VEHICLE,Central,34.048,-118.2577
2024-05-30 21:00:00,THEFT FROM MOTOR VEHICLE - PETTY ($950 & UNDER),Central,34.0517,-118.2474
2024-06-03 15:30:00,TRESPASSING,Central,34.0549,-118.2511
2024-06-02 20:30:00,BURGLARY FROM VEHICLE,Central,34.0408,-118.2644
2024-06-03 10:20:00,SHOPLIFTING - PETTY THEFT ($950 & UNDER),Central,34.0483,-118.2631
2024-06-03 15:00:00,TRESPASSING,Central,34.0549,-118.2511
2024-06-03 15:00:00,SHOPLIFTING - PETTY THEFT ($950 & UNDER),Central,34.0483,-118.2631
2024-06-01 09:00:00,BURGLARY FROM VEHICLE,Central,34.048,-118.2577
2024-06-03 09:00:00,THEFT PLAIN - PETTY ($950 & UNDER),Central,34.0561,-118.2375
2024-06-03 15:00:00,THEFT PLAIN - PETTY ($950 & UNDER),Central,34.042,-118.2625
2024-06-03 17:35:00,BATTERY - SIMPLE ASSAULT,Central,34.0343,-118.262
2024-05-29 12:45:00,THEFT OF IDENTITY,Central,34.0446,-118.245
2024-04-30 11:52:00,"EMBEZZLEMENT, GRAND THEFT ($950.01 & OVER)",Central,34.0479,-118.2612
2024-06-01 20:50:00,VEHICLE - STOLEN,Central,34.0713,-118.2291
2024-06-04 06:00:00,TRESPASSING,Central,34.0508,-118.2586
2024-06-04 06:20:00,TRESPASSING,Central,34.0561,-118.2375
2024-05-22 09:00:00,VEHICLE - STOLEN,Central,34.0476,-118.2477
2024-04-04 01:00:00,VEHICLE - STOLEN,Central,34.0467,-118.252
2024-06-03 09:00:00,TRESPASSING,Central,34.0508,-118.2586
2024-06-03 23:20:00,TRESPASSING,Central,34.0549,-118.2511
2024-06-04 07:30:00,TRESPASSING,Central,34.0561,-118.2375
2024-06-04 07:00:00,TRESPASSING,Central,34.0561,-118.2375
2024-06-04 06:40:00,TRESPASSING,Central,34.0561,-118.2375
2024-06-04 09:20:00,TRESPASSING,Central,34.0635,-118.2357
2024-06-04 09:20:00,BATTERY - SIMPLE ASSAULT,Central,34.0564,-118.2499
2024-06-04 07:30:00,TRESPASSING,Central,34.0508,-118.2586
2024-06-04 06:45:00,TRESPASSING,Central,34.0508,-118.2586
2024-06-04 21:45:00,VEHICLE - STOLEN,Central,34.0483,-118.2631
2024-05-31 13:38:00,THEFT FROM MOTOR VEHICLE - GRAND ($950.01 AND OVER),Central,34.046,-118.251
2024-06-02 18:00:00,BURGLARY FROM VEHICLE,Central,34.0649,-118.2465
2024-06-04 22:00:00,BURGLARY FROM VEHICLE,Central,34.048,-118.2577
2024-05-26 07:24:00,THEFT PLAIN - PETTY ($950 & UNDER),Central,34.0495,-118.2458
2024-05-18 02:39:00,"VANDALISM - FELONY ($400 & OVER, ALL CHURCH VANDALISMS)",Central,34.0401,-118.2357
2024-06-03 17:30:00,THEFT PLAIN - PETTY ($950 & UNDER),Central,34.0502,-118.2539
2024-06-02 01:00:00,"THEFT-GRAND ($950.01 & OVER)EXCPT,GUNS,FOWL,LIVESTK,PROD",Central,34.0419,-118.2669
2024-06-04 18:30:00,BURGLARY FROM VEHICLE,Central,34.0409,-118.2609
2024-06-01 12:58:00,THEFT PLAIN - PETTY ($950 & UNDER),Central,34.0445,-118.2523
2024-06-05 06:30:00,TRESPASSING,Central,34.0561,-118.2375
2024-06-05 12:30:00,VEHICLE - STOLEN,Central,34.0445,-118.2558
2024-06-05 08:00:00,TRESPASSING,Central,34.0561,-118.2375
2024-06-04 16:00:00,VEHICLE - STOLEN,Central,34.058,-118.241
2024-06-05 08:25:00,TRESPASSING,Central,34.0561,-118.2375
2024-06-05 06:30:00,TRESPASSING,Central,34.0508,-118.2586
2024-06-05 07:20:00,TRESPASSING,Central,34.0561,-118.2375
2024-06-05 08:40:00,TRESPASSING,Central,34.0561,-118.2375
2024-06-05 10:15:00,TRESPASSING,Central,34.0508,-118.2586
2024-06-05 10:00:00,TRESPASSING,Central,34.0508,-118.2586
2024-06-05 06:50:00,TRESPASSING,Central,34.0508,-118.2586
2024-06-05 13:12:00,TRESPASSING,Central,34.0559,-118.232
2024-06-04 20:00:00,SHOPLIFTING - PETTY THEFT ($950 & UNDER),Central,34.0483,-118.2631
2024-06-04 04:00:00,"VANDALISM - FELONY ($400 & OVER, ALL CHURCH VANDALISMS)",Central,34.0466,-118.259
2024-06-01 22:00:00,"VANDALISM - FELONY ($400 & OVER, ALL CHURCH VANDALISMS)",Central,34.0452,-118.2569
2024-05-30 13:52:00,"VANDALISM - FELONY ($400 & OVER, ALL CHURCH VANDALISMS)",Central,34.0502,-118.2539
2024-06-05 16:55:00,VEHICLE - STOLEN,Central,34.0516,-118.2491
2024-06-05 19:45:00,"VANDALISM - FELONY ($400 & OVER, ALL CHURCH VANDALISMS)",Central,34.0446,-118.2507
2024-06-04 15:30:00,BURGLARY FROM VEHICLE,Central,34.048,-118.2577
2024-06-05 17:45:00,BURGLARY FROM VEHICLE,Central,34.0428,-118.2532
2024-04-12 15:00:00,THEFT PLAIN - PETTY ($950 & UNDER),Central,34.0439,-118.2326
2024-06-05 15:00:00,BURGLARY FROM VEHICLE,Central,34.0455,-118.2381
2024-06-05 16:00:00,BRANDISH WEAPON,Central,34.0459,-118.2545
2024-06-04 21:00:00,SHOPLIFTING - PETTY THEFT ($950 & UNDER),Central,34.048,-118.2577
2024-06-02 00:13:00,DISCHARGE FIREARMS/SHOTS FIRED,Central,34.0401,-118.2533
2024-06-05 09:30:00,BURGLARY FROM VEHICLE,Central,34.0606,-118.2439
2024-06-05 06:30:00,"VANDALISM - FELONY ($400 & OVER, ALL CHURCH VANDALISMS)",Central,34.0532,-118.2425
2024-06-04 20:45:00,VEHICLE - STOLEN,Central,34.0474,-118.2496
2024-06-04 19:00:00,VEHICLE - STOLEN,Central,34.0607,-118.2494
2024-05-11 18:45:00,"THEFT-GRAND ($950.01 & OVER)EXCPT,GUNS,FOWL,LIVESTK,PROD",Central,34.0415,-118.262
2024-06-05 15:46:00,BURGLARY FROM VEHICLE,Central,34.0372,-118.2654
2024-06-01 11:30:00,PICKPOCKET,Central,34.0431,-118.2692
2024-06-06 08:00:00,BURGLARY FROM VEHICLE,Central,34.0488,-118.2518
2024-06-05 16:10:00,SHOPLIFTING - PETTY THEFT ($950 & UNDER),Central,34.0496,-118.2603
2024-06-05 16:55:00,SHOPLIFTING - PETTY THEFT ($950 & UNDER),Central,34.0483,-118.2631
2024-06-06 06:50:00,TRESPASSING,Central,34.0561,-118.2375
2024-06-06 09:20:00,TRESPASSING,Central,34.0508,-118.2586
2024-06-06 09:05:00,TRESPASSING,Central,34.0508,-118.2586
2024-06-06 10:53:00,TRESPASSING,Central,34.0508,-118.2586
2024-06-06 07:47:00,TRESPASSING,Central,34.0508,-118.2586
2024-06-06 15:34:00,SHOPLIFTING - PETTY THEFT ($950 & UNDER),Central,34.0483,-118.2631
2024-06-04 15:05:00,BURGLARY FROM VEHICLE,Central,34.0547,-118.2505
2024-06-05 18:00:00,SHOPLIFTING - PETTY THEFT ($950 & UNDER),Central,34.0483,-118.2631
2024-06-06 19:55:00,VEHICLE - STOLEN,Central,34.0419,-118.2523
2024-06-06 14:40:00,SHOPLIFTING - PETTY THEFT ($950 & UNDER),Central,34.0483,-118.2631
2024-06-04 10:00:00,THEFT PLAIN - PETTY ($950 & UNDER),Central,34.0619,-118.2369
2024-06-07 03:00:00,"VANDALISM - FELONY ($400 & OVER, ALL CHURCH VANDALISMS)",Central,34.0348,-118.2688
2024-06-07 00:35:00,VEHICLE - STOLEN,Central,34.0473,-118.2641
2024-01-07 07:30:00,THEFT OF IDENTITY,Central,34.0371,-118.2672
2024-06-07 14:20:00,VEHICLE - STOLEN,Central,34.0369,-118.2583
2024-06-06 00:10:00,VEHICLE - STOLEN,Central,34.0627,-118.2341
2024-06-07 06:20:00,TRESPASSING,Central,34.0561,-118.2375
2024-06-07 15:25:00,TRESPASSING,Central,34.0561,-118.2375
2024-06-07 06:35:00,TRESPASSING,Central,34.0508,-118.2586
2024-06-07 10:30:00,TRESPASSING,Central,34.0508,-118.2586
2024-06-07 10:50:00,TRESPASSING,Central,34.0508,-118.2586
2024-06-06 18:00:00,SHOPLIFTING - PETTY THEFT ($950 & UNDER),Central,34.0483,-118.2631
2024-06-06 22:00:00,VEHICLE - STOLEN,Central,34.0444,-118.2628
2024-06-06 19:00:00,SHOPLIFTING-GRAND THEFT ($950.01 & OVER),Central,34.0493,-118.2417
2024-06-05 15:30:00,"VANDALISM - FELONY ($400 & OVER, ALL CHURCH VANDALISMS)",Central,34.0535,-118.2491
2024-05-22 22:00:00,VANDALISM - MISDEAMEANOR ($399 OR UNDER),Central,34.0516,-118.2561
2024-06-06 10:00:00,VANDALISM - MISDEAMEANOR ($399 OR UNDER),Central,34.0516,-118.2561
2024-05-29 01:52:00,"VANDALISM - FELONY ($400 & OVER, ALL CHURCH VANDALISMS)",Central,34.043,-118.2606
2024-06-01 10:35:00,THEFT PLAIN - PETTY ($950 & UNDER),Central,34.0483,-118.2443
2024-05-06 08:35:00,THEFT OF IDENTITY,Central,34.0462,-118.2585
2024-06-07 11:00:00,TRESPASSING,Central,34.0492,-118.2391
2024-06-07 05:40:00,TRESPASSING,Central,34.0363,-118.2604
2024-06-07 23:30:00,BURGLARY FROM VEHICLE,Central,34.0444,-118.2407
2024-06-07 22:45:00,BURGLARY FROM VEHICLE,Central,34.0452,-118.2569
2024-06-05 08:00:00,BATTERY - SIMPLE ASSAULT,Central,34.0408,-118.2428
2024-06-08 05:40:00,VEHICLE - STOLEN,Central,34.0382,-118.2384
2024-06-08 05:55:00,TRESPASSING,Central,34.0561,-118.2375
2024-06-08 07:10:00,TRESPASSING,Central,34.0561,-118.2375
2024-06-07 19:10:00,VEHICLE - STOLEN,Central,34.0511,-118.2334
2024-06-08 07:45:00,TRESPASSING,Central,34.0561,-118.2375
2024-06-08 07:15:00,TRESPASSING,Central,34.0508,-118.2586
2024-06-08 05:50:00,TRESPASSING,Central,34.0561,-118.2375
2024-06-08 06:35:00,TRESPASSING,Central,34.0635,-118.2357
2024-06-08 11:00:00,TRESPASSING,Central,34.0547,-118.2505
2024-06-05 12:00:00,VEHICLE - STOLEN,Central,34.0495,-118.2459
2024-06-06 17:40:00,SHOPLIFTING - PETTY THEFT ($950 & UNDER),Central,34.0483,-118.2631
2024-06-05 21:40:00,BURGLARY FROM VEHICLE,Central,34.0524,-118.2467
2024-06-08 10:00:00,VEHICLE - STOLEN,Central,34.0408,-118.2428
2024-06-08 14:00:00,SHOPLIFTING - PETTY THEFT ($950 & UNDER),Central,34.0483,-118.2631
2024-06-08 13:37:00,THEFT PLAIN - PETTY ($950 & UNDER),Central,34.0473,-118.2566
2024-06-08 16:45:00,THEFT PLAIN - PETTY ($950 & UNDER),Central,34.0615,-118.2412
2024-05-26 14:55:00,THEFT OF IDENTITY,Central,34.0459,-118.2352
2024-05-25 22:40:00,THEFT FROM MOTOR VEHICLE - GRAND ($950.01 AND OVER),Central,34.0445,-118.2523
2024-06-08 13:00:00,VEHICLE - STOLEN,Central,34.0383,-118.2327
2024-06-08 22:07:00,PICKPOCKET,Central,34.0661,-118.2335
2024-06-08 22:15:00,BURGLARY FROM VEHICLE,Central,34.0517,-118.2474
2024-06-07 02:00:00,THEFT PLAIN - PETTY ($950 & UNDER),Central,34.0561,-118.2375
2024-06-08 08:00:00,THEFT PLAIN - PETTY ($950 & UNDER),Central,34.0468,-118.2415
2024-06-09 07:40:00,TRESPASSING,Central,34.0508,-118.2586
2024-06-09 06:00:00,TRESPASSING,Central,34.0561,-118.2375
2024-06-09 14:00:00,THEFT FROM MOTOR VEHICLE - PETTY ($950 & UNDER),Central,34.0684,-118.2449
2024-06-09 09:45:00,VEHICLE - STOLEN,Central,34.0495,-118.2458
2024-06-08 23:30:00,BURGLARY FROM VEHICLE,Central,34.0488,-118.2483
2024-06-08 20:30:00,PICKPOCKET,Central,34.0659,-118.2339
2024-06-08 19:30:00,BURGLARY FROM VEHICLE,Central,34.0487,-118.2588
2024-06-09 16:50:00,SHOPLIFTING - PETTY THEFT ($950 & UNDER),Central,34.0493,-118.2417
2024-06-08 11:00:00,BURGLARY FROM VEHICLE,Central,34.0423,-118.2561
2024-05-30 20:50:00,"VANDALISM - FELONY ($400 & OVER, ALL CHURCH VANDALISMS)",Central,34.0366,-118.2643
2024-06-08 17:00:00,BURGLARY FROM VEHICLE,Central,34.0462,-118.2585
2024-06-09 17:45:00,"THEFT-GRAND ($950.01 & OVER)EXCPT,GUNS,FOWL,LIVESTK,PROD",Central,34.048,-118.2577
2024-06-09 16:00:00,THEFT PLAIN - PETTY ($950 & UNDER),Central,34.0457,-118.2665
2024-06-07 23:00:00,PICKPOCKET,Central,34.0516,-118.2491
2024-06-09 21:10:00,PICKPOCKET,Central,34.0652,-118.2369
2024-06-09 14:20:00,TRESPASSING,Central,34.0549,-118.2511
2024-06-09 07:15:00,TRESPASSING,Central,34.0561,-118.2375
2024-06-09 11:00:00,TRESPASSING,Central,34.0508,-118.2586
2024-06-09 06:40:00,TRESPASSING,Central,34.0561,-118.2375
2024-06-09 08:00:00,TRESPASSING,Central,34.0508,-118.2586
2024-06-09 23:20:00,TRESPASSING,Central,34.0549,-118.2511
2024-06-09 15:00:00,TRESPASSING,Central,34.0488,-118.2518
2024-06-09 17:00:00,TRESPASSING,Central,34.0561,-118.2375
2024-06-10 06:50:00,VEHICLE - STOLEN,Central,34.0486,-118.2362
2024-06-09 22:00:00,THEFT FROM MOTOR VEHICLE - PETTY ($950 & UNDER),Central,34.0491,-118.2558
2024-06-03 10:00:00,VEHICLE - STOLEN,Central,34.0522,-118.2434
2024-06-09 06:30:00,TRESPASSING,Central,34.0561,-118.2375
2024-06-10 07:10:00,TRESPASSING,Central,34.0524,-118.2467
2024-06-09 06:10:00,TRESPASSING,Central,34.0561,-118.2375
2024-06-08 18:30:00,VEHICLE - STOLEN,Central,34.0446,-118.249
2024-06-07 17:00:00,THEFT FROM MOTOR VEHICLE - PETTY ($950 & UNDER),Central,34.0391,-118.2582
2024-06-07 20:10:00,THEFT FROM MOTOR VEHICLE - PETTY ($950 & UNDER),Central,34.0673,-118.2354
2024-06-09 00:01:00,VEHICLE - STOLEN,Central,34.0363,-118.2573
2024-06-10 08:30:00,TRESPASSING,Central,34.0547,-118.2505
2024-06-10 10:40:00,TRESPASSING,Central,34.0473,-118.2566
2024-06-10 11:00:00,TRESPASSING,Central,34.0508,-118.2586
2024-06-10 13:10:00,TRESPASSING,Central,34.0508,-118.2586
2024-06-10 18:55:00,VEHICLE - STOLEN,Central,34.0468,-118.2415
2024-06-10 23:40:00,TRESPASSING,Central,34.0549,-118.2511
2024-06-02 18:00:00,BURGLARY FROM VEHICLE,Central,34.0524,-118.2467
2024-06-08 07:00:00,SHOPLIFTING - PETTY THEFT ($950 & UNDER),Central,34.0483,-118.2631
2024-06-09 17:47:00,"THEFT-GRAND ($950.01 & OVER)EXCPT,GUNS,FOWL,LIVESTK,PROD",Central,34.051,-118.248
2024-06-06 20:13:00,SHOPLIFTING - PETTY THEFT ($950 & UNDER),Central,34.0483,-118.2631
2024-06-09 21:13:00,THEFT PLAIN - PETTY ($950 & UNDER),Central,34.045,-118.264
2024-06-07 21:25:00,BURGLARY FROM VEHICLE,Central,34.0409,-118.2609
2024-06-10 16:00:00,SHOPLIFTING - PETTY THEFT ($950 & UNDER),Central,34.0483,-118.2631
2024-06-10 15:00:00,SHOPLIFTING - PETTY THEFT ($950 & UNDER),Central,34.0483,-118.2631
2024-06-10 18:50:00,BURGLARY FROM VEHICLE,Central,34.0472,-118.2362
2024-06-10 01:10:00,BURGLARY FROM VEHICLE,Central,34.0453,-118.249
2024-06-10 16:40:00,THEFT OF IDENTITY,Central,34.0653,-118.2412
2024-06-10 19:30:00,BURGLARY FROM VEHICLE,Central,34.0401,-118.2329
2024-06-10 20:10:00,THEFT PLAIN - PETTY ($950 & UNDER),Central,34.043,-118.2606
2024-06-10 17:25:00,BIKE - STOLEN,Central,34.0431,-118.2692
2024-06-03 08:00:00,BIKE - STOLEN,Central,34.0515,-118.2424
2024-06-10 12:16:00,VANDALISM - MISDEAMEANOR ($399 OR UNDER),Central,34.042,-118.2625
2024-06-10 03:00:00,VEHICLE - STOLEN,Central,34.0488,-118.2518
2024-06-09 01:59:00,BURGLARY FROM VEHICLE,Central,34.0426,-118.2528
2024-06-06 21:00:00,THEFT PLAIN - PETTY ($950 & UNDER),Central,34.0557,-118.2488
2024-06-09 14:59:00,THEFT PLAIN - PETTY ($950 & UNDER),Central,34.0408,-118.2644
2024-06-10 21:00:00,"VANDALISM - FELONY ($400 & OVER, ALL CHURCH VANDALISMS)",Central,34.0459,-118.2579
2024-06-11 13:30:00,VEHICLE - STOLEN,Central,34.0466,-118.2555
2024-06-11 10:40:00,TRESPASSING,Central,34.0388,-118.2717
2024-06-11 09:00:00,TRESPASSING,Central,34.0549,-118.2511
2024-06-11 06:30:00,TRESPASSING,Central,34.0549,-118.2511
2024-06-11 07:35:00,TRESPASSING,Central,34.0549,-118.2511
2024-06-11 07:20:00,TRESPASSING,Central,34.0635,-118.2357
2024-06-11 07:10:00,TRESPASSING,Central,34.0561,-118.2375
2024-06-11 11:30:00,TRESPASSING,Central,34.0508,-118.2586
2024-06-11 06:40:00,TRESPASSING,Central,34.0561,-118.2375
2024-06-11 09:00:00,TRESPASSING,Central,34.0508,-118.2586
2024-06-11 07:00:00,TRESPASSING,Central,34.0561,-118.2375
2024-06-11 11:25:00,TRESPASSING,Central,34.0508,-118.2586
2024-06-11 08:25:00,TRESPASSING,Central,34.0508,-118.2586
2024-05-01 14:00:00,VEHICLE - STOLEN,Central,34.0408,-118.2644
2024-06-09 23:15:00,"VANDALISM - FELONY ($400 & OVER, ALL CHURCH VANDALISMS)",Central,34.0401,-118.2633
2024-06-10 17:07:00,"VANDALISM - FELONY ($400 & OVER, ALL CHURCH VANDALISMS)",Central,34.0431,-118.2692
2024-06-10 13:30:00,"VANDALISM - FELONY ($400 & OVER, ALL CHURCH VANDALISMS)",Central,34.0401,-118.2504
2024-06-11 18:14:00,SHOPLIFTING - PETTY THEFT ($950 & UNDER),Central,34.0483,-118.2631
2024-06-11 19:55:00,BURGLARY FROM VEHICLE,Central,34.0446,-118.2367
2024-06-10 21:45:00,"VANDALISM - FELONY ($400 & OVER, ALL CHURCH VANDALISMS)",Central,34.0652,-118.2306
2024-06-03 17:50:00,"VANDALISM - FELONY ($400 & OVER, ALL CHURCH VANDALISMS)",Central,34.0396,-118.2726
2024-06-08 22:00:00,BURGLARY FROM VEHICLE,Central,34.0436,-118.2354
2024-06-09 22:00:00,PICKPOCKET,Central,34.0615,-118.2412
2024-06-03 17:00:00,"THEFT-GRAND ($950.01 & OVER)EXCPT,GUNS,FOWL,LIVESTK,PROD",Central,34.0553,-118.2512
2024-06-09 19:55:00,SHOPLIFTING-GRAND THEFT ($950.01 & OVER),Central,34.048,-118.2577
2024-06-10 12:41:00,THEFT PLAIN - PETTY ($950 & UNDER),Central,34.0423,-118.2561
2024-06-10 09:00:00,TRESPASSING,Central,34.0401,-118.2669
2024-06-10 23:25:00,TRESPASSING,Central,34.0549,-118.2511
2024-06-11 13:30:00,VANDALISM - MISDEAMEANOR ($399 OR UNDER),Central,34.0455,-118.2379
2024-06-11 20:10:00,BURGLARY FROM VEHICLE,Central,34.0509,-118.2316
2024-06-11 12:17:00,THEFT PLAIN - PETTY ($950 & UNDER),Central,34.0423,-118.2561
2024-06-09 10:10:00,"LETTERS, LEWD  -  TELEPHONE CALLS, LEWD",Central,34.0522,-118.2434
2024-06-12 09:30:00,TRESPASSING,Central,34.0547,-118.2505
2024-06-12 06:40:00,TRESPASSING,Central,34.0547,-118.2505
2024-06-12 09:33:00,TRESPASSING,Central,34.0508,-118.2586
2024-06-12 08:15:00,TRESPASSING,Central,34.0508,-118.2586
2024-06-12 09:00:00,TRESPASSING,Central,34.0508,-118.2586
2024-06-12 08:20:00,TRESPASSING,Central,34.0508,-118.2586
2024-06-12 08:55:00,TRESPASSING,Central,34.0508,-118.2586
2024-06-12 07:36:00,TRESPASSING,Central,34.0561,-118.2375
2024-06-12 15:30:00,VEHICLE - STOLEN,Central,34.049,-118.2381
2024-06-11 10:00:00,BURGLARY FROM VEHICLE,Central,34.0524,-118.2467
2024-05-01 15:30:00,THEFT PLAIN - PETTY ($950 & UNDER),Central,34.0401,-118.2533
2024-06-12 11:40:00,TRESPASSING,Central,34.0453,-118.2443
2024-06-12 23:00:00,TRESPASSING,Central,34.0488,-118.2518
2024-06-12 11:00:00,"VEHICLE, STOLEN - OTHER (MOTORIZED SCOOTERS, BIKES, ETC)",Central,34.0446,-118.245
2024-06-12 14:00:00,TRESPASSING,Central,34.0561,-118.2375
2024-06-12 18:50:00,VEHICLE - STOLEN,Central,34.048,-118.2577
2024-06-12 15:45:00,TRESPASSING,Central,34.0561,-118.2375
2024-06-12 17:55:00,VEHICLE - STOLEN,Central,34.0335,-118.2619
2024-06-12 16:10:00,TRESPASSING,Central,34.0561,-118.2375
2024-06-12 06:50:00,TRESPASSING,Central,34.0561,-118.2375
2024-06-12 08:49:00,TRESPASSING,Central,34.0508,-118.2586
2024-06-12 15:00:00,SHOPLIFTING - PETTY THEFT ($950 & UNDER),Central,34.0483,-118.2631
2024-06-12 13:40:00,THEFT PLAIN - PETTY ($950 & UNDER),Central,34.0561,-118.2375
2024-06-12 13:15:00,"DEFRAUDING INNKEEPER/THEFT OF SERVICES, $950 & UNDER",Central,34.0498,-118.24
2024-06-12 16:30:00,"VANDALISM - FELONY ($400 & OVER, ALL CHURCH VANDALISMS)",Central,34.044,-118.2676
2024-06-10 18:50:00,THEFT OF IDENTITY,Central,34.0488,-118.2518
2024-05-22 20:01:00,"THEFT-GRAND ($950.01 & OVER)EXCPT,GUNS,FOWL,LIVESTK,PROD",Central,34.0559,-118.232
2024-06-12 15:40:00,"THEFT-GRAND ($950.01 & OVER)EXCPT,GUNS,FOWL,LIVESTK,PROD",Central,34.0515,-118.2526
2024-06-12 10:55:00,THEFT PLAIN - PETTY ($950 & UNDER),Central,34.0446,-118.245
2024-06-10 19:07:00,"THEFT-GRAND ($950.01 & OVER)EXCPT,GUNS,FOWL,LIVESTK,PROD",Central,34.0615,-118.247
2024-06-12 17:00:00,SHOPLIFTING - PETTY THEFT ($950 & UNDER),Central,34.0483,-118.2631
2024-06-12 19:00:00,SHOPLIFTING - PETTY THEFT ($950 & UNDER),Central,34.0483,-118.2631
2024-06-12 20:10:00,BURGLARY FROM VEHICLE,Central,34.0495,-118.2564
2024-06-13 08:25:00,TRESPASSING,Central,34.0561,-118.2375
2024-06-13 06:45:00,TRESPASSING,Central,34.0561,-118.2375
2024-06-13 07:25:00,TRESPASSING,Central,34.0561,-118.2375
2024-06-13 07:00:00,TRESPASSING,Central,34.0561,-118.2375
2024-06-12 18:00:00,THEFT PLAIN - PETTY ($950 & UNDER),Central,34.0539,-118.2436
2024-06-12 02:20:00,THEFT PLAIN - PETTY ($950 & UNDER),Central,34.0453,-118.2443
2024-06-12 11:45:00,"THEFT-GRAND ($950.01 & OVER)EXCPT,GUNS,FOWL,LIVESTK,PROD",Central,34.0601,-118.2502
2024-06-06 14:10:00,THEFT PLAIN - PETTY ($950 & UNDER),Central,34.055,-118.2398
2024-06-13 15:00:00,TRESPASSING,Central,34.0508,-118.2586
2024-06-11 19:00:00,THEFT PLAIN - PETTY ($950 & UNDER),Central,34.048,-118.2577
2024-06-03 16:17:00,VEHICLE - STOLEN,Central,34.0542,-118.2566
2024-06-13 14:40:00,TRESPASSING,Central,34.0635,-118.2357
2024-06-13 15:40:00,TRESPASSING,Central,34.0488,-118.2518
2024-06-12 23:11:00,"VANDALISM - FELONY ($400 & OVER, ALL CHURCH VANDALISMS)",Central,34.0453,-118.2443
2024-06-04 14:00:00,BURGLARY FROM VEHICLE,Central,34.0473,-118.2601
2024-06-06 22:45:00,THEFT PLAIN - PETTY ($950 & UNDER),Central,34.0561,-118.2375
2024-06-12 17:45:00,"VANDALISM - FELONY ($400 & OVER, ALL CHURCH VANDALISMS)",Central,34.0388,-118.2717
2024-06-06 04:30:00,VEHICLE - STOLEN,Central,34.043,-118.242
2024-06-11 17:00:00,VEHICLE - STOLEN,Central,34.0495,-118.2459
2024-06-12 20:00:00,SHOPLIFTING - PETTY THEFT ($950 & UNDER),Central,34.0483,-118.2631
2024-06-13 20:00:00,"VANDALISM - FELONY ($400 & OVER, ALL CHURCH VANDALISMS)",Central,34.046,-118.251
2024-06-10 15:00:00,BURGLARY FROM VEHICLE,Central,34.0498,-118.24
2024-05-13 08:00:00,"EMBEZZLEMENT, GRAND THEFT ($950.01 & OVER)",Central,34.0487,-118.2588
2024-06-14 11:00:00,THEFT FROM MOTOR VEHICLE - PETTY ($950 & UNDER),Central,34.046,-118.2493
2024-06-09 20:30:00,"VANDALISM - FELONY ($400 & OVER, ALL CHURCH VANDALISMS)",Central,34.0466,-118.252
2024-06-14 08:20:00,TRESPASSING,Central,34.0549,-118.2511
2024-06-09 21:20:00,PICKPOCKET,Central,34.0652,-118.2369
2024-06-13 19:00:00,VEHICLE - STOLEN,Central,34.0473,-118.2531
2024-06-14 17:35:00,TRESPASSING,Central,34.0508,-118.2586
2024-06-01 22:00:00,BURGLARY FROM VEHICLE,Central,34.0482,-118.2326
2024-05-31 23:50:00,THEFT PLAIN - PETTY ($950 & UNDER),Central,34.0493,-118.2582
2024-06-07 15:00:00,THEFT PLAIN - PETTY ($950 & UNDER),Central,34.0439,-118.2326
2024-06-14 16:18:00,SHOPLIFTING - PETTY THEFT ($950 & UNDER),Central,34.0483,-118.2631
2024-06-13 19:00:00,BURGLARY FROM VEHICLE,Central,34.0373,-118.2707
2024-06-14 14:00:00,BURGLARY FROM VEHICLE,Central,34.0493,-118.2417
2024-06-13 17:22:00,SHOPLIFTING - PETTY THEFT ($950 & UNDER),Central,34.0483,-118.2631
2024-06-13 20:00:00,VANDALISM - MISDEAMEANOR ($399 OR UNDER),Central,34.0409,-118.2609
2024-06-06 13:30:00,"LETTERS, LEWD  -  TELEPHONE CALLS, LEWD",Central,34.0408,-118.2644
2024-06-14 12:00:00,BATTERY - SIMPLE ASSAULT,Central,34.0491,-118.2558
2024-06-15 01:10:00,VEHICLE - STOLEN,Central,34.042,-118.2625
2024-06-13 03:30:00,SHOPLIFTING - PETTY THEFT ($950 & UNDER),Central,34.0502,-118.2539
2024-06-13 10:30:00,THEFT PLAIN - PETTY ($950 & UNDER),Central,34.0689,-118.2431
2024-06-15 09:00:00,VEHICLE - STOLEN,Central,34.0569,-118.254
2024-06-14 22:19:00,VEHICLE - STOLEN,Central,34.0409,-118.2574
2024-06-14 23:30:00,VEHICLE - STOLEN,Central,34.0459,-118.2579
2024-06-13 20:45:00,THEFT FROM MOTOR VEHICLE - PETTY ($950 & UNDER),Central,34.0487,-118.2553
2024-06-14 19:30:00,THEFT FROM MOTOR VEHICLE - PETTY ($950 & UNDER),Central,34.0592,-118.2414
2024-06-14 20:20:00,BURGLARY FROM VEHICLE,Central,34.0446,-118.2643
2024-02-25 22:30:00,"THEFT-GRAND ($950.01 & OVER)EXCPT,GUNS,FOWL,LIVESTK,PROD",Central,34.0573,-118.2474
2024-06-15 19:30:00,THEFT OF IDENTITY,Central,34.0458,-118.2614
2024-06-13 10:45:00,"VANDALISM - FELONY ($400 & OVER, ALL CHURCH VANDALISMS)",Central,34.0685,-118.246
2024-06-09 11:30:00,THEFT PLAIN - PETTY ($950 & UNDER),Central,34.0559,-118.232
2024-05-17 06:43:00,THEFT PLAIN - PETTY ($950 & UNDER),Central,34.0417,-118.2584
2024-06-14 12:00:00,THEFT FROM MOTOR VEHICLE - GRAND ($950.01 AND OVER),Central,34.0401,-118.2633
2024-06-13 20:30:00,BURGLARY FROM VEHICLE,Central,34.0391,-118.2384
2024-06-16 00:01:00,TRESPASSING,Central,34.0488,-118.2518
2024-06-15 11:55:00,BATTERY - SIMPLE ASSAULT,Central,34.0453,-118.2499
2024-06-16 07:10:00,TRESPASSING,Central,34.0524,-118.2467
2024-06-15 18:00:00,VEHICLE - STOLEN,Central,34.0459,-118.2579
2024-06-15 21:00:00,VEHICLE - STOLEN,Central,34.0389,-118.2643
2024-06-15 06:30:00,TRESPASSING,Central,34.0492,-118.2391
2024-06-15 16:00:00,VEHICLE - STOLEN,Central,34.0432,-118.2504
2024-06-16 08:00:00,TRESPASSING,Central,34.0488,-118.2518
2024-06-16 13:30:00,VEHICLE - STOLEN,Central,34.0316,-118.2641
2024-06-08 09:42:00,"LETTERS, LEWD  -  TELEPHONE CALLS, LEWD",Central,34.0457,-118.2665
2024-06-16 14:30:00,BURGLARY FROM VEHICLE,Central,34.0461,-118.2395
2024-06-08 13:30:00,THEFT PLAIN - PETTY ($950 & UNDER),Central,34.0561,-118.2375
2024-06-16 19:11:00,"LETTERS, LEWD  -  TELEPHONE CALLS, LEWD",Central,34.0413,-118.2517
2024-06-04 20:50:00,PICKPOCKET,Central,34.0435,-118.2471
2024-06-15 16:30:00,THEFT FROM MOTOR VEHICLE - PETTY ($950 & UNDER),Central,34.0493,-118.2417
2024-06-14 12:00:00,THEFT PLAIN - PETTY ($950 & UNDER),Central,34.0467,-118.252
2024-06-16 04:13:00,THEFT PLAIN - PETTY ($950 & UNDER),Central,34.0472,-118.2342
2024-06-15 18:00:00,"VANDALISM - FELONY ($400 & OVER, ALL CHURCH VANDALISMS)",Central,34.0452,-118.2569
2024-06-16 13:07:00,SHOPLIFTING - PETTY THEFT ($950 & UNDER),Central,34.0483,-118.2631
2024-06-16 06:15:00,TRESPASSING,Central,34.0635,-118.2357
2024-06-16 05:45:00,TRESPASSING,Central,34.0635,-118.2357
2024-06-16 07:00:00,TRESPASSING,Central,34.0488,-118.2518
2024-06-16 17:00:00,VEHICLE - STOLEN,Central,34.0659,-118.2339
2024-06-17 07:10:00,TRESPASSING,Central,34.0547,-118.2505
2024-06-16 23:50:00,TRESPASSING,Central,34.0561,-118.2375
2024-06-16 09:10:00,TRESPASSING,Central,34.0547,-118.2505
2024-06-17 09:20:00,TRESPASSING,Central,34.0508,-118.2586
2024-06-17 06:02:00,TRESPASSING,Central,34.0561,-118.2375
2024-06-17 19:15:00,VEHICLE - STOLEN,Central,34.0452,-118.2569
2024-06-16 16:00:00,VEHICLE - STOLEN,Central,34.037,-118.2688
2024-06-16 23:00:00,VEHICLE - STOLEN,Central,34.0408,-118.2644
2024-06-17 09:40:00,TRESPASSING,Central,34.0508,-118.2586
2024-06-17 06:05:00,TRESPASSING,Central,34.0561,-118.2375
2024-06-17 08:50:00,TRESPASSING,Central,34.0488,-118.2518
2024-06-17 12:36:00,SHOPLIFTING - PETTY THEFT ($950 & UNDER),Central,34.0483,-118.2631
2024-06-17 00:01:00,TRESPASSING,Central,34.0401,-118.2669
2024-06-14 22:00:00,VANDALISM - MISDEAMEANOR ($399 OR UNDER),Central,34.0473,-118.2425
2024-06-14 16:30:00,"THEFT-GRAND ($950.01 & OVER)EXCPT,GUNS,FOWL,LIVESTK,PROD",Central,34.0502,-118.2539
2024-06-17 06:35:00,VANDALISM - MISDEAMEANOR ($399 OR UNDER),Central,34.0473,-118.2425
2024-06-17 04:12:00,"VANDALISM - FELONY ($400 & OVER, ALL CHURCH VANDALISMS)",Central,34.0569,-118.2385
2024-06-14 14:35:00,BURGLARY FROM VEHICLE,Central,34.0473,-118.2425
2024-06-16 14:34:00,SHOPLIFTING - PETTY THEFT ($950 & UNDER),Central,34.0483,-118.2631
2024-06-17 02:33:00,"VANDALISM - FELONY ($400 & OVER, ALL CHURCH VANDALISMS)",Central,34.0615,-118.2412
2024-05-25 23:30:00,BURGLARY FROM VEHICLE,Central,34.0519,-118.2506
2024-06-17 13:42:00,THEFT PLAIN - PETTY ($950 & UNDER),Central,34.046,-118.2493
2024-06-16 14:00:00,VANDALISM - MISDEAMEANOR ($399 OR UNDER),Central,34.0516,-118.2561
2024-05-04 21:30:00,BURGLARY FROM VEHICLE,Central,34.0432,-118.2504
2024-06-15 00:01:00,BURGLARY FROM VEHICLE,Central,34.0444,-118.2407
2024-06-17 12:00:00,THEFT PLAIN - PETTY ($950 & UNDER),Central,34.0473,-118.2566
2024-06-17 01:10:00,THEFT PLAIN - PETTY ($950 & UNDER),Central,34.0449,-118.2458
2024-06-18 03:30:00,BURGLARY FROM VEHICLE,Central,34.0433,-118.2577
2024-06-17 20:30:00,THEFT FROM MOTOR VEHICLE - GRAND ($950.01 AND OVER),Central,34.0479,-118.2612
2024-06-17 18:55:00,SHOPLIFTING - PETTY THEFT ($950 & UNDER),Central,34.0483,-118.2631
2024-01-01 10:00:00,THEFT OF IDENTITY,Central,34.0495,-118.2458
2024-06-15 20:00:00,"VANDALISM - FELONY ($400 & OVER, ALL CHURCH VANDALISMS)",Central,34.0572,-118.2388
2024-06-18 07:00:00,TRESPASSING,Central,34.0508,-118.2586
2024-06-18 11:49:00,VEHICLE - STOLEN,Central,34.0509,-118.2316
2024-06-17 13:15:00,VEHICLE - STOLEN,Central,34.0408,-118.2644
2024-06-16 03:30:00,"VEHICLE, STOLEN - OTHER (MOTORIZED SCOOTERS, BIKES, ETC)",Central,34.0431,-118.2692
2024-06-18 23:30:00,TRESPASSING,Central,34.0524,-118.2467
2024-06-17 23:00:00,"VANDALISM - FELONY ($400 & OVER, ALL CHURCH VANDALISMS)",Central,34.0472,-118.2362
2024-06-13 22:07:00,BURGLARY FROM VEHICLE,Central,34.0452,-118.2569
2024-06-17 19:00:00,BURGLARY FROM VEHICLE,Central,34.0396,-118.259
2024-06-13 19:30:00,BURGLARY FROM VEHICLE,Central,34.0409,-118.2574
2024-06-18 04:30:00,"THEFT-GRAND ($950.01 & OVER)EXCPT,GUNS,FOWL,LIVESTK,PROD",Central,34.0479,-118.2612
2024-05-29 17:30:00,BIKE - STOLEN,Central,34.0501,-118.2593
2024-06-13 17:15:00,SHOPLIFTING - PETTY THEFT ($950 & UNDER),Central,34.0483,-118.2631
2024-06-17 17:00:00,SHOPLIFTING - PETTY THEFT ($950 & UNDER),Central,34.0483,-118.2631
2024-06-18 09:00:00,THEFT OF IDENTITY,Central,34.0423,-118.2561
2024-06-18 13:45:00,THEFT PLAIN - PETTY ($950 & UNDER),Central,34.0472,-118.2371
2024-06-17 07:30:00,"VANDALISM - FELONY ($400 & OVER, ALL CHURCH VANDALISMS)",Central,34.0479,-118.2612
2024-06-17 19:36:00,SHOPLIFTING - PETTY THEFT ($950 & UNDER),Central,34.0483,-118.2631
2024-06-15 09:45:00,VEHICLE - STOLEN,Central,34.0384,-118.2571
2024-06-12 08:00:00,VEHICLE - STOLEN,Central,34.0423,-118.263
2024-04-16 06:00:00,"VEHICLE, STOLEN - OTHER (MOTORIZED SCOOTERS, BIKES, ETC)",Central,34.0476,-118.2477
2024-06-13 08:00:00,"VEHICLE, STOLEN - OTHER (MOTORIZED SCOOTERS, BIKES, ETC)",Central,34.0473,-118.2425
2024-06-19 15:43:00,SHOPLIFTING - PETTY THEFT ($950 & UNDER),Central,34.0483,-118.2631
2024-06-19 11:45:00,SHOPLIFTING - PETTY THEFT ($950 & UNDER),Central,34.0483,-118.2631
2024-06-18 11:40:00,SHOPLIFTING - PETTY THEFT ($950 & UNDER),Central,34.0483,-118.2631
2024-06-19 07:10:00,TRESPASSING,Central,34.0508,-118.2586
2024-06-19 16:05:00,TRESPASSING,Central,34.0508,-118.2586
2024-04-04 21:55:00,"VANDALISM - FELONY ($400 & OVER, ALL CHURCH VANDALISMS)",Central,34.0452,-118.2569
2024-06-13 22:00:00,BURGLARY FROM VEHICLE,Central,34.0453,-118.2499
2024-06-18 19:30:00,"VANDALISM - FELONY ($400 & OVER, ALL CHURCH VANDALISMS)",Central,34.0487,-118.2627
2024-06-15 23:45:00,"LETTERS, LEWD  -  TELEPHONE CALLS, LEWD",Central,34.0444,-118.2628
2024-06-19 11:40:00,VEHICLE - STOLEN,Central,34.0417,-118.2584
2024-06-19 23:15:00,VEHICLE - STOLEN,Central,34.0425,-118.2493
2024-06-16 19:00:00,VEHICLE - STOLEN,Central,34.0493,-118.2417
2024-06-13 13:00:00,VEHICLE - STOLEN,Central,34.0432,-118.2504
2024-06-20 14:52:00,VEHICLE - STOLEN,Central,34.0408,-118.2428
2024-06-19 18:00:00,"VEHICLE, STOLEN - OTHER (MOTORIZED SCOOTERS, BIKES, ETC)",Central,34.0491,-118.2558
2024-06-17 20:00:00,THEFT FROM MOTOR VEHICLE - PETTY ($950 & UNDER),Central,34.0641,-118.2302
2024-06-17 07:00:00,THEFT PLAIN - PETTY ($950 & UNDER),Central,34.0561,-118.2375
2024-06-19 22:30:00,BURGLARY FROM VEHICLE,Central,34.0524,-118.2467
2024-06-18 21:00:00,BURGLARY FROM VEHICLE,Central,34.0547,-118.2505
2024-06-17 15:00:00,BURGLARY FROM VEHICLE,Central,34.0439,-118.2326
2024-05-15 11:00:00,THEFT PLAIN - PETTY ($950 & UNDER),Central,34.0404,-118.2504
2024-06-20 10:00:00,THEFT PLAIN - PETTY ($950 & UNDER),Central,34.0331,-118.2599
2024-04-09 16:26:00,THEFT PLAIN - PETTY ($950 & UNDER),Central,34.0449,-118.2458
2024-06-17 13:00:00,THEFT PLAIN - PETTY ($950 & UNDER),Central,34.0393,-118.2659
2024-06-20 08:30:00,BURGLARY FROM VEHICLE,Central,34.0541,-118.2451
2024-06-20 16:30:00,BURGLARY FROM VEHICLE,Central,34.0392,-118.2363
2024-06-13 14:00:00,SHOPLIFTING - PETTY THEFT ($950 & UNDER),Central,34.0483,-118.2631
2024-06-20 16:55:00,THEFT OF IDENTITY,Central,34.0542,-118.2566
2024-06-20 12:00:00,TRESPASSING,Central,34.0508,-118.2586
2024-06-20 07:05:00,TRESPASSING,Central,34.0559,-118.232
2024-06-20 09:05:00,TRESPASSING,Central,34.0488,-118.2518
2024-06-20 07:20:00,TRESPASSING,Central,34.0561,-118.2375
2024-06-20 08:35:00,TRESPASSING,Central,34.0488,-118.2518
2024-06-20 09:50:00,TRESPASSING,Central,34.0508,-118.2586
2024-06-20 08:05:00,TRESPASSING,Central,34.0561,-118.2375
2024-06-20 09:20:00,TRESPASSING,Central,34.0488,-118.2518
2024-06-20 07:00:00,TRESPASSING,Central,34.0561,-118.2375
2024-04-15 20:00:00,VEHICLE - STOLEN,Central,34.0582,-118.2387
2024-06-21 12:00:00,VEHICLE - STOLEN,Central,34.0365,-118.2732
2024-06-20 00:01:00,PICKPOCKET,Central,34.0516,-118.2491
2024-06-18 21:45:00,THEFT FROM MOTOR VEHICLE - GRAND ($950.01 AND OVER),Central,34.0408,-118.2644
2024-04-05 19:15:00,"THEFT-GRAND ($950.01 & OVER)EXCPT,GUNS,FOWL,LIVESTK,PROD",Central,34.0457,-118.2665
2024-06-21 18:00:00,"VANDALISM - FELONY ($400 & OVER, ALL CHURCH VANDALISMS)",Central,34.0409,-118.2609
2024-06-13 20:30:00,VANDALISM - MISDEAMEANOR ($399 OR UNDER),Central,34.0391,-118.2582
2024-06-17 19:00:00,"THEFT-GRAND ($950.01 & OVER)EXCPT,GUNS,FOWL,LIVESTK,PROD",Central,34.0502,-118.2539
2024-06-21 10:48:00,SHOPLIFTING - PETTY THEFT ($950 & UNDER),Central,34.0483,-118.2631
2024-06-20 07:00:00,BURGLARY FROM VEHICLE,Central,34.0396,-118.259
2024-06-10 02:45:00,BURGLARY FROM VEHICLE,Central,34.0348,-118.2688
2024-06-21 08:00:00,BIKE - STOLEN,Central,34.0495,-118.2494
2024-06-21 16:52:00,SHOPLIFTING - PETTY THEFT ($950 & UNDER),Central,34.048,-118.2577
2024-06-21 06:45:00,TRESPASSING,Central,34.0508,-118.2586
2024-06-21 07:15:00,TRESPASSING,Central,34.0508,-118.2586
2024-06-21 14:10:00,TRESPASSING,Central,34.0561,-118.2375
2024-06-16 22:47:00,VEHICLE - STOLEN,Central,34.0409,-118.2609
2024-06-22 02:30:00,VEHICLE - STOLEN,Central,34.0335,-118.2619
2024-06-20 07:10:00,"VANDALISM - FELONY ($400 & OVER, ALL CHURCH VANDALISMS)",Central,34.0461,-118.2475
2024-06-21 19:00:00,VEHICLE - STOLEN,Central,34.0409,-118.2574
2024-06-22 06:50:00,TRESPASSING,Central,34.0561,-118.2375
2024-06-22 08:45:00,TRESPASSING,Central,34.0488,-118.2518
2024-06-20 22:00:00,VEHICLE - STOLEN,Central,34.0501,-118.2558
2024-06-22 06:25:00,TRESPASSING,Central,34.0561,-118.2375
2024-06-22 07:20:00,TRESPASSING,Central,34.0561,-118.2375
2024-06-22 08:35:00,TRESPASSING,Central,34.0488,-118.2518
2024-06-22 06:05:00,TRESPASSING,Central,34.0561,-118.2375
2024-06-22 01:00:00,VEHICLE - STOLEN,Central,34.0452,-118.2569
2024-06-22 09:43:00,TRESPASSING,Central,34.0508,-118.2586
2024-06-22 09:30:00,TRESPASSING,Central,34.0508,-118.2586
2024-06-22 09:58:00,TRESPASSING,Central,34.0508,-118.2586
2024-06-22 06:10:00,TRESPASSING,Central,34.0561,-118.2375
2024-06-22 06:00:00,TRESPASSING,Central,34.0561,-118.2375
2024-06-22 07:45:00,TRESPASSING,Central,34.0338,-118.2706
2024-06-02 17:00:00,"THEFT-GRAND ($950.01 & OVER)EXCPT,GUNS,FOWL,LIVESTK,PROD",Central,34.0431,-118.2692
2024-06-22 09:30:00,"VANDALISM - FELONY ($400 & OVER, ALL CHURCH VANDALISMS)",Central,34.0428,-118.2532
2024-06-22 18:00:00,THEFT FROM MOTOR VEHICLE - GRAND ($950.01 AND OVER),Central,34.0396,-118.259
2024-06-22 00:20:00,THEFT FROM MOTOR VEHICLE - PETTY ($950 & UNDER),Central,34.0405,-118.2567
2024-06-22 12:39:00,BIKE - STOLEN,Central,34.0545,-118.2499
2024-06-21 23:00:00,PICKPOCKET,Central,34.046,-118.2493
2024-06-21 16:00:00,SHOPLIFTING - PETTY THEFT ($950 & UNDER),Central,34.0483,-118.2631
2024-06-21 22:00:00,THEFT FROM MOTOR VEHICLE - PETTY ($950 & UNDER),Central,34.0462,-118.2585
2024-06-16 18:29:00,SHOPLIFTING - PETTY THEFT ($950 & UNDER),Central,34.0483,-118.2631
2024-06-14 13:10:00,THEFT OF IDENTITY,Central,34.048,-118.2577
2024-06-21 21:00:00,THEFT FROM MOTOR VEHICLE - GRAND ($950.01 AND OVER),Central,34.0503,-118.247
2024-06-22 19:00:00,BURGLARY FROM VEHICLE,Central,34.0461,-118.2395
2024-06-23 02:00:00,VEHICLE - STOLEN,Central,34.0402,-118.2598
2024-06-23 08:00:00,TRESPASSING,Central,34.0547,-118.2505
2024-06-23 08:00:00,VEHICLE - STOLEN,Central,34.0403,-118.2421
2024-06-23 08:10:00,TRESPASSING,Central,34.0547,-118.2505
2024-06-23 06:50:00,TRESPASSING,Central,34.0561,-118.2375
2024-06-23 06:30:00,TRESPASSING,Central,34.0559,-118.232
2024-06-23 07:40:00,TRESPASSING,Central,34.0561,-118.2375
2024-06-23 05:45:00,TRESPASSING,Central,34.0559,-118.232
2024-06-23 07:45:00,TRESPASSING,Central,34.0508,-118.2586
2024-06-23 09:20:00,TRESPASSING,Central,34.0508,-118.2586
2024-06-23 08:33:00,TRESPASSING,Central,34.0508,-118.2586
2024-06-23 06:45:00,TRESPASSING,Central,34.0561,-118.2375
2024-04-26 15:15:00,"THEFT-GRAND ($950.01 & OVER)EXCPT,GUNS,FOWL,LIVESTK,PROD",Central,34.0581,-118.2371
2024-06-23 01:01:00,BURGLARY FROM VEHICLE,Central,34.0615,-118.247
2024-05-24 15:17:00,BURGLARY FROM VEHICLE,Central,34.0522,-118.2538
2024-06-23 07:00:00,BURGLARY FROM VEHICLE,Central,34.0438,-118.2547
2024-06-24 05:20:00,VEHICLE - STOLEN,Central,34.0396,-118.2558
2024-06-17 14:35:00,BURGLARY FROM VEHICLE,Central,34.0498,-118.24
2024-06-23 08:00:00,BURGLARY FROM VEHICLE,Central,34.048,-118.2577
2024-06-24 06:00:00,VEHICLE - STOLEN,Central,34.0414,-118.2332
2024-06-11 17:50:00,BURGLARY FROM VEHICLE,Central,34.0474,-118.2496
2024-06-22 00:15:00,PICKPOCKET,Central,34.046,-118.2493
2024-06-22 19:30:00,BURGLARY FROM VEHICLE,Central,34.0461,-118.2475
2024-06-23 22:24:00,VEHICLE - STOLEN,Central,34.0438,-118.2547
2024-06-24 00:10:00,VEHICLE - STOLEN,Central,34.0452,-118.2569
2024-06-24 14:00:00,VEHICLE - STOLEN,Central,34.0401,-118.2633
2024-06-23 14:00:00,VEHICLE - STOLEN,Central,34.0592,-118.2414
2024-06-23 21:25:00,VANDALISM - MISDEAMEANOR ($399 OR UNDER),Central,34.0355,-118.2625
2024-06-23 22:00:00,VANDALISM - MISDEAMEANOR ($399 OR UNDER),Central,34.0473,-118.2425
2024-06-24 10:05:00,BURGLARY FROM VEHICLE,Central,34.0561,-118.2375
2024-06-15 18:20:00,THEFT PLAIN - PETTY ($950 & UNDER),Central,34.0473,-118.2566
2024-06-23 16:04:00,SHOPLIFTING - PETTY THEFT ($950 & UNDER),Central,34.0483,-118.2631
2024-06-24 00:01:00,BURGLARY FROM VEHICLE,Central,34.0453,-118.2499
2024-06-17 16:10:00,BURGLARY FROM VEHICLE,Central,34.0518,-118.2493
2024-06-23 11:30:00,BURGLARY FROM VEHICLE,Central,34.0615,-118.2412
2024-06-21 19:45:00,"THEFT-GRAND ($950.01 & OVER)EXCPT,GUNS,FOWL,LIVESTK,PROD",Central,34.0415,-118.262
2024-01-30 23:00:00,BURGLARY FROM VEHICLE,Central,34.0601,-118.2502
2024-06-24 14:40:00,THEFT PLAIN - PETTY ($950 & UNDER),Central,34.0498,-118.24
2024-06-24 02:00:00,THEFT FROM MOTOR VEHICLE - GRAND ($950.01 AND OVER),Central,34.0382,-118.2316
2024-06-22 17:00:00,BURGLARY FROM VEHICLE,Central,34.0685,-118.246
2024-06-23 18:00:00,BURGLARY FROM VEHICLE,Central,34.0561,-118.2375
2024-06-23 18:30:00,PICKPOCKET,Central,34.0473,-118.2641
2024-06-22 17:00:00,THEFT FROM MOTOR VEHICLE - GRAND ($950.01 AND OVER),Central,34.0452,-118.2569
2024-06-24 22:45:00,TRESPASSING,Central,34.0549,-118.2511
2024-06-22 22:15:00,TRESPASSING,Central,34.0549,-118.2511
2024-06-23 16:00:00,THEFT PLAIN - PETTY ($950 & UNDER),Central,34.0483,-118.2631
2024-06-23 12:29:00,THEFT PLAIN - PETTY ($950 & UNDER),Central,34.0483,-118.2631
2024-06-23 14:00:00,SHOPLIFTING - PETTY THEFT ($950 & UNDER),Central,34.0483,-118.2631
2024-06-23 14:00:00,THEFT PLAIN - PETTY ($950 & UNDER),Central,34.0483,-118.2631
2024-06-24 07:25:00,TRESPASSING,Central,34.0488,-118.2518
2024-06-24 07:10:00,TRESPASSING,Central,34.0488,-118.2518
2024-06-23 15:08:00,SHOPLIFTING - PETTY THEFT ($950 & UNDER),Central,34.0483,-118.2631
2024-06-23 17:21:00,SHOPLIFTING - PETTY THEFT ($950 & UNDER),Central,34.0483,-118.2631
2024-06-23 13:50:00,SHOPLIFTING - PETTY THEFT ($950 & UNDER),Central,34.0483,-118.2631
2024-06-23 21:50:00,TRESPASSING,Central,34.0492,-118.2391
2024-06-24 08:30:00,TRESPASSING,Central,34.0547,-118.2505
2024-06-23 06:40:00,TRESPASSING,Central,34.0561,-118.2375
2024-06-23 09:00:00,TRESPASSING,Central,34.0508,-118.2586
2024-06-23 09:10:00,TRESPASSING,Central,34.0508,-118.2586
2024-06-23 05:45:00,TRESPASSING,Central,34.0561,-118.2375
2024-06-23 07:15:00,TRESPASSING,Central,34.0561,-118.2375
2024-06-23 07:35:00,TRESPASSING,Central,34.0508,-118.2586
2024-06-24 19:00:00,VEHICLE - STOLEN,Central,34.0401,-118.2633
2024-06-25 10:05:00,SHOPLIFTING - PETTY THEFT ($950 & UNDER),Central,34.0483,-118.2631
2024-06-24 06:50:00,TRESPASSING,Central,34.0488,-118.2518
2024-06-24 08:45:00,TRESPASSING,Central,34.0508,-118.2586
2024-06-24 08:35:00,TRESPASSING,Central,34.0508,-118.2586
2024-06-24 08:20:00,TRESPASSING,Central,34.0508,-118.2586
2024-06-24 07:00:00,TRESPASSING,Central,34.0488,-118.2518
2024-06-24 07:15:00,TRESPASSING,Central,34.0488,-118.2518
2024-06-24 07:30:00,TRESPASSING,Central,34.0488,-118.2518
2024-06-25 06:50:00,TRESPASSING,Central,34.0524,-118.2467
2024-06-25 07:35:00,BURGLARY FROM VEHICLE,Central,34.0519,-118.2531
2024-06-24 00:05:00,THEFT PLAIN - PETTY ($950 & UNDER),Central,34.0419,-118.2669
2024-06-22 15:47:00,"VANDALISM - FELONY ($400 & OVER, ALL CHURCH VANDALISMS)",Central,34.0466,-118.2555
2024-06-24 15:00:00,"VANDALISM - FELONY ($400 & OVER, ALL CHURCH VANDALISMS)",Central,34.0531,-118.2478
2024-06-05 08:00:00,THEFT PLAIN - PETTY ($950 & UNDER),Central,34.0346,-118.2312
2024-06-23 22:00:00,BURGLARY FROM VEHICLE,Central,34.0532,-118.2425
2024-06-24 23:32:00,BURGLARY FROM VEHICLE,Central,34.0336,-118.2626
2024-06-25 06:13:00,BURGLARY FROM VEHICLE,Central,34.0395,-118.2657
2024-03-23 17:25:00,THEFT OF IDENTITY,Central,34.0413,-118.2517
2024-06-25 15:30:00,CHILD ABUSE (PHYSICAL) - AGGRAVATED ASSAULT,Central,34.0459,-118.2352
2024-06-25 11:19:00,SHOPLIFTING - PETTY THEFT ($950 & UNDER),Central,34.048,-118.2577
2024-06-25 14:00:00,TRESPASSING,Central,34.0488,-118.2518
2024-06-25 09:55:00,TRESPASSING,Central,34.0527,-118.2398
2024-06-25 23:35:00,TRESPASSING,Central,34.0549,-118.2511
2024-06-24 19:00:00,BURGLARY FROM VEHICLE,Central,34.0519,-118.2531
2024-06-25 09:10:00,"THEFT-GRAND ($950.01 & OVER)EXCPT,GUNS,FOWL,LIVESTK,PROD",Central,34.0431,-118.2692
2024-06-25 15:00:00,TRESPASSING,Central,34.0508,-118.2586
2024-06-25 06:53:00,TRESPASSING,Central,34.0561,-118.2375
2024-06-24 16:00:00,VEHICLE - STOLEN,Central,34.0423,-118.2561
2024-06-25 13:32:00,BURGLARY FROM VEHICLE,Central,34.0488,-118.25
2024-06-24 18:30:00,VEHICLE - STOLEN,Central,34.0519,-118.2531
2024-06-23 14:38:00,SHOPLIFTING - PETTY THEFT ($950 & UNDER),Central,34.0483,-118.2631
2024-06-25 19:30:00,SHOPLIFTING - PETTY THEFT ($950 & UNDER),Central,34.048,-118.2577
2024-06-26 06:35:00,TRESPASSING,Central,34.0561,-118.2375
2024-06-26 07:45:00,TRESPASSING,Central,34.0561,-118.2375
2024-06-26 07:10:00,TRESPASSING,Central,34.0552,-118.2457
2024-06-26 06:09:00,TRESPASSING,Central,34.0635,-118.2357
2024-06-26 06:40:00,TRESPASSING,Central,34.0561,-118.2375
2024-06-26 11:00:00,TRESPASSING,Central,34.0561,-118.2375
2024-06-16 23:41:00,PICKPOCKET,Central,34.048,-118.2577
2024-06-25 11:30:00,THEFT FROM MOTOR VEHICLE - GRAND ($950.01 AND OVER),Central,34.0479,-118.2612
2024-06-26 07:35:00,TRESPASSING,Central,34.0561,-118.2375
2024-06-26 08:55:00,TRESPASSING,Central,34.0488,-118.2518
2024-06-26 16:30:00,SHOPLIFTING - PETTY THEFT ($950 & UNDER),Central,34.0483,-118.2631
2024-06-26 15:43:00,SHOPLIFTING - PETTY THEFT ($950 & UNDER),Central,34.0483,-118.2631
2024-06-24 19:00:00,"VEHICLE, STOLEN - OTHER (MOTORIZED SCOOTERS, BIKES, ETC)",Central,34.0607,-118.2494
2024-06-25 04:35:00,VEHICLE - STOLEN,Central,34.0419,-118.2351
2024-06-26 06:05:00,TRESPASSING,Central,34.0561,-118.2375
2024-06-26 07:15:00,TRESPASSING,Central,34.0552,-118.2457
2024-06-26 10:00:00,TRESPASSING,Central,34.0508,-118.2586
2024-06-26 07:10:00,TRESPASSING,Central,34.0488,-118.2518
2024-06-26 05:45:00,TRESPASSING,Central,34.0561,-118.2375
2024-06-26 08:15:00,TRESPASSING,Central,34.0488,-118.2518
2024-06-26 07:40:00,TRESPASSING,Central,34.0488,-118.2518
2024-06-26 11:00:00,TRESPASSING,Central,34.0488,-118.2518
2024-06-26 11:15:00,TRESPASSING,Central,34.0561,-118.2375
2024-06-25 19:16:00,BURGLARY FROM VEHICLE,Central,34.0561,-118.2375
2024-06-25 07:15:00,"THEFT-GRAND ($950.01 & OVER)EXCPT,GUNS,FOWL,LIVESTK,PROD",Central,34.0487,-118.2362
2024-06-21 15:30:00,"VANDALISM - FELONY ($400 & OVER, ALL CHURCH VANDALISMS)",Central,34.0401,-118.2504
2024-06-13 13:00:00,THEFT PLAIN - PETTY ($950 & UNDER),Central,34.0421,-118.2469
2024-06-26 11:00:00,THEFT PLAIN - PETTY ($950 & UNDER),Central,34.0502,-118.2539
2024-06-22 12:00:00,BURGLARY FROM VEHICLE,Central,34.0365,-118.2292
2024-06-21 12:50:00,BURGLARY FROM VEHICLE,Central,34.0585,-118.2403
2024-06-26 22:37:00,"LETTERS, LEWD  -  TELEPHONE CALLS, LEWD",Central,34.0457,-118.2665
2024-06-27 05:00:00,VEHICLE - STOLEN,Central,34.0626,-118.2434
2024-06-26 23:15:00,TRESPASSING,Central,34.0497,-118.2381
2024-06-22 21:00:00,BURGLARY FROM VEHICLE,Central,34.0437,-118.2547
2024-05-16 08:00:00,"VEHICLE, STOLEN - OTHER (MOTORIZED SCOOTERS, BIKES, ETC)",Central,34.0391,-118.2617
2024-06-26 18:30:00,SHOPLIFTING - PETTY THEFT ($950 & UNDER),Central,34.0483,-118.2631
2024-06-23 18:32:00,SHOPLIFTING - PETTY THEFT ($950 & UNDER),Central,34.0494,-118.2599
2024-05-20 08:00:00,"VEHICLE, STOLEN - OTHER (MOTORIZED SCOOTERS, BIKES, ETC)",Central,34.043,-118.2606
2024-05-24 08:00:00,"VEHICLE, STOLEN - OTHER (MOTORIZED SCOOTERS, BIKES, ETC)",Central,34.0452,-118.2533
2024-05-29 08:00:00,"VEHICLE, STOLEN - OTHER (MOTORIZED SCOOTERS, BIKES, ETC)",Central,34.0459,-118.2579
2024-06-18 13:10:00,THEFT PLAIN - PETTY ($950 & UNDER),Central,34.0406,-118.268
2024-06-12 08:00:00,VEHICLE - STOLEN,Central,34.0452,-118.2533
2024-06-26 19:40:00,"VANDALISM - FELONY ($400 & OVER, ALL CHURCH VANDALISMS)",Central,34.0461,-118.2395
2024-06-17 08:00:00,VEHICLE - STOLEN,Central,34.0476,-118.2477
2024-06-27 07:00:00,TRESPASSING,Central,34.0561,-118.2375
2024-06-26 18:30:00,THEFT FROM MOTOR VEHICLE - PETTY ($950 & UNDER),Central,34.0572,-118.2481
2024-06-27 09:00:00,TRESPASSING,Central,34.0488,-118.2518
2024-06-25 15:35:00,SHOPLIFTING - PETTY THEFT ($950 & UNDER),Central,34.0483,-118.2631
2024-06-09 08:00:00,THEFT PLAIN - PETTY ($950 & UNDER),Central,34.048,-118.2542
2024-01-26 19:15:00,THEFT PLAIN - PETTY ($950 & UNDER),Central,34.0382,-118.2384
2024-06-05 08:00:00,THEFT PLAIN - PETTY ($950 & UNDER),Central,34.0627,-118.2463
2024-06-27 17:00:00,THEFT FROM MOTOR VEHICLE - PETTY ($950 & UNDER),Central,34.046,-118.2326
2024-06-25 16:12:00,SHOPLIFTING - PETTY THEFT ($950 & UNDER),Central,34.0483,-118.2631
2024-06-27 15:00:00,THEFT FROM MOTOR VEHICLE - PETTY ($950 & UNDER),Central,34.0644,-118.2387
2024-06-27 17:00:00,SHOPLIFTING - PETTY THEFT ($950 & UNDER),Central,34.0483,-118.2631
2024-06-25 07:00:00,VANDALISM - MISDEAMEANOR ($399 OR UNDER),Central,34.0467,-118.252
2024-06-27 12:30:00,"THEFT-GRAND ($950.01 & OVER)EXCPT,GUNS,FOWL,LIVESTK,PROD",Central,34.0494,-118.2599
2024-06-27 06:15:00,TRESPASSING,Central,34.0635,-118.2357
2024-06-27 05:50:00,TRESPASSING,Central,34.0635,-118.2357
2024-06-27 09:30:00,TRESPASSING,Central,34.0488,-118.2518
2024-06-27 10:00:00,TRESPASSING,Central,34.0488,-118.2518
2024-06-27 09:40:00,TRESPASSING,Central,34.0488,-118.2518
2024-06-27 18:00:00,BURGLARY FROM VEHICLE,Central,34.0456,-118.2396
2024-06-26 14:00:00,THEFT FROM MOTOR VEHICLE - PETTY ($950 & UNDER),Central,34.0473,-118.2566
2024-06-27 06:00:00,TRESPASSING,Central,34.0561,-118.2375
2024-06-27 09:45:00,TRESPASSING,Central,34.0488,-118.2518
2024-06-27 11:50:00,TRESPASSING,Central,34.0561,-118.2375
2024-06-27 07:50:00,TRESPASSING,Central,34.0561,-118.2375
2024-06-27 19:25:00,SHOPLIFTING - PETTY THEFT ($950 & UNDER),Central,34.048,-118.2577
2024-06-27 11:30:00,VEHICLE - STOLEN,Central,34.0524,-118.2467
2024-06-27 08:00:00,VEHICLE - STOLEN,Central,34.0519,-118.2531
2024-06-27 20:45:00,VEHICLE - STOLEN,Central,34.0444,-118.2628
2024-06-21 17:50:00,THEFT FROM MOTOR VEHICLE - PETTY ($950 & UNDER),Central,34.0446,-118.249
2024-06-27 12:25:00,SHOPLIFTING - PETTY THEFT ($950 & UNDER),Central,34.0483,-118.2631
2024-06-27 13:00:00,BATTERY ON A FIREFIGHTER,Central,34.0483,-118.2631
2024-06-28 05:18:00,VEHICLE - STOLEN,Central,34.0519,-118.2531
2024-06-27 07:45:00,VEHICLE - STOLEN,Central,34.0466,-118.259
2024-06-27 18:30:00,"VEHICLE, STOLEN - OTHER (MOTORIZED SCOOTERS, BIKES, ETC)",Central,34.0437,-118.2582
2024-06-26 12:10:00,"THEFT-GRAND ($950.01 & OVER)EXCPT,GUNS,FOWL,LIVESTK,PROD",Central,34.0382,-118.2356
2024-06-24 14:48:00,"THEFT-GRAND ($950.01 & OVER)EXCPT,GUNS,FOWL,LIVESTK,PROD",Central,34.0464,-118.2447
2024-06-28 10:05:00,TRESPASSING,Central,34.0508,-118.2586
2024-06-28 06:15:00,TRESPASSING,Central,34.0561,-118.2375
2024-06-28 10:25:00,TRESPASSING,Central,34.0508,-118.2586
2024-06-28 06:30:00,TRESPASSING,Central,34.0561,-118.2375
2024-06-28 05:50:00,TRESPASSING,Central,34.0561,-118.2375
2024-06-28 11:00:00,TRESPASSING,Central,34.0508,-118.2586
2024-06-28 06:00:00,TRESPASSING,Central,34.0561,-118.2375
2024-06-28 06:20:00,TRESPASSING,Central,34.0561,-118.2375
2024-06-28 07:05:00,TRESPASSING,Central,34.0561,-118.2375
2024-06-28 07:45:00,TRESPASSING,Central,34.0561,-118.2375
2024-06-26 15:00:00,"VEHICLE, STOLEN - OTHER (MOTORIZED SCOOTERS, BIKES, ETC)",Central,34.0487,-118.2588
2024-06-29 01:22:00,"THEFT-GRAND ($950.01 & OVER)EXCPT,GUNS,FOWL,LIVESTK,PROD",Central,34.0437,-118.2652
2024-06-28 18:45:00,"VANDALISM - FELONY ($400 & OVER, ALL CHURCH VANDALISMS)",Central,34.0417,-118.2398
2024-06-27 14:00:00,SHOPLIFTING - PETTY THEFT ($950 & UNDER),Central,34.0483,-118.2631
2024-05-29 17:00:00,BURGLARY FROM VEHICLE,Central,34.0509,-118.2316
2024-06-28 08:40:00,BIKE - STOLEN,Central,34.0536,-118.2455
2024-06-28 21:40:00,TRESPASSING,Central,34.0561,-118.2375
2024-06-28 12:20:00,SHOPLIFTING - PETTY THEFT ($950 & UNDER),Central,34.0483,-118.2631
2024-06-28 14:00:00,SHOPLIFTING - PETTY THEFT ($950 & UNDER),Central,34.0483,-118.2631
2024-06-28 05:45:00,TRESPASSING,Central,34.0561,-118.2375
2024-06-28 07:30:00,TRESPASSING,Central,34.0561,-118.2375
2024-06-29 01:55:00,BATTERY - SIMPLE ASSAULT,Central,34.0395,-118.2657
2024-06-27 13:58:00,VEHICLE - STOLEN,Central,34.0468,-118.2415
2024-06-28 20:00:00,VEHICLE - STOLEN,Central,34.0433,-118.2381
2024-06-28 16:00:00,VEHICLE - STOLEN,Central,34.0644,-118.232
2024-06-29 03:00:00,VEHICLE - STOLEN,Central,34.0635,-118.2313
2024-06-28 18:00:00,VEHICLE - STOLEN,Central,34.0612,-118.2417
2024-06-28 14:00:00,THEFT FROM MOTOR VEHICLE - PETTY ($950 & UNDER),Central,34.0582,-118.2387
2024-06-14 08:00:00,VEHICLE - STOLEN,Central,34.0571,-118.2405
2024-06-27 12:00:00,TRESPASSING,Central,34.0487,-118.2362
2024-06-29 10:40:00,SHOPLIFTING - PETTY THEFT ($950 & UNDER),Central,34.0483,-118.2631
2024-06-29 06:10:00,TRESPASSING,Central,34.0561,-118.2375
2024-06-29 07:15:00,TRESPASSING,Central,34.0561,-118.2375
2024-06-29 06:20:00,TRESPASSING,Central,34.0561,-118.2375
2024-06-29 10:30:00,TRESPASSING,Central,34.0508,-118.2586
2024-06-29 06:55:00,TRESPASSING,Central,34.0561,-118.2375
2024-06-29 10:10:00,TRESPASSING,Central,34.0508,-118.2586
2024-04-18 22:00:00,VEHICLE - STOLEN,Central,34.0661,-118.2436
2024-06-25 08:00:00,BURGLARY FROM VEHICLE,Central,34.0459,-118.2352
2024-06-28 23:00:00,"VANDALISM - FELONY ($400 & OVER, ALL CHURCH VANDALISMS)",Central,34.0396,-118.259
2024-06-29 03:25:00,PICKPOCKET,Central,34.0658,-118.2366
2024-06-27 14:26:00,THEFT PLAIN - PETTY ($950 & UNDER),Central,34.0415,-118.262
2024-06-29 06:00:00,BIKE - STOLEN,Central,34.0555,-118.232
2024-06-27 23:00:00,"VANDALISM - FELONY ($400 & OVER, ALL CHURCH VANDALISMS)",Central,34.0701,-118.2484
2024-06-29 11:30:00,PICKPOCKET,Central,34.043,-118.2606
2024-06-28 11:16:00,SHOPLIFTING - PETTY THEFT ($950 & UNDER),Central,34.0483,-118.2631
2024-06-24 01:00:00,BIKE - STOLEN,Central,34.0685,-118.246
2024-06-28 23:20:00,VANDALISM - MISDEAMEANOR ($399 OR UNDER),Central,34.0407,-118.2541
2024-06-28 22:00:00,THEFT PLAIN - PETTY ($950 & UNDER),Central,34.0431,-118.2692
2024-06-28 23:30:00,BURGLARY FROM VEHICLE,Central,34.048,-118.2577
2024-06-28 13:29:00,SHOPLIFTING - PETTY THEFT ($950 & UNDER),Central,34.0483,-118.2631
2024-06-26 17:20:00,SHOPLIFTING - PETTY THEFT ($950 & UNDER),Central,34.048,-118.2577
2024-06-30 00:01:00,VEHICLE - STOLEN,Central,34.0396,-118.2558
2024-06-28 12:30:00,VEHICLE - STOLEN,Central,34.0382,-118.2417
2024-06-30 07:30:00,TRESPASSING,Central,34.0549,-118.2511
2024-06-30 06:20:00,TRESPASSING,Central,34.0549,-118.2511
2024-06-30 06:00:00,TRESPASSING,Central,34.0561,-118.2375
2024-06-30 05:50:00,TRESPASSING,Central,34.0561,-118.2375
2024-06-27 00:30:00,VEHICLE - STOLEN,Central,34.0417,-118.2444
2024-06-30 18:40:00,VEHICLE - STOLEN,Central,34.0488,-118.25
2024-06-30 13:45:00,TRESPASSING,Central,34.0549,-118.2511
2024-06-30 12:50:00,SHOPLIFTING - PETTY THEFT ($950 & UNDER),Central,34.048,-118.2577
2024-06-30 14:15:00,TRESPASSING,Central,34.0549,-118.2511
2024-06-30 10:00:00,TRESPASSING,Central,34.0561,-118.2375
2024-07-01 02:00:00,VEHICLE - STOLEN,Central,34.0439,-118.2709
2024-06-22 00:01:00,"EMBEZZLEMENT, GRAND THEFT ($950.01 & OVER)",Central,34.0308,-118.2638
2024-06-30 05:45:00,TRESPASSING,Central,34.0561,-118.2375
2024-07-01 10:00:00,TRESPASSING,Central,34.0488,-118.2518
2024-07-01 12:23:00,"THEFT-GRAND ($950.01 & OVER)EXCPT,GUNS,FOWL,LIVESTK,PROD",Central,34.0473,-118.2531
2024-06-30 23:00:00,VEHICLE - STOLEN,Central,34.0495,-118.2459
2024-07-01 08:30:00,TRESPASSING,Central,34.0561,-118.2375
2024-07-01 05:50:00,TRESPASSING,Central,34.0561,-118.2375
2024-07-01 09:40:00,TRESPASSING,Central,34.0488,-118.2518
2024-07-01 06:10:00,TRESPASSING,Central,34.0561,-118.2375
2024-07-01 09:35:00,TRESPASSING,Central,34.0488,-118.2518
2024-07-01 09:30:00,TRESPASSING,Central,34.0488,-118.2518
2024-07-01 09:15:00,TRESPASSING,Central,34.0488,-118.2518
2024-06-09 08:05:00,"THEFT-GRAND ($950.01 & OVER)EXCPT,GUNS,FOWL,LIVESTK,PROD",Central,34.0552,-118.2511
2024-06-24 08:00:00,THEFT PLAIN - PETTY ($950 & UNDER),Central,34.048,-118.2542
2024-06-28 12:30:00,THEFT PLAIN - PETTY ($950 & UNDER),Central,34.0649,-118.2465
2024-06-15 21:30:00,BURGLARY FROM VEHICLE,Central,34.0396,-118.259
2024-06-30 01:00:00,BURGLARY FROM VEHICLE,Central,34.0437,-118.2582
2024-06-29 01:00:00,BURGLARY FROM VEHICLE,Central,34.0414,-118.2399
2024-06-29 22:30:00,BURGLARY FROM VEHICLE,Central,34.0454,-118.2333
2024-06-29 00:50:00,"VANDALISM - FELONY ($400 & OVER, ALL CHURCH VANDALISMS)",Central,34.0446,-118.249
2024-06-30 22:00:00,BURGLARY FROM VEHICLE,Central,34.048,-118.2577
2024-06-30 19:00:00,BURGLARY FROM VEHICLE,Central,34.0423,-118.2561
2024-06-30 21:00:00,THEFT FROM MOTOR VEHICLE - PETTY ($950 & UNDER),Central,34.0452,-118.2569
2024-07-01 17:30:00,BURGLARY FROM VEHICLE,Central,34.0505,-118.2509
2024-03-24 13:40:00,"VANDALISM - FELONY ($400 & OVER, ALL CHURCH VANDALISMS)",Central,34.0685,-118.246
2024-06-27 20:30:00,THEFT PLAIN - PETTY ($950 & UNDER),Central,34.0473,-118.2601
2024-06-27 19:30:00,BURGLARY FROM VEHICLE,Central,34.0382,-118.2316
2024-06-29 22:40:00,BURGLARY FROM VEHICLE,Central,34.0445,-118.2558
2024-06-30 17:00:00,BURGLARY FROM VEHICLE,Central,34.0637,-118.244
2024-07-01 00:50:00,THEFT PLAIN - PETTY ($950 & UNDER),Central,34.0607,-118.2494
2024-06-28 08:00:00,THEFT PLAIN - PETTY ($950 & UNDER),Central,34.0502,-118.2539
2024-06-27 08:00:00,THEFT PLAIN - PETTY ($950 & UNDER),Central,34.0503,-118.247
2024-06-24 08:00:00,THEFT PLAIN - PETTY ($950 & UNDER),Central,34.0437,-118.263
2024-06-29 13:30:00,SHOPLIFTING - PETTY THEFT ($950 & UNDER),Central,34.0483,-118.2631
2024-06-28 18:00:00,SHOPLIFTING - PETTY THEFT ($950 & UNDER),Central,34.0483,-118.2631
2024-06-26 08:00:00,THEFT PLAIN - PETTY ($950 & UNDER),Central,34.0537,-118.2558
2024-06-26 08:00:00,THEFT PLAIN - PETTY ($950 & UNDER),Central,34.0471,-118.2473
2024-06-15 08:00:00,THEFT PLAIN - PETTY ($950 & UNDER),Central,34.0423,-118.263
2024-06-23 08:00:00,THEFT PLAIN - PETTY ($950 & UNDER),Central,34.0462,-118.2623
2024-06-25 08:00:00,THEFT PLAIN - PETTY ($950 & UNDER),Central,34.0372,-118.2654
2024-06-24 08:00:00,THEFT PLAIN - PETTY ($950 & UNDER),Central,34.0503,-118.247
2024-06-15 08:00:00,"VANDALISM - FELONY ($400 & OVER, ALL CHURCH VANDALISMS)",Central,34.0619,-118.2369
2024-06-13 08:00:00,THEFT PLAIN - PETTY ($950 & UNDER),Central,34.0504,-118.2409
2024-06-12 08:00:00,THEFT PLAIN - PETTY ($950 & UNDER),Central,34.0423,-118.263
2024-06-10 08:00:00,THEFT PLAIN - PETTY ($950 & UNDER),Central,34.048,-118.2542
2024-06-11 08:00:00,THEFT PLAIN - PETTY ($950 & UNDER),Central,34.0358,-118.2345
2024-06-09 08:00:00,THEFT PLAIN - PETTY ($950 & UNDER),Central,34.0566,-118.2318
2024-06-29 08:00:00,THEFT PLAIN - PETTY ($950 & UNDER),Central,34.0478,-118.2484
2024-06-09 08:00:00,THEFT PLAIN - PETTY ($950 & UNDER),Central,34.0685,-118.246
2024-06-30 08:00:00,THEFT PLAIN - PETTY ($950 & UNDER),Central,34.0466,-118.2555
2024-06-14 01:29:00,"VANDALISM - FELONY ($400 & OVER, ALL CHURCH VANDALISMS)",Central,34.0473,-118.2425
2024-06-01 20:00:00,SHOPLIFTING - PETTY THEFT ($950 & UNDER),Central,34.0483,-118.2631
2024-06-29 18:10:00,"THEFT-GRAND ($950.01 & OVER)EXCPT,GUNS,FOWL,LIVESTK,PROD",Central,34.0431,-118.2692
2024-05-09 10:30:00,"LETTERS, LEWD  -  TELEPHONE CALLS, LEWD",Central,34.0488,-118.25
2024-06-22 18:00:00,"THEFT-GRAND ($950.01 & OVER)EXCPT,GUNS,FOWL,LIVESTK,PROD",Central,34.043,-118.2606
2024-06-28 15:00:00,SHOPLIFTING - PETTY THEFT ($950 & UNDER),Central,34.0483,-118.2631
2024-07-01 18:50:00,SHOPLIFTING - PETTY THEFT ($950 & UNDER),Central,34.0493,-118.2417
2024-06-28 20:00:00,SHOPLIFTING - PETTY THEFT ($950 & UNDER),Central,34.0483,-118.2631
2024-06-21 17:30:00,"THEFT-GRAND ($950.01 & OVER)EXCPT,GUNS,FOWL,LIVESTK,PROD",Central,34.0483,-118.2631
2024-07-01 07:00:00,BURGLARY FROM VEHICLE,Central,34.0363,-118.2573
2024-07-01 20:45:00,BURGLARY FROM VEHICLE,Central,34.0432,-118.2504
2024-06-03 07:00:00,"VANDALISM - FELONY ($400 & OVER, ALL CHURCH VANDALISMS)",Central,34.047,-118.2647
2024-06-30 15:00:00,TRESPASSING,Central,34.0561,-118.2375
2024-06-30 00:01:00,TRESPASSING,Central,34.0561,-118.2375
2024-06-30 09:20:00,TRESPASSING,Central,34.0561,-118.2375
2024-06-30 10:50:00,TRESPASSING,Central,34.0561,-118.2375
2024-06-30 10:20:00,TRESPASSING,Central,34.0561,-118.2375
2024-06-30 22:05:00,TRESPASSING,Central,34.0508,-118.2586
2024-07-01 09:55:00,TRESPASSING,Central,34.0561,-118.2375
2024-07-01 08:45:00,TRESPASSING,Central,34.0561,-118.2375
2024-06-27 10:45:00,BATTERY - SIMPLE ASSAULT,Central,34.0525,-118.2432
2024-07-01 14:00:00,SHOPLIFTING - PETTY THEFT ($950 & UNDER),Central,34.048,-118.2577
2024-07-01 20:25:00,VANDALISM - MISDEAMEANOR ($399 OR UNDER),Central,34.042,-118.2625
2024-06-14 22:00:00,BURGLARY FROM VEHICLE,Central,34.0535,-118.256
2024-06-23 03:05:00,"VANDALISM - FELONY ($400 & OVER, ALL CHURCH VANDALISMS)",Central,34.0445,-118.2523
2024-06-28 11:30:00,THEFT PLAIN - PETTY ($950 & UNDER),Central,34.0459,-118.243
2024-07-01 18:45:00,THEFT FROM MOTOR VEHICLE - GRAND ($950.01 AND OVER),Central,34.0487,-118.2553
2024-06-08 11:10:00,THEFT PLAIN - PETTY ($950 & UNDER),Central,34.0477,-118.2467
2024-06-01 06:35:00,"LETTERS, LEWD  -  TELEPHONE CALLS, LEWD",Central,34.0519,-118.2531
2024-06-25 07:30:00,THEFT OF IDENTITY,Central,34.0535,-118.2491
2024-07-01 20:30:00,BURGLARY FROM VEHICLE,Central,34.0655,-118.2489
2024-07-02 03:00:00,ROBBERY,Central,34.0516,-118.2561
2024-07-02 07:00:00,TRESPASSING,Central,34.0561,-118.2375
2024-07-02 05:50:00,TRESPASSING,Central,34.0635,-118.2357
2024-07-02 05:40:00,TRESPASSING,Central,34.0635,-118.2357
2024-07-02 07:30:00,TRESPASSING,Central,34.0549,-118.2511
2024-07-02 09:55:00,TRESPASSING,Central,34.0549,-118.2511
2024-07-02 10:50:00,TRESPASSING,Central,34.0561,-118.2375
2024-07-02 09:15:00,TRESPASSING,Central,34.0561,-118.2375
2024-07-02 09:55:00,TRESPASSING,Central,34.0561,-118.2375
2024-07-02 06:45:00,TRESPASSING,Central,34.0561,-118.2375
2024-07-02 10:25:00,TRESPASSING,Central,34.0561,-118.2375
2024-07-02 11:20:00,TRESPASSING,Central,34.0561,-118.2375
2024-06-30 12:00:00,VEHICLE - STOLEN,Central,34.0474,-118.2496
2024-06-27 15:00:00,VEHICLE - STOLEN,Central,34.0474,-118.2496
2024-07-02 18:00:00,VEHICLE - STOLEN,Central,34.0417,-118.2584
2024-07-02 16:30:00,VEHICLE - STOLEN,Central,34.0383,-118.2633
2024-06-28 12:00:00,"VEHICLE, STOLEN - OTHER (MOTORIZED SCOOTERS, BIKES, ETC)",Central,34.0492,-118.2391
2024-07-01 20:49:00,BURGLARY FROM VEHICLE,Central,34.0654,-118.2482
2024-06-17 13:45:00,THEFT PLAIN - PETTY ($950 & UNDER),Central,34.0502,-118.2539
2024-06-28 21:35:00,THEFT PLAIN - PETTY ($950 & UNDER),Central,34.0423,-118.2561
2024-07-02 17:01:00,THEFT PLAIN - PETTY ($950 & UNDER),Central,34.0406,-118.268
2024-07-01 16:30:00,SHOPLIFTING - PETTY THEFT ($950 & UNDER),Central,34.0493,-118.2417
2024-07-02 19:00:00,VEHICLE - STOLEN,Central,34.048,-118.2542
2024-07-03 00:55:00,OTHER ASSAULT,Central,34.048,-118.2542
2024-07-02 20:10:00,SHOPLIFTING - PETTY THEFT ($950 & UNDER),Central,34.048,-118.2577
2024-07-02 10:45:00,TRESPASSING,Central,34.0561,-118.2375
2024-06-28 07:40:00,TRESPASSING,Central,34.0561,-118.2375
2024-07-02 13:00:00,SHOPLIFTING - PETTY THEFT ($950 & UNDER),Central,34.0483,-118.2631
2024-06-28 15:00:00,THEFT PLAIN - PETTY ($950 & UNDER),Central,34.0606,-118.2439
2024-07-01 10:00:00,TRESPASSING,Central,34.0491,-118.2558
2024-07-02 23:00:00,VEHICLE - STOLEN,Central,34.0502,-118.2504
2024-07-02 09:05:00,TRESPASSING,Central,34.0561,-118.2375
2024-06-19 17:10:00,THEFT OF IDENTITY,Central,34.0358,-118.2594
2024-07-02 11:50:00,SHOPLIFTING - PETTY THEFT ($950 & UNDER),Central,34.0483,-118.2631
2024-07-02 21:00:00,VEHICLE - STOLEN,Central,34.0432,-118.2504
2024-07-02 13:20:00,VEHICLE - STOLEN,Central,34.0472,-118.2362
2024-07-02 08:15:00,TRESPASSING,Central,34.0561,-118.2375
2024-07-02 08:20:00,TRESPASSING,Central,34.0561,-118.2375
2024-07-02 07:15:00,TRESPASSING,Central,34.0561,-118.2375
2024-07-02 23:45:00,VEHICLE - STOLEN,Central,34.0431,-118.2692
2024-07-03 09:05:00,TRESPASSING,Central,34.0561,-118.2375
2024-07-03 06:20:00,TRESPASSING,Central,34.0524,-118.2467
2024-07-03 06:25:00,TRESPASSING,Central,34.0561,-118.2375
2024-07-03 08:10:00,TRESPASSING,Central,34.0561,-118.2375
2024-07-03 07:10:00,TRESPASSING,Central,34.0561,-118.2375
2024-07-03 06:10:00,TRESPASSING,Central,34.0561,-118.2375
2024-07-02 08:00:00,"VEHICLE, STOLEN - OTHER (MOTORIZED SCOOTERS, BIKES, ETC)",Central,34.0462,-118.2585
2024-07-03 10:15:00,TRESPASSING,Central,34.0561,-118.2375
2024-07-03 06:40:00,TRESPASSING,Central,34.0561,-118.2375
2024-07-03 07:50:00,TRESPASSING,Central,34.0561,-118.2375
2024-07-03 08:15:00,TRESPASSING,Central,34.0561,-118.2375
2024-07-03 08:40:00,TRESPASSING,Central,34.0561,-118.2375
2024-07-03 05:00:00,VEHICLE - STOLEN,Central,34.0383,-118.2305
2024-07-03 08:30:00,TRESPASSING,Central,34.0552,-118.2511
2024-07-03 06:50:00,TRESPASSING,Central,34.0561,-118.2375
2024-07-03 07:15:00,TRESPASSING,Central,34.0561,-118.2375
2024-07-03 08:20:00,TRESPASSING,Central,34.0561,-118.2375
2024-07-03 07:02:00,TRESPASSING,Central,34.0561,-118.2375
2024-07-03 08:30:00,VEHICLE - STOLEN,Central,34.0377,-118.2622
2024-07-03 18:45:00,VEHICLE - STOLEN,Central,34.0644,-118.2387
2024-07-02 21:15:00,BURGLARY FROM VEHICLE,Central,34.0394,-118.2623
2024-07-01 22:00:00,VANDALISM - MISDEAMEANOR ($399 OR UNDER),Central,34.0473,-118.2425
2024-07-02 22:05:00,VANDALISM - MISDEAMEANOR ($399 OR UNDER),Central,34.0473,-118.2425
2024-07-02 10:00:00,BURGLARY FROM VEHICLE,Central,34.0669,-118.239
2024-06-24 20:30:00,THEFT OF IDENTITY,Central,34.0495,-118.2494
2024-07-02 19:20:00,"VANDALISM - FELONY ($400 & OVER, ALL CHURCH VANDALISMS)",Central,34.0437,-118.2617
2024-06-20 11:40:00,PICKPOCKET,Central,34.0532,-118.2425
2024-07-03 14:50:00,THEFT OF IDENTITY,Central,34.0481,-118.2472
2024-07-01 08:00:00,VANDALISM - MISDEAMEANOR ($399 OR UNDER),Central,34.0516,-118.2561
2024-07-03 01:00:00,THEFT FROM MOTOR VEHICLE - PETTY ($950 & UNDER),Central,34.0466,-118.259
2024-05-02 21:00:00,BURGLARY FROM VEHICLE,Central,34.0474,-118.2496
2024-07-03 10:27:00,SHOPLIFTING - PETTY THEFT ($950 & UNDER),Central,34.0483,-118.2631
2024-07-02 12:00:00,VEHICLE - STOLEN,Central,34.049,-118.2381
2024-06-30 15:20:00,SHOPLIFTING - PETTY THEFT ($950 & UNDER),Central,34.0483,-118.2631
2024-07-03 02:25:00,"LETTERS, LEWD  -  TELEPHONE CALLS, LEWD",Central,34.0615,-118.247
2024-07-03 12:00:00,THEFT PLAIN - PETTY ($950 & UNDER),Central,34.0479,-118.2612
2024-06-23 11:30:00,THEFT PLAIN - PETTY ($950 & UNDER),Central,34.043,-118.2641
2024-07-02 17:15:00,SHOPLIFTING - PETTY THEFT ($950 & UNDER),Central,34.0483,-118.2631
2024-07-03 12:30:00,VEHICLE - STOLEN,Central,34.0364,-118.2659
2024-07-03 17:40:00,VEHICLE - STOLEN,Central,34.0349,-118.263
2024-07-03 11:20:00,BURGLARY FROM VEHICLE,Central,34.0502,-118.2487
2024-07-04 02:04:00,"VANDALISM - FELONY ($400 & OVER, ALL CHURCH VANDALISMS)",Central,34.0491,-118.2558
2024-07-04 06:35:00,TRESPASSING,Central,34.0508,-118.2586
2024-07-04 06:00:00,VEHICLE - STOLEN,Central,34.0364,-118.2707
2024-07-01 06:22:00,THEFT OF IDENTITY,Central,34.0438,-118.2547
2024-07-04 14:00:00,SHOPLIFTING - PETTY THEFT ($950 & UNDER),Central,34.048,-118.2577
2024-07-03 15:35:00,SHOPLIFTING - PETTY THEFT ($950 & UNDER),Central,34.0483,-118.2631
2024-07-03 18:40:00,BURGLARY FROM VEHICLE,Central,34.0494,-118.2599
2024-07-02 19:20:00,BURGLARY FROM VEHICLE,Central,34.0446,-118.2507
2024-06-28 12:00:00,THEFT PLAIN - PETTY ($950 & UNDER),Central,34.0437,-118.2547
2024-06-14 16:50:00,THEFT OF IDENTITY,Central,34.0444,-118.2628
2024-06-24 04:00:00,THEFT PLAIN - PETTY ($950 & UNDER),Central,34.0437,-118.263
2024-07-04 13:30:00,"VANDALISM - FELONY ($400 & OVER, ALL CHURCH VANDALISMS)",Central,34.0437,-118.2617
2024-06-17 13:49:00,"VANDALISM - FELONY ($400 & OVER, ALL CHURCH VANDALISMS)",Central,34.0466,-118.252
2024-07-04 22:30:00,VEHICLE - STOLEN,Central,34.0382,-118.2345
2024-06-26 18:15:00,VEHICLE - STOLEN,Central,34.0459,-118.2579
2024-07-04 16:00:00,VEHICLE - STOLEN,Central,34.0446,-118.245
2024-07-04 11:45:00,TRESPASSING,Central,34.0508,-118.2586
2024-07-04 10:30:00,TRESPASSING,Central,34.0508,-118.2586
2024-07-04 09:40:00,TRESPASSING,Central,34.0508,-118.2586
2024-07-04 07:00:00,TRESPASSING,Central,34.0508,-118.2586
2024-07-04 07:20:00,TRESPASSING,Central,34.0508,-118.2586
2024-07-04 07:02:00,TRESPASSING,Central,34.0508,-118.2586
2024-07-04 06:00:00,TRESPASSING,Central,34.0561,-118.2375
2024-07-04 08:55:00,TRESPASSING,Central,34.0508,-118.2586
2024-07-04 09:18:00,TRESPASSING,Central,34.0508,-118.2586
2024-07-04 06:42:00,TRESPASSING,Central,34.0508,-118.2586
2024-07-04 07:45:00,TRESPASSING,Central,34.0508,-118.2586
2024-07-05 05:55:00,TRESPASSING,Central,34.0635,-118.2357
2024-07-05 09:00:00,TRESPASSING,Central,34.0488,-118.2518
2024-07-05 10:00:00,TRESPASSING,Central,34.0488,-118.2518
2024-07-05 06:35:00,TRESPASSING,Central,34.0561,-118.2375
2024-07-05 08:52:00,TRESPASSING,Central,34.0488,-118.2518
2024-07-05 08:25:00,TRESPASSING,Central,34.0488,-118.2518
2024-07-05 08:00:00,TRESPASSING,Central,34.0488,-118.2518
2024-07-05 07:22:00,TRESPASSING,Central,34.0488,-118.2518
2024-07-05 07:05:00,TRESPASSING,Central,34.0488,-118.2518
2024-07-05 09:45:00,"VEHICLE, STOLEN - OTHER (MOTORIZED SCOOTERS, BIKES, ETC)",Central,34.0561,-118.2375
2024-07-05 21:25:00,VEHICLE - STOLEN,Central,34.046,-118.251
2024-07-05 15:40:00,"THEFT-GRAND ($950.01 & OVER)EXCPT,GUNS,FOWL,LIVESTK,PROD",Central,34.0454,-118.2658
2024-04-27 17:13:00,THEFT PLAIN - PETTY ($950 & UNDER),Central,34.0383,-118.2305
2024-07-04 08:20:00,BURGLARY FROM VEHICLE,Central,34.0401,-118.2669
2024-07-04 19:00:00,THEFT PLAIN - PETTY ($950 & UNDER),Central,34.0431,-118.2692
2024-07-05 00:05:00,"THEFT-GRAND ($950.01 & OVER)EXCPT,GUNS,FOWL,LIVESTK,PROD",Central,34.0454,-118.2658
2024-06-28 08:30:00,THEFT PLAIN - PETTY ($950 & UNDER),Central,34.0495,-118.2494
2024-07-04 23:45:00,"THEFT-GRAND ($950.01 & OVER)EXCPT,GUNS,FOWL,LIVESTK,PROD",Central,34.0419,-118.2669
2024-07-04 17:43:00,SHOPLIFTING - PETTY THEFT ($950 & UNDER),Central,34.0483,-118.2631
2024-07-04 15:38:00,SHOPLIFTING - PETTY THEFT ($950 & UNDER),Central,34.0483,-118.2631
2024-06-07 17:45:00,"THEFT-GRAND ($950.01 & OVER)EXCPT,GUNS,FOWL,LIVESTK,PROD",Central,34.0431,-118.2692
2024-07-05 15:33:00,SHOPLIFTING - PETTY THEFT ($950 & UNDER),Central,34.0483,-118.2631
2024-07-05 20:17:00,SHOPLIFTING - PETTY THEFT ($950 & UNDER),Central,34.048,-118.2577
2024-07-05 23:30:00,THEFT PLAIN - PETTY ($950 & UNDER),Central,34.0577,-118.2487
2024-07-05 11:00:00,TRESPASSING,Central,34.0561,-118.2375
2024-07-05 23:00:00,VEHICLE - STOLEN,Central,34.0438,-118.2547
2024-07-06 12:00:00,SHOPLIFTING - PETTY THEFT ($950 & UNDER),Central,34.0483,-118.2631
2024-07-04 14:30:00,VEHICLE - STOLEN,Central,34.0659,-118.2339
2024-07-06 10:00:00,TRESPASSING,Central,34.0488,-118.2518
2024-07-06 05:50:00,TRESPASSING,Central,34.0635,-118.2357
2024-07-06 06:10:00,TRESPASSING,Central,34.0561,-118.2375
2024-07-06 07:55:00,TRESPASSING,Central,34.0561,-118.2375
2024-07-06 06:30:00,TRESPASSING,Central,34.0561,-118.2375
2024-07-06 09:30:00,TRESPASSING,Central,34.0561,-118.2375
2024-07-06 07:15:00,TRESPASSING,Central,34.0561,-118.2375
2024-07-06 08:20:00,TRESPASSING,Central,34.0561,-118.2375
2024-07-06 09:10:00,TRESPASSING,Central,34.0561,-118.2375
2024-07-06 14:00:00,SHOPLIFTING - PETTY THEFT ($950 & UNDER),Central,34.048,-118.2577
2024-07-05 11:00:00,BURGLARY FROM VEHICLE,Central,34.0493,-118.2417
2024-07-03 19:00:00,THEFT FROM MOTOR VEHICLE - GRAND ($950.01 AND OVER),Central,34.0445,-118.2558
2024-07-05 21:00:00,"VANDALISM - FELONY ($400 & OVER, ALL CHURCH VANDALISMS)",Central,34.0446,-118.2507
2024-07-06 21:55:00,BURGLARY FROM VEHICLE,Central,34.0488,-118.2518
2024-05-23 17:00:00,THEFT PLAIN - PETTY ($950 & UNDER),Central,34.0383,-118.2305
2024-07-05 13:00:00,"THEFT-GRAND ($950.01 & OVER)EXCPT,GUNS,FOWL,LIVESTK,PROD",Central,34.0431,-118.2692
2024-07-06 17:45:00,SHOPLIFTING - PETTY THEFT ($950 & UNDER),Central,34.048,-118.2577
2024-07-06 18:40:00,VEHICLE - STOLEN,Central,34.0615,-118.247
2024-07-06 02:00:00,VEHICLE - STOLEN,Central,34.0582,-118.2387
2024-07-07 08:40:00,"VANDALISM - FELONY ($400 & OVER, ALL CHURCH VANDALISMS)",Central,34.0409,-118.2609
2024-07-07 11:05:00,ROBBERY,Central,34.0391,-118.269
2024-07-07 02:10:00,BATTERY ON A FIREFIGHTER,Central,34.0347,-118.2602
2024-07-07 11:50:00,VEHICLE - STOLEN,Central,34.0483,-118.2631
2024-07-06 12:00:00,VEHICLE - STOLEN,Central,34.0531,-118.2478
2024-07-07 06:45:00,TRESPASSING,Central,34.0561,-118.2375
2024-07-07 09:00:00,TRESPASSING,Central,34.0561,-118.2375
2024-07-07 00:01:00,VEHICLE - STOLEN,Central,34.0382,-118.2316
2024-07-07 10:40:00,TRESPASSING,Central,34.0561,-118.2375
2024-07-07 07:35:00,TRESPASSING,Central,34.0561,-118.2375
2024-07-07 09:15:00,TRESPASSING,Central,34.0561,-118.2375
2024-07-07 17:10:00,TRESPASSING,Central,34.0497,-118.2381
2024-07-06 20:00:00,BURGLARY FROM VEHICLE,Central,34.0409,-118.2609
2024-07-05 19:35:00,THEFT PLAIN - PETTY ($950 & UNDER),Central,34.046,-118.2493
2024-07-07 13:00:00,THEFT PLAIN - PETTY ($950 & UNDER),Central,34.045,-118.264
2024-07-06 11:45:00,PICKPOCKET,Central,34.0431,-118.2692
2024-07-07 14:30:00,PICKPOCKET,Central,34.0431,-118.2692
2024-07-03 14:00:00,THEFT PLAIN - PETTY ($950 & UNDER),Central,34.0423,-118.2561
2024-07-06 15:20:00,"THEFT-GRAND ($950.01 & OVER)EXCPT,GUNS,FOWL,LIVESTK,PROD",Central,34.048,-118.2438
2024-07-07 17:30:00,"VANDALISM - FELONY ($400 & OVER, ALL CHURCH VANDALISMS)",Central,34.0612,-118.2417
2024-07-07 14:45:00,PICKPOCKET,Central,34.0431,-118.2692
2024-07-07 23:20:00,PICKPOCKET,Central,34.0516,-118.2491
2024-07-07 21:00:00,VEHICLE - STOLEN,Central,34.0459,-118.2579
2024-07-02 14:00:00,"VANDALISM - FELONY ($400 & OVER, ALL CHURCH VANDALISMS)",Central,34.0502,-118.2539
2024-07-05 14:45:00,THEFT PLAIN - PETTY ($950 & UNDER),Central,34.0431,-118.2692
2024-07-06 03:10:00,BATTERY - SIMPLE ASSAULT,Central,34.0515,-118.2424
2024-07-05 11:00:00,THEFT PLAIN - PETTY ($950 & UNDER),Central,34.0446,-118.2643
2024-07-07 14:43:00,THEFT PLAIN - PETTY ($950 & UNDER),Central,34.0562,-118.2397
2024-07-01 08:00:00,THEFT PLAIN - PETTY ($950 & UNDER),Central,34.0478,-118.2484
2024-07-02 08:00:00,VANDALISM - MISDEAMEANOR ($399 OR UNDER),Central,34.0516,-118.244
2024-07-06 08:00:00,THEFT PLAIN - PETTY ($950 & UNDER),Central,34.0483,-118.2631
2024-07-06 09:00:00,"THEFT-GRAND ($950.01 & OVER)EXCPT,GUNS,FOWL,LIVESTK,PROD",Central,34.0451,-118.2604
2024-07-08 06:25:00,TRESPASSING,Central,34.0561,-118.2375
2024-07-08 10:55:00,TRESPASSING,Central,34.0561,-118.2375
2024-07-08 06:35:00,TRESPASSING,Central,34.0561,-118.2375
2024-07-08 08:00:00,TRESPASSING,Central,34.0561,-118.2375
2024-07-08 07:30:00,TRESPASSING,Central,34.0561,-118.2375
2024-07-08 06:50:00,TRESPASSING,Central,34.0561,-118.2375
2024-07-08 08:30:00,TRESPASSING,Central,34.0561,-118.2375
2024-07-08 06:45:00,TRESPASSING,Central,34.0561,-118.2375
2024-07-08 07:15:00,TRESPASSING,Central,34.0561,-118.2375
2024-07-08 09:10:00,TRESPASSING,Central,34.0561,-118.2375
2024-07-08 10:00:00,TRESPASSING,Central,34.0491,-118.2558
2024-07-07 18:00:00,VEHICLE - STOLEN,Central,34.0479,-118.2612
2024-07-01 09:00:00,VEHICLE - STOLEN,Central,34.0627,-118.2463
2024-07-01 01:00:00,THEFT FROM MOTOR VEHICLE - PETTY ($950 & UNDER),Central,34.0459,-118.2352
2024-07-08 20:30:00,THEFT FROM MOTOR VEHICLE - PETTY ($950 & UNDER),Central,34.051,-118.248
2024-07-08 17:24:00,VEHICLE - STOLEN,Central,34.0408,-118.2644
2024-07-07 15:00:00,BURGLARY FROM VEHICLE,Central,34.0358,-118.2345
2024-07-04 18:00:00,THEFT PLAIN - PETTY ($950 & UNDER),Central,34.0473,-118.2531
2024-06-30 23:45:00,"VANDALISM - FELONY ($400 & OVER, ALL CHURCH VANDALISMS)",Central,34.0539,-118.2436
2024-07-03 11:00:00,"THEFT-GRAND ($950.01 & OVER)EXCPT,GUNS,FOWL,LIVESTK,PROD",Central,34.0431,-118.2692
2024-02-20 20:00:00,"THEFT-GRAND ($950.01 & OVER)EXCPT,GUNS,FOWL,LIVESTK,PROD",Central,34.0481,-118.2562
2024-06-28 10:00:00,"VANDALISM - FELONY ($400 & OVER, ALL CHURCH VANDALISMS)",Central,34.0462,-118.2585
2024-07-02 21:30:00,BURGLARY FROM VEHICLE,Central,34.0463,-118.2402
2024-06-23 23:30:00,"VANDALISM - FELONY ($400 & OVER, ALL CHURCH VANDALISMS)",Central,34.0396,-118.2726
2024-07-01 23:11:00,"THEFT-GRAND ($950.01 & OVER)EXCPT,GUNS,FOWL,LIVESTK,PROD",Central,34.046,-118.251
2024-06-20 12:59:00,"THEFT-GRAND ($950.01 & OVER)EXCPT,GUNS,FOWL,LIVESTK,PROD",Central,34.0459,-118.2352
2024-07-07 17:42:00,SHOPLIFTING - PETTY THEFT ($950 & UNDER),Central,34.0483,-118.2631
2024-07-07 13:57:00,"THEFT-GRAND ($950.01 & OVER)EXCPT,GUNS,FOWL,LIVESTK,PROD",Central,34.0431,-118.2692
2024-07-07 22:55:00,TRESPASSING,Central,34.0549,-118.2511
2024-07-08 15:30:00,SHOPLIFTING - PETTY THEFT ($950 & UNDER),Central,34.0483,-118.2631
2024-07-09 01:00:00,INTIMATE PARTNER - AGGRAVATED ASSAULT,Central,34.0403,-118.2421
2024-06-07 10:40:00,"THEFT-GRAND ($950.01 & OVER)EXCPT,GUNS,FOWL,LIVESTK,PROD",Central,34.0494,-118.2599
2024-07-09 08:30:00,BURGLARY FROM VEHICLE,Central,34.0503,-118.2434
2024-07-08 19:30:00,VEHICLE - STOLEN,Central,34.0423,-118.2561
2024-07-03 18:04:00,VEHICLE - STOLEN,Central,34.0408,-118.2428
2024-07-08 18:15:00,"THEFT-GRAND ($950.01 & OVER)EXCPT,GUNS,FOWL,LIVESTK,PROD",Central,34.0428,-118.2532
2024-06-28 22:00:00,VEHICLE - STOLEN,Central,34.0389,-118.2643
2024-07-03 06:00:00,THEFT PLAIN - PETTY ($950 & UNDER),Central,34.0473,-118.2425
2024-07-06 13:30:00,"THEFT-GRAND ($950.01 & OVER)EXCPT,GUNS,FOWL,LIVESTK,PROD",Central,34.0483,-118.2631
2024-07-07 14:30:00,SHOPLIFTING - PETTY THEFT ($950 & UNDER),Central,34.0483,-118.2631
2024-07-08 17:30:00,SHOPLIFTING - PETTY THEFT ($950 & UNDER),Central,34.0483,-118.2631
2024-07-09 06:40:00,TRESPASSING,Central,34.0561,-118.2375
2024-07-09 10:00:00,TRESPASSING,Central,34.0488,-118.2518
2024-07-09 12:20:00,TRESPASSING,Central,34.0488,-118.2518
2024-07-09 09:50:00,TRESPASSING,Central,34.0488,-118.2518
2024-07-09 10:30:00,TRESPASSING,Central,34.0488,-118.2518
2024-07-09 06:35:00,TRESPASSING,Central,34.0561,-118.2375
2024-07-09 13:10:00,TRESPASSING,Central,34.0508,-118.2586
2024-07-09 13:45:00,TRESPASSING,Central,34.0547,-118.2505
2024-06-30 12:00:00,PICKPOCKET,Central,34.0431,-118.2692
2024-07-09 18:30:00,BURGLARY FROM VEHICLE,Central,34.0409,-118.2609
2024-07-09 09:45:00,THEFT PLAIN - PETTY ($950 & UNDER),Central,34.0387,-118.2612
2024-06-25 19:00:00,BURGLARY FROM VEHICLE,Central,34.0685,-118.246
2024-07-08 20:00:00,BURGLARY FROM VEHICLE,Central,34.0459,-118.243
2024-07-07 08:00:00,VANDALISM - MISDEAMEANOR ($399 OR UNDER),Central,34.0516,-118.2561
2024-07-09 19:00:00,VEHICLE - STOLEN,Central,34.0354,-118.2714
2024-07-09 12:51:00,SHOPLIFTING - PETTY THEFT ($950 & UNDER),Central,34.048,-118.2577
2024-06-29 16:00:00,VEHICLE - STOLEN,Central,34.0612,-118.2417
2024-07-09 22:05:00,VANDALISM - MISDEAMEANOR ($399 OR UNDER),Central,34.0473,-118.2425
2024-07-09 16:35:00,SHOPLIFTING - PETTY THEFT ($950 & UNDER),Central,34.0496,-118.2603
2024-07-09 08:30:00,THEFT FROM MOTOR VEHICLE - GRAND ($950.01 AND OVER),Central,34.0401,-118.2357
2024-05-22 17:00:00,THEFT PLAIN - PETTY ($950 & UNDER),Central,34.0547,-118.2335
2024-07-10 13:40:00,TRESPASSING,Central,34.0561,-118.2375
2024-02-10 06:40:00,TRESPASSING,Central,34.0508,-118.2586
2024-06-28 01:00:00,BURGLARY FROM VEHICLE,Central,34.0408,-118.2644
2024-07-08 10:00:00,"THEFT-GRAND ($950.01 & OVER)EXCPT,GUNS,FOWL,LIVESTK,PROD",Central,34.0606,-118.2439
2024-07-07 14:20:00,"THEFT-GRAND ($950.01 & OVER)EXCPT,GUNS,FOWL,LIVESTK,PROD",Central,34.0466,-118.259
2024-07-07 15:00:00,PICKPOCKET,Central,34.0431,-118.2692
2024-07-10 13:00:00,"VANDALISM - FELONY ($400 & OVER, ALL CHURCH VANDALISMS)",Central,34.051,-118.248
2024-07-07 11:56:00,"THEFT-GRAND ($950.01 & OVER)EXCPT,GUNS,FOWL,LIVESTK,PROD",Central,34.0515,-118.2424
2024-07-10 06:00:00,VEHICLE - STOLEN,Central,34.0459,-118.2579
2024-07-08 11:45:00,"VEHICLE, STOLEN - OTHER (MOTORIZED SCOOTERS, BIKES, ETC)",Central,34.0431,-118.2537
2024-07-10 15:10:00,OTHER MISCELLANEOUS CRIME,Central,34.0615,-118.2412
2024-07-09 03:00:00,BURGLARY FROM VEHICLE,Central,34.0437,-118.2582
2024-07-10 21:40:00,DOCUMENT FORGERY / STOLEN FELONY,Central,34.0442,-118.2439
2024-01-22 13:39:00,VEHICLE - STOLEN,Central,34.0535,-118.256
2024-07-08 01:22:00,THEFT PLAIN - PETTY ($950 & UNDER),Central,34.0437,-118.2617
2024-07-10 18:00:00,VANDALISM - MISDEAMEANOR ($399 OR UNDER),Central,34.0485,-118.2448
2024-06-27 07:30:00,THEFT PLAIN - PETTY ($950 & UNDER),Central,34.0409,-118.2574
2024-07-10 20:30:00,BURGLARY FROM VEHICLE,Central,34.043,-118.2571
2024-07-10 08:15:00,BURGLARY FROM VEHICLE,Central,34.0446,-118.249
2024-07-10 19:00:00,BURGLARY FROM VEHICLE,Central,34.0405,-118.2567
2024-07-10 19:05:00,BURGLARY FROM VEHICLE,Central,34.048,-118.2577
2024-07-09 04:45:00,BURGLARY FROM VEHICLE,Central,34.0398,-118.2413
2024-07-02 12:35:00,BURGLARY FROM VEHICLE,Central,34.0473,-118.2425
2024-07-10 20:57:00,SHOPLIFTING-GRAND THEFT ($950.01 & OVER),Central,34.0483,-118.2631
2024-06-28 10:33:00,"VANDALISM - FELONY ($400 & OVER, ALL CHURCH VANDALISMS)",Central,34.0382,-118.2603
2024-07-07 23:00:00,"THEFT-GRAND ($950.01 & OVER)EXCPT,GUNS,FOWL,LIVESTK,PROD",Central,34.0401,-118.2329
2024-07-06 19:00:00,SHOPLIFTING - PETTY THEFT ($950 & UNDER),Central,34.0483,-118.2631
2024-07-11 16:50:00,BATTERY - SIMPLE ASSAULT,Central,34.0474,-118.2496
2024-07-11 13:40:00,SHOPLIFTING - PETTY THEFT ($950 & UNDER),Central,34.0483,-118.2631
2024-07-11 07:30:00,TRESPASSING,Central,34.0508,-118.2586
2024-07-11 06:50:00,TRESPASSING,Central,34.0561,-118.2375
2024-07-11 15:54:00,SHOPLIFTING - PETTY THEFT ($950 & UNDER),Central,34.0483,-118.2631
2024-07-02 14:00:00,VEHICLE - STOLEN,Central,34.0421,-118.2469
2024-06-27 13:00:00,VEHICLE - STOLEN,Central,34.0419,-118.2669
2024-07-11 07:50:00,TRESPASSING,Central,34.0508,-118.2586
2024-07-11 09:25:00,TRESPASSING,Central,34.0488,-118.2518
2024-07-11 08:50:00,TRESPASSING,Central,34.0488,-118.2518
2024-07-11 07:00:00,TRESPASSING,Central,34.0561,-118.2375
2024-07-11 06:40:00,TRESPASSING,Central,34.0561,-118.2375
2024-07-11 06:30:00,TRESPASSING,Central,34.0561,-118.2375
2024-07-11 06:15:00,TRESPASSING,Central,34.0561,-118.2375
2024-07-11 21:40:00,"VANDALISM - FELONY ($400 & OVER, ALL CHURCH VANDALISMS)",Central,34.0466,-118.252
2024-07-11 20:10:00,BURGLARY FROM VEHICLE,Central,34.0409,-118.2609
2024-07-12 00:01:00,ROBBERY,Central,34.0349,-118.2668
2024-07-11 12:00:00,VEHICLE - STOLEN,Central,34.0671,-118.2483
2024-07-12 07:45:00,VEHICLE - STOLEN,Central,34.0446,-118.245
2024-07-11 15:35:00,"VANDALISM - FELONY ($400 & OVER, ALL CHURCH VANDALISMS)",Central,34.0437,-118.2652
2024-07-07 20:00:00,VEHICLE - STOLEN,Central,34.0487,-118.2553
2024-07-11 15:15:00,"VEHICLE, STOLEN - OTHER (MOTORIZED SCOOTERS, BIKES, ETC)",Central,34.0338,-118.2706
2024-07-11 23:25:00,BURGLARY,Central,34.0595,-118.2451
2024-07-12 06:30:00,TRESPASSING,Central,34.0549,-118.2511
2024-07-12 06:00:00,TRESPASSING,Central,34.0549,-118.2511
2024-07-12 06:20:00,TRESPASSING,Central,34.0549,-118.2511
2024-07-12 06:40:00,TRESPASSING,Central,34.0561,-118.2375
2024-07-12 06:10:00,TRESPASSING,Central,34.0561,-118.2375
2024-07-12 07:30:00,TRESPASSING,Central,34.0561,-118.2375
2024-07-12 06:00:00,TRESPASSING,Central,34.0561,-118.2375
2024-07-12 06:30:00,TRESPASSING,Central,34.0561,-118.2375
2024-07-12 10:20:00,TRESPASSING,Central,34.0547,-118.2505
2024-07-12 10:35:00,TRESPASSING,Central,34.0547,-118.2505
2024-07-12 08:15:00,TRESPASSING,Central,34.0561,-118.2375
2024-07-12 07:45:00,TRESPASSING,Central,34.0561,-118.2375
2024-07-12 02:00:00,VEHICLE - STOLEN,Central,34.0566,-118.2531
2024-07-11 14:00:00,THEFT FROM MOTOR VEHICLE - PETTY ($950 & UNDER),Central,34.0433,-118.2488
2024-07-12 15:00:00,THEFT PLAIN - PETTY ($950 & UNDER),Central,34.0502,-118.2539
2024-07-12 11:30:00,SHOPLIFTING - PETTY THEFT ($950 & UNDER),Central,34.0483,-118.2631
2024-07-12 19:15:00,"EMBEZZLEMENT, GRAND THEFT ($950.01 & OVER)",Central,34.0316,-118.2641
2024-07-11 16:22:00,"EMBEZZLEMENT, GRAND THEFT ($950.01 & OVER)",Central,34.0388,-118.2677
2024-07-12 00:25:00,BURGLARY FROM VEHICLE,Central,34.0446,-118.2507
2024-07-11 23:40:00,"VANDALISM - FELONY ($400 & OVER, ALL CHURCH VANDALISMS)",Central,34.0408,-118.2644
2024-07-08 01:00:00,VEHICLE - STOLEN,Central,34.0495,-118.2494
2024-07-12 15:22:00,SHOPLIFTING - PETTY THEFT ($950 & UNDER),Central,34.0483,-118.2631
2024-07-12 21:50:00,PICKPOCKET,Central,34.0659,-118.2339
2024-07-12 10:40:00,THEFT PLAIN - PETTY ($950 & UNDER),Central,34.0572,-118.2383
2024-07-12 13:00:00,"THEFT-GRAND ($950.01 & OVER)EXCPT,GUNS,FOWL,LIVESTK,PROD",Central,34.0561,-118.2375
2024-07-12 09:00:00,VANDALISM - MISDEAMEANOR ($399 OR UNDER),Central,34.0615,-118.2412
2024-07-12 20:00:00,PICKPOCKET,Central,34.0659,-118.2339
2024-07-12 17:15:00,VEHICLE - STOLEN,Central,34.0668,-118.2359
2024-07-13 07:30:00,VEHICLE - STOLEN,Central,34.0483,-118.2631
2024-07-13 10:10:00,SHOPLIFTING - PETTY THEFT ($950 & UNDER),Central,34.0483,-118.2631
2024-07-13 07:00:00,TRESPASSING,Central,34.0547,-118.2335
2024-07-13 06:10:00,TRESPASSING,Central,34.0547,-118.2335
2024-07-13 06:20:00,TRESPASSING,Central,34.0547,-118.2335
2024-07-13 08:30:00,TRESPASSING,Central,34.0561,-118.2375
2024-07-13 12:52:00,TRESPASSING,Central,34.0561,-118.2375
2024-07-13 15:05:00,TRESPASSING,Central,34.0488,-118.2518
2024-07-13 22:14:00,VEHICLE - STOLEN,Central,34.0485,-118.2569
2024-07-12 20:36:00,PICKPOCKET,Central,34.0659,-118.2339
2024-07-12 22:31:00,THEFT OF IDENTITY,Central,34.0472,-118.2342
2024-07-13 09:45:00,"VANDALISM - FELONY ($400 & OVER, ALL CHURCH VANDALISMS)",Central,34.0517,-118.2456
2024-07-12 14:25:00,SHOPLIFTING - PETTY THEFT ($950 & UNDER),Central,34.0483,-118.2631
2024-07-10 19:00:00,BURGLARY FROM VEHICLE,Central,34.0446,-118.2367
2024-07-12 20:12:00,PICKPOCKET,Central,34.0659,-118.2339
2024-07-12 21:00:00,PICKPOCKET,Central,34.0659,-118.2339
2024-07-13 13:46:00,"VANDALISM - FELONY ($400 & OVER, ALL CHURCH VANDALISMS)",Central,34.0491,-118.2558
2024-07-13 19:00:00,THEFT FROM MOTOR VEHICLE - GRAND ($950.01 AND OVER),Central,34.0502,-118.2504
2024-07-14 02:55:00,BURGLARY FROM VEHICLE,Central,34.0528,-118.2325
2024-07-13 10:31:00,TRESPASSING,Central,34.0561,-118.2375
2024-07-13 18:00:00,BATTERY - SIMPLE ASSAULT,Central,34.0421,-118.2469
2024-07-13 15:30:00,TRESPASSING,Central,34.0508,-118.2586
2024-07-14 06:30:00,TRESPASSING,Central,34.0561,-118.2375
2024-07-14 01:30:00,VEHICLE - STOLEN,Central,34.0494,-118.2599
2024-07-14 06:55:00,TRESPASSING,Central,34.0561,-118.2375
2024-07-14 00:01:00,VEHICLE - STOLEN,Central,34.0671,-118.2498
2024-07-14 09:05:00,TRESPASSING,Central,34.0561,-118.2375
2024-07-14 10:00:00,TRESPASSING,Central,34.0561,-118.2375
2024-07-14 05:45:00,TRESPASSING,Central,34.0561,-118.2375
2024-07-14 08:50:00,TRESPASSING,Central,34.0561,-118.2375
2024-07-13 00:20:00,VEHICLE - STOLEN,Central,34.0454,-118.2333
2024-07-13 19:00:00,BURGLARY FROM VEHICLE,Central,34.0513,-118.2344
2024-07-13 17:30:00,BURGLARY FROM VEHICLE,Central,34.0362,-118.2325
2024-07-13 19:45:00,PICKPOCKET,Central,34.0659,-118.2339
2024-07-13 21:40:00,PICKPOCKET,Central,34.0659,-118.2339
2024-07-12 16:00:00,THEFT PLAIN - PETTY ($950 & UNDER),Central,34.0502,-118.2539
2024-07-13 20:00:00,"VANDALISM - FELONY ($400 & OVER, ALL CHURCH VANDALISMS)",Central,34.0472,-118.2339
2024-07-12 18:00:00,PICKPOCKET,Central,34.0659,-118.2339
2024-07-13 21:30:00,PICKPOCKET,Central,34.0659,-118.2339
2024-07-05 10:40:00,"THEFT-GRAND ($950.01 & OVER)EXCPT,GUNS,FOWL,LIVESTK,PROD",Central,34.0487,-118.2553
2024-07-13 20:10:00,PICKPOCKET,Central,34.0659,-118.2339
2024-07-13 20:24:00,PICKPOCKET,Central,34.0659,-118.2339
2024-07-10 12:30:00,BURGLARY FROM VEHICLE,Central,34.0452,-118.2569
2024-07-13 16:40:00,"VANDALISM - FELONY ($400 & OVER, ALL CHURCH VANDALISMS)",Central,34.0519,-118.2531
2024-07-14 20:45:00,FAILURE TO YIELD,Central,34.0412,-118.2331
2024-07-14 07:30:00,TRESPASSING,Central,34.0561,-118.2375
2024-07-14 06:45:00,TRESPASSING,Central,34.0561,-118.2375
2024-07-14 14:38:00,TRESPASSING,Central,34.0549,-118.2511
2024-07-14 15:30:00,TRESPASSING,Central,34.0552,-118.2457
2024-07-14 09:15:00,TRESPASSING,Central,34.0561,-118.2375
2024-07-14 14:53:00,TRESPASSING,Central,34.0549,-118.2511
2024-07-14 09:00:00,TRESPASSING,Central,34.0561,-118.2375
2024-07-12 09:00:00,VEHICLE - STOLEN,Central,34.0633,-118.2336
2024-07-14 07:35:00,TRESPASSING,Central,34.0561,-118.2375
2024-07-14 07:05:00,TRESPASSING,Central,34.0561,-118.2375
2024-07-14 05:55:00,TRESPASSING,Central,34.0524,-118.2467
2024-07-14 06:30:00,TRESPASSING,Central,34.0524,-118.2467
2024-07-15 07:25:00,TRESPASSING,Central,34.0635,-118.2357
2024-07-13 19:00:00,VEHICLE - STOLEN,Central,34.0362,-118.2386
2024-07-14 13:00:00,THEFT FROM MOTOR VEHICLE - PETTY ($950 & UNDER),Central,34.0439,-118.2326
2024-07-05 12:00:00,VANDALISM - MISDEAMEANOR ($399 OR UNDER),Central,34.0453,-118.2499
2024-06-15 23:30:00,"VANDALISM - FELONY ($400 & OVER, ALL CHURCH VANDALISMS)",Central,34.0572,-118.2388
2024-07-12 17:25:00,PICKPOCKET,Central,34.0695,-118.2273
2024-07-15 00:30:00,BURGLARY FROM VEHICLE,Central,34.0408,-118.2644
2024-07-11 10:35:00,THEFT PLAIN - PETTY ($950 & UNDER),Central,34.0473,-118.2566
2024-07-12 17:05:00,THEFT PLAIN - PETTY ($950 & UNDER),Central,34.0423,-118.2561
2024-07-13 13:00:00,THEFT PLAIN - PETTY ($950 & UNDER),Central,34.0649,-118.2465
2024-07-12 21:45:00,PICKPOCKET,Central,34.0659,-118.2339
2024-07-13 21:50:00,PICKPOCKET,Central,34.0677,-118.2309
2024-07-15 13:35:00,"VANDALISM - FELONY ($400 & OVER, ALL CHURCH VANDALISMS)",Central,34.0504,-118.2409
2024-07-02 22:25:00,BURGLARY FROM VEHICLE,Central,34.0453,-118.2499
2024-07-14 12:44:00,VEHICLE - STOLEN,Central,34.0572,-118.2388
2024-07-14 18:00:00,BURGLARY FROM VEHICLE,Central,34.0455,-118.2381
2024-07-14 14:45:00,BURGLARY FROM VEHICLE,Central,34.043,-118.2571
2024-07-14 13:40:00,BURGLARY FROM VEHICLE,Central,34.0423,-118.2561
2024-07-10 19:00:00,BURGLARY FROM VEHICLE,Central,34.0531,-118.2478
2024-06-24 19:25:00,"VANDALISM - FELONY ($400 & OVER, ALL CHURCH VANDALISMS)",Central,34.0472,-118.263
2024-07-10 15:15:00,"VANDALISM - FELONY ($400 & OVER, ALL CHURCH VANDALISMS)",Central,34.0401,-118.2504
2024-07-15 06:30:00,TRESPASSING,Central,34.0561,-118.2375
2024-07-15 11:40:00,VEHICLE - STOLEN,Central,34.0305,-118.262
2024-07-15 09:45:00,TRESPASSING,Central,34.0561,-118.2375
2024-07-15 09:10:00,TRESPASSING,Central,34.0561,-118.2375
2024-07-15 09:55:00,TRESPASSING,Central,34.0561,-118.2375
2024-07-15 10:15:00,TRESPASSING,Central,34.0561,-118.2375
2024-07-15 08:20:00,TRESPASSING,Central,34.0561,-118.2375
2024-07-15 06:15:00,TRESPASSING,Central,34.0561,-118.2375
2024-07-15 14:00:00,TRESPASSING,Central,34.0508,-118.2586
2024-07-15 14:44:00,TRESPASSING,Central,34.0508,-118.2586
2024-07-15 11:55:00,SHOPLIFTING - PETTY THEFT ($950 & UNDER),Central,34.0483,-118.2631
2024-06-30 20:50:00,BURGLARY FROM VEHICLE,Central,34.0446,-118.2507
2024-07-15 16:45:00,SHOPLIFTING - PETTY THEFT ($950 & UNDER),Central,34.0483,-118.2631
2024-07-11 19:10:00,BURGLARY FROM VEHICLE,Central,34.0435,-118.2366
2024-07-14 21:30:00,VANDALISM - MISDEAMEANOR ($399 OR UNDER),Central,34.0516,-118.2561
2024-07-09 08:00:00,BIKE - STOLEN,Central,34.0663,-118.2442
2024-06-12 15:00:00,VEHICLE - STOLEN,Central,34.0431,-118.2692
2024-07-14 10:30:00,THEFT FROM MOTOR VEHICLE - GRAND ($950.01 AND OVER),Central,34.0396,-118.259
2024-07-14 22:00:00,BURGLARY FROM VEHICLE,Central,34.0519,-118.2506
2024-04-15 00:01:00,ORAL COPULATION,Central,34.0522,-118.2434
2024-07-15 07:07:00,THEFT PLAIN - PETTY ($950 & UNDER),Central,34.0483,-118.2631
2024-07-15 19:22:00,BURGLARY FROM VEHICLE,Central,34.0455,-118.2381
2024-07-08 17:00:00,THEFT FROM MOTOR VEHICLE - PETTY ($950 & UNDER),Central,34.0459,-118.243
2024-05-01 20:00:00,"THEFT-GRAND ($950.01 & OVER)EXCPT,GUNS,FOWL,LIVESTK,PROD",Central,34.048,-118.2542
2024-06-28 14:47:00,VEHICLE - STOLEN,Central,34.0653,-118.2412
2024-07-13 15:00:00,VEHICLE - STOLEN,Central,34.0454,-118.2422
2024-07-12 12:00:00,VEHICLE - STOLEN,Central,34.0474,-118.2496
2024-07-16 06:40:00,TRESPASSING,Central,34.0561,-118.2375
2024-07-16 07:30:00,TRESPASSING,Central,34.0549,-118.2511
2024-07-16 06:20:00,TRESPASSING,Central,34.0561,-118.2375
2024-07-16 06:55:00,TRESPASSING,Central,34.0561,-118.2375
2024-07-16 09:10:00,TRESPASSING,Central,34.0488,-118.2518
2024-07-16 08:15:00,TRESPASSING,Central,34.0488,-118.2518
2024-07-16 08:25:00,TRESPASSING,Central,34.0488,-118.2518
2024-07-16 09:30:00,TRESPASSING,Central,34.0488,-118.2518
2024-07-16 07:55:00,TRESPASSING,Central,34.0561,-118.2375
2024-07-16 06:10:00,TRESPASSING,Central,34.0561,-118.2375
2024-07-16 07:05:00,TRESPASSING,Central,34.0561,-118.2375
2024-07-16 09:10:00,TRESPASSING,Central,34.0561,-118.2375
2024-07-16 18:50:00,VANDALISM - MISDEAMEANOR ($399 OR UNDER),Central,34.0477,-118.2394
2024-07-02 18:49:00,SHOPLIFTING - PETTY THEFT ($950 & UNDER),Central,34.048,-118.2577
2024-07-15 22:15:00,"THEFT-GRAND ($950.01 & OVER)EXCPT,GUNS,FOWL,LIVESTK,PROD",Central,34.0483,-118.2631
2024-07-16 03:30:00,BURGLARY FROM VEHICLE,Central,34.046,-118.251
2024-07-15 13:00:00,SHOPLIFTING - PETTY THEFT ($950 & UNDER),Central,34.0483,-118.2631
2024-07-13 21:00:00,THEFT FROM MOTOR VEHICLE - GRAND ($950.01 AND OVER),Central,34.0607,-118.2494
2024-07-13 19:45:00,BURGLARY FROM VEHICLE,Central,34.0455,-118.2381
2024-07-04 22:10:00,PICKPOCKET,Central,34.0516,-118.2491
2024-07-14 23:30:00,"VANDALISM - FELONY ($400 & OVER, ALL CHURCH VANDALISMS)",Central,34.0562,-118.2397
2024-07-12 08:08:00,THEFT PLAIN - PETTY ($950 & UNDER),Central,34.0466,-118.2555
2024-07-12 08:00:00,THEFT PLAIN - PETTY ($950 & UNDER),Central,34.0501,-118.2558
2024-07-16 12:20:00,THEFT OF IDENTITY,Central,34.0639,-118.2447
2024-07-16 07:30:00,TRESPASSING,Central,34.0561,-118.2375
2024-07-16 07:10:00,TRESPASSING,Central,34.0561,-118.2375
2024-07-16 05:50:00,TRESPASSING,Central,34.0561,-118.2375
2024-07-16 20:11:00,SHOPLIFTING - PETTY THEFT ($950 & UNDER),Central,34.0483,-118.2631
2024-07-09 19:00:00,VEHICLE - STOLEN,Central,34.0437,-118.2582
2024-07-09 00:01:00,THEFT FROM MOTOR VEHICLE - PETTY ($950 & UNDER),Central,34.0461,-118.2475
2024-07-15 23:30:00,TRESPASSING,Central,34.0497,-118.2381
2024-07-05 13:10:00,BURGLARY FROM VEHICLE,Central,34.0472,-118.2371
2024-07-16 21:00:00,VEHICLE - STOLEN,Central,34.0423,-118.2561
2024-07-16 20:30:00,OTHER MISCELLANEOUS CRIME,Central,34.0423,-118.2453
2024-07-14 20:00:00,VEHICLE - STOLEN,Central,34.0438,-118.2547
2024-07-16 18:45:00,VEHICLE - STOLEN,Central,34.0591,-118.2412
2024-06-10 12:00:00,ROBBERY,Central,34.0408,-118.2428
2024-07-17 07:10:00,TRESPASSING,Central,34.0561,-118.2375
2024-07-17 06:45:00,TRESPASSING,Central,34.0561,-118.2375
2024-07-17 06:00:00,TRESPASSING,Central,34.0635,-118.2357
2024-07-17 06:05:00,TRESPASSING,Central,34.0635,-118.2357
2024-07-17 07:25:00,TRESPASSING,Central,34.0561,-118.2375
2024-07-17 17:45:00,TRESPASSING,Central,34.0549,-118.2511
2024-07-17 07:45:00,BIKE - STOLEN,Central,34.0419,-118.2669
2024-07-14 20:06:00,BURGLARY FROM VEHICLE,Central,34.042,-118.234
2024-06-22 22:00:00,THEFT PLAIN - PETTY ($950 & UNDER),Central,34.0516,-118.2491
2024-07-16 11:51:00,SHOPLIFTING - PETTY THEFT ($950 & UNDER),Central,34.0483,-118.2631
2024-07-17 09:01:00,VEHICLE - STOLEN,Central,34.0409,-118.2609
2024-07-13 09:30:00,"VANDALISM - FELONY ($400 & OVER, ALL CHURCH VANDALISMS)",Central,34.0517,-118.2456
2024-07-17 22:30:00,VEHICLE - STOLEN,Central,34.0458,-118.2614
2024-07-16 22:35:00,VANDALISM - MISDEAMEANOR ($399 OR UNDER),Central,34.0473,-118.2425
2024-07-15 21:00:00,"VANDALISM - FELONY ($400 & OVER, ALL CHURCH VANDALISMS)",Central,34.0419,-118.2669
2024-07-17 18:00:00,BURGLARY FROM VEHICLE,Central,34.0686,-118.2266
2024-07-17 13:30:00,BURGLARY FROM VEHICLE,Central,34.0498,-118.24
2024-07-18 02:00:00,TRESPASSING,Central,34.0508,-118.2586
2024-07-17 14:30:00,TRESPASSING,Central,34.0549,-118.2511
2024-07-18 05:45:00,VEHICLE - STOLEN,Central,34.0669,-118.2458
2024-07-17 15:00:00,VEHICLE - STOLEN,Central,34.0357,-118.2663
2024-07-17 22:00:00,VEHICLE - STOLEN,Central,34.0462,-118.2585
2024-07-14 17:00:00,"THEFT-GRAND ($950.01 & OVER)EXCPT,GUNS,FOWL,LIVESTK,PROD",Central,34.0345,-118.266
2024-07-15 16:30:00,VANDALISM - MISDEAMEANOR ($399 OR UNDER),Central,34.0455,-118.2379
2024-07-17 21:00:00,BURGLARY FROM VEHICLE,Central,34.0534,-118.2483
2024-07-18 00:15:00,TRESPASSING,Central,34.048,-118.2577
2024-07-17 15:05:00,TRESPASSING,Central,34.0488,-118.2518
2024-07-17 14:45:00,TRESPASSING,Central,34.0488,-118.2518
2024-07-17 15:00:00,TRESPASSING,Central,34.0488,-118.2518
2024-07-06 21:00:00,THEFT PLAIN - PETTY ($950 & UNDER),Central,34.0444,-118.2593
2024-07-18 06:20:00,TRESPASSING,Central,34.0635,-118.2357
2024-07-18 04:54:00,VEHICLE - STOLEN,Central,34.0459,-118.2352
2024-01-01 00:01:00,CRM AGNST CHLD (13 OR UNDER) (14-15 & SUSP 10 YRS OLDER),Central,34.0522,-118.2434
2024-07-18 06:30:00,TRESPASSING,Central,34.0508,-118.2586
2024-07-18 10:00:00,TRESPASSING,Central,34.0488,-118.2518
2024-07-18 09:35:00,TRESPASSING,Central,34.0488,-118.2518
2024-07-18 10:10:00,TRESPASSING,Central,34.0488,-118.2518
2024-07-18 08:20:00,TRESPASSING,Central,34.0561,-118.2375
2024-07-18 06:25:00,TRESPASSING,Central,34.0561,-118.2375
2024-07-18 08:50:00,TRESPASSING,Central,34.0561,-118.2375
2024-07-18 07:30:00,TRESPASSING,Central,34.0561,-118.2375
2024-07-18 06:50:00,TRESPASSING,Central,34.0561,-118.2375
2024-07-18 10:20:00,TRESPASSING,Central,34.0488,-118.2518
2024-07-18 10:20:00,TRESPASSING,Central,34.0491,-118.2558
2024-07-18 07:00:00,VEHICLE - STOLEN,Central,34.0425,-118.2493
2024-07-18 19:37:00,FAILURE TO YIELD,Central,34.0561,-118.2415
2024-07-17 06:40:00,VANDALISM - MISDEAMEANOR ($399 OR UNDER),Central,34.0479,-118.2612
2024-07-17 15:00:00,"THEFT-GRAND ($950.01 & OVER)EXCPT,GUNS,FOWL,LIVESTK,PROD",Central,34.0459,-118.2545
2024-07-01 01:00:00,BURGLARY FROM VEHICLE,Central,34.0389,-118.2643
2024-06-02 20:00:00,BURGLARY FROM VEHICLE,Central,34.0401,-118.2669
2024-07-10 12:30:00,BURGLARY FROM VEHICLE,Central,34.0461,-118.2395
2024-07-16 10:35:00,"THEFT-GRAND ($950.01 & OVER)EXCPT,GUNS,FOWL,LIVESTK,PROD",Central,34.0358,-118.2345
2024-07-17 22:20:00,BURGLARY FROM VEHICLE,Central,34.055,-118.2477
2024-07-15 13:00:00,BIKE - STOLEN,Central,34.0383,-118.2305
2024-07-16 12:30:00,"THEFT-GRAND ($950.01 & OVER)EXCPT,GUNS,FOWL,LIVESTK,PROD",Central,34.0408,-118.2644
2024-07-18 10:00:00,THEFT PLAIN - PETTY ($950 & UNDER),Central,34.0606,-118.2439
2024-07-17 18:30:00,THEFT FROM MOTOR VEHICLE - PETTY ($950 & UNDER),Central,34.0396,-118.259
2024-07-17 20:40:00,"THEFT-GRAND ($950.01 & OVER)EXCPT,GUNS,FOWL,LIVESTK,PROD",Central,34.0607,-118.2494
2024-07-18 00:05:00,"THEFT-GRAND ($950.01 & OVER)EXCPT,GUNS,FOWL,LIVESTK,PROD",Central,34.0552,-118.2457
2024-07-18 13:20:00,THEFT PLAIN - PETTY ($950 & UNDER),Central,34.0436,-118.2354
2024-07-16 16:11:00,SHOPLIFTING - PETTY THEFT ($950 & UNDER),Central,34.0483,-118.2631
2024-06-11 20:00:00,THEFT PLAIN - PETTY ($950 & UNDER),Central,34.0585,-118.2403
2024-07-18 17:28:00,THEFT PLAIN - PETTY ($950 & UNDER),Central,34.0406,-118.268
2024-07-11 00:10:00,BURGLARY FROM VEHICLE,Central,34.0461,-118.2395
2024-07-18 16:25:00,TRESPASSING,Central,34.0549,-118.2511
2024-07-17 18:30:00,SHOPLIFTING - PETTY THEFT ($950 & UNDER),Central,34.048,-118.2577
2024-07-18 16:40:00,"ASSAULT WITH DEADLY WEAPON, AGGRAVATED ASSAULT",Central,34.0395,-118.2657
2024-06-29 12:15:00,"BUNCO, GRAND THEFT",Central,34.0569,-118.254
2024-07-19 08:05:00,TRESPASSING,Central,34.0561,-118.2375
2024-07-17 08:00:00,THEFT FROM MOTOR VEHICLE - PETTY ($950 & UNDER),Central,34.0702,-118.2344
2024-07-18 06:15:00,VEHICLE - STOLEN,Central,34.043,-118.2606
2024-07-19 07:05:00,TRESPASSING,Central,34.0561,-118.2375
2024-07-19 07:00:00,TRESPASSING,Central,34.0561,-118.2375
2024-07-12 19:30:00,VEHICLE - STOLEN,Central,34.0657,-118.232
2024-07-18 14:50:00,VEHICLE - STOLEN,Central,34.0475,-118.2657
2024-07-19 08:00:00,TRESPASSING,Central,34.0561,-118.2375
2024-07-19 09:40:00,TRESPASSING,Central,34.0561,-118.2375
2024-07-19 08:20:00,TRESPASSING,Central,34.0561,-118.2375
2024-07-19 08:35:00,TRESPASSING,Central,34.0561,-118.2375
2024-07-19 06:47:00,TRESPASSING,Central,34.0561,-118.2375
2024-07-19 08:25:00,TRESPASSING,Central,34.0561,-118.2375
2024-07-19 06:20:00,TRESPASSING,Central,34.0561,-118.2375
2024-07-19 05:55:00,TRESPASSING,Central,34.0561,-118.2375
2024-07-19 08:50:00,TRESPASSING,Central,34.0561,-118.2375
2024-07-19 06:05:00,TRESPASSING,Central,34.0561,-118.2375
2024-07-19 09:05:00,TRESPASSING,Central,34.0561,-118.2375
2024-07-19 06:45:00,TRESPASSING,Central,34.0561,-118.2375
2024-07-19 09:50:00,TRESPASSING,Central,34.0561,-118.2375
2024-07-18 20:00:00,BURGLARY FROM VEHICLE,Central,34.0446,-118.249
2024-07-19 01:30:00,BURGLARY FROM VEHICLE,Central,34.0495,-118.2528
2024-07-18 14:30:00,THEFT FROM MOTOR VEHICLE - GRAND ($950.01 AND OVER),Central,34.046,-118.2326
2024-07-18 07:20:00,THEFT PLAIN - PETTY ($950 & UNDER),Central,34.0442,-118.2439
2024-07-02 12:00:00,THEFT PLAIN - PETTY ($950 & UNDER),Central,34.0439,-118.2326
2024-07-18 18:58:00,SHOPLIFTING - PETTY THEFT ($950 & UNDER),Central,34.0483,-118.2631
2024-07-19 10:30:00,THEFT PLAIN - PETTY ($950 & UNDER),Central,34.0522,-118.2434
2024-06-24 20:15:00,"VANDALISM - FELONY ($400 & OVER, ALL CHURCH VANDALISMS)",Central,34.0473,-118.2641
2024-07-19 10:10:00,TRESPASSING,Central,34.0561,-118.2375
2024-07-19 22:00:00,VEHICLE - STOLEN,Central,34.051,-118.2497
2024-07-19 15:50:00,SHOPLIFTING - PETTY THEFT ($950 & UNDER),Central,34.0635,-118.2458
2024-07-16 18:00:00,SHOPLIFTING - PETTY THEFT ($950 & UNDER),Central,34.0635,-118.2458
2024-07-19 18:08:00,SHOPLIFTING - PETTY THEFT ($950 & UNDER),Central,34.048,-118.2577
2024-07-20 06:00:00,TRESPASSING,Central,34.0561,-118.2375
2024-07-20 07:30:00,VEHICLE - STOLEN,Central,34.0421,-118.2469
2024-07-18 04:30:00,VEHICLE - STOLEN,Central,34.0493,-118.2417
2024-07-18 19:00:00,VEHICLE - STOLEN,Central,34.0585,-118.2403
2024-07-18 14:15:00,"THEFT-GRAND ($950.01 & OVER)EXCPT,GUNS,FOWL,LIVESTK,PROD",Central,34.0394,-118.2623
2024-07-19 20:00:00,BURGLARY FROM VEHICLE,Central,34.0531,-118.2478
2024-07-20 05:20:00,BURGLARY FROM VEHICLE,Central,34.0423,-118.2561
2024-07-03 17:00:00,THEFT PLAIN - PETTY ($950 & UNDER),Central,34.042,-118.2625
2024-07-20 10:40:00,SHOPLIFTING-GRAND THEFT ($950.01 & OVER),Central,34.0466,-118.252
2024-07-20 14:40:00,THEFT PLAIN - PETTY ($950 & UNDER),Central,34.0408,-118.2428
2024-07-19 11:47:00,THEFT PLAIN - PETTY ($950 & UNDER),Central,34.0453,-118.236
2024-07-20 04:01:00,"THEFT-GRAND ($950.01 & OVER)EXCPT,GUNS,FOWL,LIVESTK,PROD",Central,34.0547,-118.2335
2024-07-20 00:30:00,"THEFT-GRAND ($950.01 & OVER)EXCPT,GUNS,FOWL,LIVESTK,PROD",Central,34.0582,-118.2387
2024-07-10 16:00:00,"VANDALISM - FELONY ($400 & OVER, ALL CHURCH VANDALISMS)",Central,34.0615,-118.247
2024-07-20 10:00:00,TRESPASSING,Central,34.0473,-118.2566
2024-07-20 11:00:00,TRESPASSING,Central,34.0473,-118.2566
2024-07-21 17:00:00,VEHICLE - STOLEN,Central,34.0394,-118.2623
2024-07-20 07:00:00,TRESPASSING,Central,34.0561,-118.2375
2024-07-20 07:30:00,TRESPASSING,Central,34.0561,-118.2375
2024-07-20 06:30:00,TRESPASSING,Central,34.0561,-118.2375
2024-07-19 00:01:00,"THEFT-GRAND ($950.01 & OVER)EXCPT,GUNS,FOWL,LIVESTK,PROD",Central,34.0462,-118.2585
2024-07-20 08:00:00,BURGLARY FROM VEHICLE,Central,34.0473,-118.2566
2024-07-20 21:00:00,BURGLARY FROM VEHICLE,Central,34.044,-118.24
2024-07-18 20:30:00,VEHICLE - STOLEN,Central,34.0446,-118.249
2024-07-20 08:30:00,TRESPASSING,Central,34.0561,-118.2375
2024-07-20 23:30:00,THEFT FROM MOTOR VEHICLE - PETTY ($950 & UNDER),Central,34.0475,-118.2657
2024-07-20 22:00:00,THEFT FROM MOTOR VEHICLE - PETTY ($950 & UNDER),Central,34.0347,-118.2646
2024-06-23 16:00:00,THEFT FROM MOTOR VEHICLE - PETTY ($950 & UNDER),Central,34.0495,-118.2459
2024-07-20 18:15:00,VEHICLE - STOLEN,Central,34.0333,-118.2657
2024-07-21 15:30:00,VEHICLE - STOLEN,Central,34.0509,-118.2515
2024-07-20 17:00:00,BURGLARY FROM VEHICLE,Central,34.0453,-118.236
2024-07-21 00:40:00,BURGLARY FROM VEHICLE,Central,34.0473,-118.2462
2024-07-18 14:40:00,THEFT PLAIN - PETTY ($950 & UNDER),Central,34.0607,-118.2494
2024-07-04 01:30:00,"THEFT-GRAND ($950.01 & OVER)EXCPT,GUNS,FOWL,LIVESTK,PROD",Central,34.0615,-118.2351
2024-07-21 13:20:00,THEFT OF IDENTITY,Central,34.046,-118.251
2024-07-21 06:30:00,TRESPASSING,Central,34.0561,-118.2375
2024-07-21 06:35:00,TRESPASSING,Central,34.0561,-118.2375
2024-07-21 08:40:00,TRESPASSING,Central,34.0508,-118.2586
2024-07-20 16:10:00,SHOPLIFTING - PETTY THEFT ($950 & UNDER),Central,34.048,-118.2577
2024-07-20 06:20:00,TRESPASSING,Central,34.0561,-118.2375
2024-07-20 06:35:00,TRESPASSING,Central,34.0561,-118.2375
2024-07-21 10:30:00,VEHICLE - STOLEN,Central,34.0487,-118.2553
2024-07-21 07:10:00,TRESPASSING,Central,34.0508,-118.2586
2024-07-20 18:30:00,ROBBERY,Central,34.0393,-118.2659
2024-07-18 00:01:00,"LETTERS, LEWD  -  TELEPHONE CALLS, LEWD",Central,34.0607,-118.2494
2024-07-19 14:30:00,"LETTERS, LEWD  -  TELEPHONE CALLS, LEWD",Central,34.0483,-118.2631
2024-07-21 07:20:00,TRESPASSING,Central,34.0508,-118.2586
2024-07-21 14:45:00,VEHICLE - STOLEN,Central,34.0401,-118.2669
2024-07-21 06:45:00,TRESPASSING,Central,34.0561,-118.2375
2024-07-18 15:00:00,VEHICLE - STOLEN,Central,34.0473,-118.2601
2024-07-22 06:35:00,TRESPASSING,Central,34.0561,-118.2375
2024-07-22 06:30:00,TRESPASSING,Central,34.0561,-118.2375
2024-07-22 08:00:00,TRESPASSING,Central,34.0508,-118.2586
2024-07-22 07:15:00,TRESPASSING,Central,34.0561,-118.2375
2024-07-22 06:20:00,TRESPASSING,Central,34.0561,-118.2375
2024-07-22 07:46:00,TRESPASSING,Central,34.0508,-118.2586
2024-07-08 10:04:00,THEFT PLAIN - PETTY ($950 & UNDER),Central,34.0472,-118.2371
2024-07-17 21:30:00,BURGLARY FROM VEHICLE,Central,34.051,-118.248
2024-07-18 08:00:00,THEFT PLAIN - PETTY ($950 & UNDER),Central,34.0389,-118.2643
2024-07-17 08:00:00,THEFT PLAIN - PETTY ($950 & UNDER),Central,34.0389,-118.2643
2024-06-28 14:22:00,THEFT PLAIN - PETTY ($950 & UNDER),Central,34.064,-118.2375
2024-07-21 17:50:00,VEHICLE - STOLEN,Central,34.0473,-118.2601
2024-07-20 12:10:00,"VANDALISM - FELONY ($400 & OVER, ALL CHURCH VANDALISMS)",Central,34.046,-118.251
2024-07-21 23:00:00,THEFT FROM MOTOR VEHICLE - PETTY ($950 & UNDER),Central,34.0607,-118.2494
2024-07-21 18:00:00,THEFT FROM MOTOR VEHICLE - PETTY ($950 & UNDER),Central,34.0475,-118.2657
2024-07-22 18:36:00,TRESPASSING,Central,34.0559,-118.232
2024-07-22 18:30:00,SHOPLIFTING - PETTY THEFT ($950 & UNDER),Central,34.0493,-118.2417
2024-07-20 12:00:00,PICKPOCKET,Central,34.051,-118.248
2024-07-22 20:26:00,"LETTERS, LEWD  -  TELEPHONE CALLS, LEWD",Central,34.0471,-118.2491
2024-07-22 17:50:00,TRESPASSING,Central,34.0466,-118.2555
2024-07-19 01:35:00,BATTERY - SIMPLE ASSAULT,Central,34.0561,-118.2375
2024-07-22 23:45:00,TRESPASSING,Central,34.0549,-118.2511
2024-07-19 00:01:00,PICKPOCKET,Central,34.0516,-118.2491
2024-07-22 16:54:00,SHOPLIFTING - PETTY THEFT ($950 & UNDER),Central,34.0483,-118.2631
2024-07-22 21:55:00,TRESPASSING,Central,34.049,-118.2381
2024-07-22 07:20:00,TRESPASSING,Central,34.0561,-118.2375
2024-07-12 00:01:00,VEHICLE - STOLEN,Central,34.0695,-118.2469
2024-07-22 18:00:00,VEHICLE - STOLEN,Central,34.0452,-118.2569
2024-07-20 14:30:00,THEFT PLAIN - PETTY ($950 & UNDER),Central,34.0409,-118.2574
2024-06-20 08:30:00,"EMBEZZLEMENT, GRAND THEFT ($950.01 & OVER)",Central,34.0479,-118.2612
2024-06-20 20:00:00,BURGLARY FROM VEHICLE,Central,34.0459,-118.2579
2024-07-17 08:30:00,VANDALISM - MISDEAMEANOR ($399 OR UNDER),Central,34.0479,-118.2612
2024-07-15 00:37:00,VEHICLE - STOLEN,Central,34.0559,-118.232
2024-07-22 06:00:00,VEHICLE - STOLEN,Central,34.0506,-118.2371
2024-07-22 19:00:00,VEHICLE - STOLEN,Central,34.0395,-118.2405
2024-06-16 17:30:00,"VEHICLE, STOLEN - OTHER (MOTORIZED SCOOTERS, BIKES, ETC)",Central,34.0525,-118.2432
2024-07-23 10:00:00,VEHICLE - STOLEN,Central,34.0453,-118.2499
2024-06-30 03:45:00,BURGLARY FROM VEHICLE,Central,34.0571,-118.2405
2024-07-20 19:00:00,BURGLARY FROM VEHICLE,Central,34.0498,-118.24
2024-07-11 23:00:00,BURGLARY FROM VEHICLE,Central,34.0316,-118.2641
2024-07-20 21:05:00,"THEFT-GRAND ($950.01 & OVER)EXCPT,GUNS,FOWL,LIVESTK,PROD",Central,34.0408,-118.2644
2024-07-22 08:30:00,THEFT PLAIN - PETTY ($950 & UNDER),Central,34.0606,-118.2439
2024-07-21 16:39:00,SHOPLIFTING - PETTY THEFT ($950 & UNDER),Central,34.0483,-118.2631
2024-07-21 18:00:00,SHOPLIFTING - PETTY THEFT ($950 & UNDER),Central,34.0483,-118.2631
2024-07-20 16:00:00,SHOPLIFTING - PETTY THEFT ($950 & UNDER),Central,34.0483,-118.2631
2024-06-21 14:00:00,"VANDALISM - FELONY ($400 & OVER, ALL CHURCH VANDALISMS)",Central,34.0516,-118.2561
2024-07-22 13:26:00,"VANDALISM - FELONY ($400 & OVER, ALL CHURCH VANDALISMS)",Central,34.0537,-118.2523
2024-07-23 05:40:00,TRESPASSING,Central,34.0635,-118.2357
2024-07-23 08:40:00,TRESPASSING,Central,34.0561,-118.2375
2024-07-23 07:40:00,TRESPASSING,Central,34.0561,-118.2375
2024-07-23 09:10:00,TRESPASSING,Central,34.0561,-118.2375
2024-07-23 06:00:00,TRESPASSING,Central,34.0561,-118.2375
2024-07-23 06:45:00,TRESPASSING,Central,34.0561,-118.2375
2024-07-23 06:10:00,TRESPASSING,Central,34.0561,-118.2375
2024-07-23 07:20:00,TRESPASSING,Central,34.0561,-118.2375
2024-07-23 07:15:00,TRESPASSING,Central,34.0561,-118.2375
2024-07-23 20:30:00,"VEHICLE, STOLEN - OTHER (MOTORIZED SCOOTERS, BIKES, ETC)",Central,34.0483,-118.2631
2024-07-22 16:30:00,VANDALISM - MISDEAMEANOR ($399 OR UNDER),Central,34.0455,-118.2379
2024-07-23 21:20:00,"VANDALISM - FELONY ($400 & OVER, ALL CHURCH VANDALISMS)",Central,34.0355,-118.2625
2024-07-23 06:15:00,BURGLARY FROM VEHICLE,Central,34.0466,-118.259
2024-07-22 13:20:00,"VANDALISM - FELONY ($400 & OVER, ALL CHURCH VANDALISMS)",Central,34.0537,-118.2523
2024-07-23 05:45:00,THEFT PLAIN - PETTY ($950 & UNDER),Central,34.0478,-118.2484
2024-07-19 13:55:00,THEFT PLAIN - PETTY ($950 & UNDER),Central,34.0615,-118.247
2024-07-23 07:10:00,TRESPASSING,Central,34.0561,-118.2375
2024-07-23 11:40:00,SHOPLIFTING - PETTY THEFT ($950 & UNDER),Central,34.048,-118.2577
2024-07-23 06:30:00,TRESPASSING,Central,34.0561,-118.2375
2024-07-23 14:42:00,TRESPASSING,Central,34.0549,-118.2511
2024-07-23 11:05:00,TRESPASSING,Central,34.0488,-118.2518
2024-07-23 06:20:00,TRESPASSING,Central,34.0561,-118.2375
2024-07-23 06:50:00,TRESPASSING,Central,34.0561,-118.2375
2024-07-23 05:55:00,TRESPASSING,Central,34.0561,-118.2375
2024-07-23 08:35:00,TRESPASSING,Central,34.0561,-118.2375
2024-07-23 14:30:00,TRESPASSING,Central,34.0549,-118.2511
2024-07-23 07:55:00,TRESPASSING,Central,34.0561,-118.2375
2024-07-23 06:39:00,TRESPASSING,Central,34.0492,-118.2391
2024-07-10 21:00:00,THEFT FROM MOTOR VEHICLE - PETTY ($950 & UNDER),Central,34.0589,-118.2323
2024-07-23 08:45:00,TRESPASSING,Central,34.0561,-118.2375
2024-07-24 11:23:00,VEHICLE - STOLEN,Central,34.0627,-118.2463
2024-07-23 08:50:00,TRESPASSING,Central,34.0561,-118.2375
2024-07-21 01:00:00,VEHICLE - STOLEN,Central,34.0396,-118.2672
2024-07-24 06:52:00,TRESPASSING,Central,34.0492,-118.2391
2024-07-24 11:00:00,SHOPLIFTING - PETTY THEFT ($950 & UNDER),Central,34.0483,-118.2631
2024-07-24 06:29:00,TRESPASSING,Central,34.0492,-118.2391
2024-07-24 06:30:00,TRESPASSING,Central,34.0492,-118.2391
2024-07-24 10:10:00,TRESPASSING,Central,34.0561,-118.2375
2024-07-24 09:30:00,TRESPASSING,Central,34.0561,-118.2375
2024-07-24 06:50:00,TRESPASSING,Central,34.0561,-118.2375
2024-07-24 08:50:00,TRESPASSING,Central,34.0561,-118.2375
2024-07-24 06:40:00,TRESPASSING,Central,34.0561,-118.2375
2024-07-24 06:10:00,TRESPASSING,Central,34.0561,-118.2375
2024-07-24 06:30:00,TRESPASSING,Central,34.0561,-118.2375
2024-07-24 09:15:00,TRESPASSING,Central,34.0561,-118.2375
2024-07-23 19:45:00,"VANDALISM - FELONY ($400 & OVER, ALL CHURCH VANDALISMS)",Central,34.0495,-118.2528
2024-07-23 18:30:00,VANDALISM - MISDEAMEANOR ($399 OR UNDER),Central,34.0695,-118.2324
2024-07-23 05:00:00,"VANDALISM - FELONY ($400 & OVER, ALL CHURCH VANDALISMS)",Central,34.0537,-118.2523
2024-07-24 19:00:00,"VANDALISM - FELONY ($400 & OVER, ALL CHURCH VANDALISMS)",Central,34.0355,-118.2625
2024-07-24 13:00:00,BURGLARY FROM VEHICLE,Central,34.0481,-118.2472
2024-07-22 13:55:00,VANDALISM - MISDEAMEANOR ($399 OR UNDER),Central,34.0537,-118.2523
2024-07-24 02:50:00,THEFT PLAIN - PETTY ($950 & UNDER),Central,34.0409,-118.2574
2024-07-23 20:00:00,BURGLARY FROM VEHICLE,Central,34.048,-118.2577
2024-07-24 11:59:00,BURGLARY FROM VEHICLE,Central,34.0504,-118.2409
2024-05-01 11:10:00,THEFT OF IDENTITY,Central,34.046,-118.2493
2024-07-03 03:20:00,THEFT OF IDENTITY,Central,34.0569,-118.254
2024-07-23 17:00:00,BURGLARY FROM VEHICLE,Central,34.0415,-118.262
2024-07-22 19:00:00,"THEFT-GRAND ($950.01 & OVER)EXCPT,GUNS,FOWL,LIVESTK,PROD",Central,34.0435,-118.2471
2024-07-24 12:39:00,SHOPLIFTING - PETTY THEFT ($950 & UNDER),Central,34.0483,-118.2631
2024-07-21 20:00:00,"THEFT-GRAND ($950.01 & OVER)EXCPT,GUNS,FOWL,LIVESTK,PROD",Central,34.0495,-118.2528
2024-07-25 00:35:00,TRESPASSING,Central,34.0492,-118.2391
2024-06-02 23:30:00,BURGLARY FROM VEHICLE,Central,34.0509,-118.2515
2024-07-24 09:10:00,"VANDALISM - FELONY ($400 & OVER, ALL CHURCH VANDALISMS)",Central,34.048,-118.2542
2024-07-18 11:21:00,THEFT OF IDENTITY,Central,34.0421,-118.2469
2024-07-24 23:40:00,TRESPASSING,Central,34.0549,-118.2511
2024-06-11 20:00:00,VEHICLE - STOLEN,Central,34.0474,-118.2496
2024-07-25 01:00:00,VEHICLE - STOLEN,Central,34.0644,-118.2387
2024-07-25 00:10:00,VEHICLE - STOLEN,Central,34.0487,-118.2627
2024-07-24 18:00:00,VEHICLE - STOLEN,Central,34.0419,-118.2669
2024-07-23 13:00:00,VEHICLE - STOLEN,Central,34.0562,-118.2397
2024-07-09 10:00:00,"VANDALISM - FELONY ($400 & OVER, ALL CHURCH VANDALISMS)",Central,34.0382,-118.2356
2024-07-17 17:00:00,"THEFT-GRAND ($950.01 & OVER)EXCPT,GUNS,FOWL,LIVESTK,PROD",Central,34.0345,-118.266
2024-07-25 07:00:00,TRESPASSING,Central,34.0607,-118.2494
2024-07-24 22:00:00,VEHICLE - STOLEN,Central,34.0458,-118.2614
2024-07-08 06:00:00,VEHICLE - STOLEN,Central,34.0439,-118.2326
2024-07-19 10:00:00,VEHICLE - STOLEN,Central,34.0673,-118.2354
2024-07-19 10:00:00,"THEFT-GRAND ($950.01 & OVER)EXCPT,GUNS,FOWL,LIVESTK,PROD",Central,34.0673,-118.2354
2024-07-24 01:50:00,VEHICLE - STOLEN,Central,34.0503,-118.2434
2024-07-25 07:20:00,TRESPASSING,Central,34.0415,-118.2655
2024-07-24 17:00:00,VEHICLE - STOLEN,Central,34.0527,-118.2398
2024-07-25 10:35:00,TRESPASSING,Central,34.0561,-118.2375
2024-07-25 06:30:00,TRESPASSING,Central,34.0561,-118.2375
2024-07-25 11:53:00,TRESPASSING,Central,34.0639,-118.2447
2024-07-24 19:15:00,BURGLARY FROM VEHICLE,Central,34.0401,-118.2329
2024-07-23 19:45:00,"VANDALISM - FELONY ($400 & OVER, ALL CHURCH VANDALISMS)",Central,34.0502,-118.2539
2024-07-23 08:00:00,THEFT PLAIN - PETTY ($950 & UNDER),Central,34.0459,-118.2352
2024-07-24 01:50:00,"THEFT-GRAND ($950.01 & OVER)EXCPT,GUNS,FOWL,LIVESTK,PROD",Central,34.0409,-118.2574
2024-07-08 20:00:00,SHOPLIFTING - PETTY THEFT ($950 & UNDER),Central,34.0483,-118.2631
2024-07-23 20:00:00,SHOPLIFTING-GRAND THEFT ($950.01 & OVER),Central,34.0483,-118.2631
2024-07-17 15:15:00,PICKPOCKET,Central,34.0543,-118.2466
2024-07-25 00:01:00,"THEFT-GRAND ($950.01 & OVER)EXCPT,GUNS,FOWL,LIVESTK,PROD",Central,34.0438,-118.2547
2024-07-25 20:45:00,"VANDALISM - FELONY ($400 & OVER, ALL CHURCH VANDALISMS)",Central,34.0685,-118.246
2024-07-25 16:36:00,TRESPASSING,Central,34.0488,-118.2518
2024-07-25 23:00:00,ROBBERY,Central,34.0449,-118.2528
2024-07-25 06:45:00,TRESPASSING,Central,34.0561,-118.2375
2024-07-25 10:05:00,TRESPASSING,Central,34.0561,-118.2375
2024-07-25 09:00:00,TRESPASSING,Central,34.0561,-118.2375
2024-07-25 10:15:00,TRESPASSING,Central,34.0561,-118.2375
2024-07-25 10:30:00,TRESPASSING,Central,34.0561,-118.2375
2024-07-25 11:48:00,SHOPLIFTING - PETTY THEFT ($950 & UNDER),Central,34.0483,-118.2631
2024-07-25 10:00:00,TRESPASSING,Central,34.0561,-118.2375
2024-07-25 09:20:00,TRESPASSING,Central,34.0561,-118.2375
2024-07-25 09:45:00,TRESPASSING,Central,34.0561,-118.2375
2024-07-26 05:00:00,VEHICLE - STOLEN,Central,34.0413,-118.2517
2024-07-16 17:00:00,VEHICLE - STOLEN,Central,34.0585,-118.2403
2024-07-25 23:00:00,VEHICLE - STOLEN,Central,34.0423,-118.2561
2024-07-26 14:00:00,VEHICLE - STOLEN,Central,34.0347,-118.2602
2024-07-25 07:15:00,TRESPASSING,Central,34.0561,-118.2375
2024-07-26 06:30:00,TRESPASSING,Central,34.0635,-118.2357
2024-07-26 06:25:00,TRESPASSING,Central,34.0561,-118.2375
2024-07-26 06:45:00,TRESPASSING,Central,34.0561,-118.2375
2024-07-26 07:00:00,TRESPASSING,Central,34.0561,-118.2375
2024-07-26 09:15:00,TRESPASSING,Central,34.0561,-118.2375
2024-07-26 09:25:00,TRESPASSING,Central,34.0561,-118.2375
2024-07-26 10:10:00,TRESPASSING,Central,34.0561,-118.2375
2024-04-26 09:45:00,TRESPASSING,Central,34.0561,-118.2375
2024-07-26 10:30:00,TRESPASSING,Central,34.0561,-118.2375
2024-07-26 09:10:00,TRESPASSING,Central,34.0561,-118.2375
2024-07-26 09:05:00,TRESPASSING,Central,34.0561,-118.2375
2024-07-26 08:45:00,TRESPASSING,Central,34.0561,-118.2375
2024-07-26 20:02:00,ROBBERY,Central,34.043,-118.2606
2024-07-26 05:20:00,BURGLARY FROM VEHICLE,Central,34.0431,-118.2692
2024-07-25 17:13:00,SHOPLIFTING - PETTY THEFT ($950 & UNDER),Central,34.0496,-118.2603
2024-07-25 11:25:00,THEFT PLAIN - PETTY ($950 & UNDER),Central,34.0474,-118.2496
2024-07-26 04:11:00,"VANDALISM - FELONY ($400 & OVER, ALL CHURCH VANDALISMS)",Central,34.0477,-118.2394
2024-07-16 05:10:00,THEFT PLAIN - PETTY ($950 & UNDER),Central,34.0409,-118.2574
2024-07-25 04:20:00,THEFT FROM MOTOR VEHICLE - GRAND ($950.01 AND OVER),Central,34.0736,-118.2312
2024-07-14 03:00:00,BIKE - STOLEN,Central,34.055,-118.2398
2024-07-25 17:00:00,BURGLARY FROM VEHICLE,Central,34.0615,-118.247
2024-07-25 23:20:00,BURGLARY FROM VEHICLE,Central,34.0524,-118.2467
2024-07-26 11:30:00,"THEFT-GRAND ($950.01 & OVER)EXCPT,GUNS,FOWL,LIVESTK,PROD",Central,34.0388,-118.2717
2024-07-26 06:05:00,TRESPASSING,Central,34.0561,-118.2375
2024-07-26 10:24:00,TRESPASSING,Central,34.0561,-118.2375
2024-07-14 08:54:00,THEFT PLAIN - PETTY ($950 & UNDER),Central,34.0502,-118.2336
2024-07-27 00:01:00,VEHICLE - STOLEN,Central,34.0395,-118.2657
2024-07-26 14:15:00,SHOPLIFTING - PETTY THEFT ($950 & UNDER),Central,34.0483,-118.2631
2024-07-26 07:20:00,TRESPASSING,Central,34.0561,-118.2375
2024-07-27 09:30:00,TRESPASSING,Central,34.0549,-118.2511
2024-07-27 06:15:00,TRESPASSING,Central,34.0561,-118.2375
2024-07-27 06:55:00,TRESPASSING,Central,34.0561,-118.2375
2024-07-27 07:10:00,TRESPASSING,Central,34.0561,-118.2375
2024-07-27 07:15:00,TRESPASSING,Central,34.0561,-118.2375
2024-07-27 06:30:00,TRESPASSING,Central,34.0561,-118.2375
2024-07-26 15:20:00,BATTERY - SIMPLE ASSAULT,Central,34.043,-118.2606
2024-07-27 06:00:00,TRESPASSING,Central,34.0561,-118.2375
2024-07-27 06:40:00,TRESPASSING,Central,34.0561,-118.2375
2024-07-27 08:50:00,TRESPASSING,Central,34.0561,-118.2375
2024-07-26 06:40:00,TRESPASSING,Central,34.0561,-118.2375
2024-07-26 09:30:00,TRESPASSING,Central,34.0561,-118.2375
2024-07-27 17:00:00,SHOPLIFTING - PETTY THEFT ($950 & UNDER),Central,34.0483,-118.2631
2024-07-24 19:48:00,BURGLARY FROM VEHICLE,Central,34.0504,-118.2409
2024-07-28 11:50:00,VEHICLE - STOLEN,Central,34.0325,-118.2675
2024-07-26 01:45:00,THEFT PLAIN - PETTY ($950 & UNDER),Central,34.046,-118.251
2024-07-26 19:00:00,"VANDALISM - FELONY ($400 & OVER, ALL CHURCH VANDALISMS)",Central,34.0539,-118.2487
2024-07-26 17:33:00,SHOPLIFTING - PETTY THEFT ($950 & UNDER),Central,34.0483,-118.2631
2024-07-06 13:30:00,PICKPOCKET,Central,34.0431,-118.2692
2024-07-26 12:18:00,SHOPLIFTING - PETTY THEFT ($950 & UNDER),Central,34.0496,-118.2603
2024-07-15 09:00:00,"THEFT-GRAND ($950.01 & OVER)EXCPT,GUNS,FOWL,LIVESTK,PROD",Central,34.0396,-118.259
2024-07-26 16:55:00,THEFT PLAIN - PETTY ($950 & UNDER),Central,34.0663,-118.2442
2024-07-16 20:30:00,BURGLARY FROM VEHICLE,Central,34.0459,-118.2579
2024-07-26 21:00:00,THEFT FROM MOTOR VEHICLE - GRAND ($950.01 AND OVER),Central,34.0645,-118.2432
2024-07-26 18:30:00,BURGLARY FROM VEHICLE,Central,34.0369,-118.2583
2024-07-27 21:00:00,BURGLARY FROM VEHICLE,Central,34.0454,-118.2333
2024-07-27 18:30:00,SHOPLIFTING - PETTY THEFT ($950 & UNDER),Central,34.0483,-118.2631
2024-07-26 07:00:00,"THEFT-GRAND ($950.01 & OVER)EXCPT,GUNS,FOWL,LIVESTK,PROD",Central,34.0431,-118.2692
2024-07-27 19:13:00,SHOPLIFTING - PETTY THEFT ($950 & UNDER),Central,34.0483,-118.2631
2024-07-28 12:45:00,OTHER MISCELLANEOUS CRIME,Central,34.0431,-118.2692
2024-07-28 10:00:00,BURGLARY FROM VEHICLE,Central,34.048,-118.2577
2024-07-28 06:50:00,TRESPASSING,Central,34.0561,-118.2375
2024-07-28 11:25:00,TRESPASSING,Central,34.0488,-118.2518
2024-07-28 08:45:00,TRESPASSING,Central,34.0488,-118.2518
2024-07-28 05:50:00,TRESPASSING,Central,34.0635,-118.2357
2024-07-28 11:35:00,TRESPASSING,Central,34.0561,-118.2375
2024-07-28 06:20:00,TRESPASSING,Central,34.0561,-118.2375
2024-07-28 06:15:00,TRESPASSING,Central,34.0561,-118.2375
2024-07-26 20:00:00,VEHICLE - STOLEN,Central,34.0401,-118.2357
2024-07-28 07:15:00,TRESPASSING,Central,34.0561,-118.2375
2024-07-28 11:06:00,TRESPASSING,Central,34.057,-118.2384
2024-07-28 07:00:00,TRESPASSING,Central,34.0561,-118.2375
2024-07-28 06:53:00,TRESPASSING,Central,34.0561,-118.2375
2024-07-28 08:44:00,TRESPASSING,Central,34.0561,-118.2375
2024-07-28 10:55:00,TRESPASSING,Central,34.0561,-118.2375
2024-07-28 07:43:00,BURGLARY FROM VEHICLE,Central,34.0474,-118.2496
2024-07-28 14:25:00,SHOPLIFTING - PETTY THEFT ($950 & UNDER),Central,34.0483,-118.2631
2024-07-27 16:15:00,SHOPLIFTING - PETTY THEFT ($950 & UNDER),Central,34.0483,-118.2631
2024-07-28 06:00:00,TRESPASSING,Central,34.0561,-118.2375
2024-07-28 02:00:00,"VANDALISM - FELONY ($400 & OVER, ALL CHURCH VANDALISMS)",Central,34.0615,-118.247
2024-07-27 20:40:00,BURGLARY FROM VEHICLE,Central,34.0453,-118.236
2024-07-27 18:40:00,BURGLARY FROM VEHICLE,Central,34.0504,-118.2409
2024-07-28 00:15:00,PICKPOCKET,Central,34.046,-118.251
2024-07-21 12:22:00,THEFT PLAIN - PETTY ($950 & UNDER),Central,34.0473,-118.2641
2024-07-27 23:00:00,PICKPOCKET,Central,34.0316,-118.2641
2024-07-28 09:00:00,BURGLARY FROM VEHICLE,Central,34.0382,-118.2417
2024-07-27 09:50:00,TRESPASSING,Central,34.0635,-118.2357
2024-07-28 18:30:00,THEFT FROM MOTOR VEHICLE - PETTY ($950 & UNDER),Central,34.0566,-118.2531
2024-07-29 06:50:00,TRESPASSING,Central,34.0561,-118.2375
2024-07-29 06:20:00,TRESPASSING,Central,34.0561,-118.2375
2024-07-29 07:25:00,TRESPASSING,Central,34.0561,-118.2375
2024-07-29 07:30:00,TRESPASSING,Central,34.0561,-118.2375
2024-07-25 17:29:00,SHOPLIFTING - PETTY THEFT ($950 & UNDER),Central,34.0466,-118.252
2024-07-20 09:45:00,THEFT PLAIN - PETTY ($950 & UNDER),Central,34.042,-118.2625
2024-07-26 12:45:00,"THEFT-GRAND ($950.01 & OVER)EXCPT,GUNS,FOWL,LIVESTK,PROD",Central,34.042,-118.2625
2024-07-29 10:37:00,THEFT PLAIN - PETTY ($950 & UNDER),Central,34.0477,-118.2394
2024-07-14 22:00:00,"VANDALISM - FELONY ($400 & OVER, ALL CHURCH VANDALISMS)",Central,34.071,-118.2302
2024-07-18 20:30:00,VANDALISM - MISDEAMEANOR ($399 OR UNDER),Central,34.0735,-118.23
2024-07-27 18:00:00,VEHICLE - STOLEN,Central,34.0421,-118.2469
2024-07-29 12:40:00,OTHER MISCELLANEOUS CRIME,Central,34.0657,-118.232
2024-07-29 16:06:00,VEHICLE - STOLEN,Central,34.0445,-118.2558
2024-07-29 13:30:00,SHOPLIFTING - PETTY THEFT ($950 & UNDER),Central,34.048,-118.2577
2024-07-29 07:15:00,TRESPASSING,Central,34.0561,-118.2375
2024-07-29 07:05:00,TRESPASSING,Central,34.0561,-118.2375
2024-07-29 07:20:00,TRESPASSING,Central,34.0561,-118.2375
2024-07-29 14:45:00,TRESPASSING,Central,34.0549,-118.2511
2024-07-29 19:15:00,TRESPASSING,Central,34.0549,-118.2511
2024-07-29 12:00:00,"VANDALISM - FELONY ($400 & OVER, ALL CHURCH VANDALISMS)",Central,34.0423,-118.2561
2024-07-28 14:20:00,PICKPOCKET,Central,34.0619,-118.2369
2024-04-12 09:00:00,THEFT OF IDENTITY,Central,34.0446,-118.245
2024-07-24 23:00:00,THEFT PLAIN - PETTY ($950 & UNDER),Central,34.0473,-118.2566
2024-07-29 18:00:00,"VANDALISM - FELONY ($400 & OVER, ALL CHURCH VANDALISMS)",Central,34.0423,-118.2561
2024-07-19 20:00:00,BURGLARY FROM VEHICLE,Central,34.0495,-118.2459
2024-07-29 20:00:00,BIKE - STOLEN,Central,34.0479,-118.2612
2024-07-27 11:55:00,THEFT PLAIN - PETTY ($950 & UNDER),Central,34.0502,-118.2539
2024-07-26 12:30:00,THEFT PLAIN - PETTY ($950 & UNDER),Central,34.0522,-118.2434
2024-05-19 06:00:00,"LETTERS, LEWD  -  TELEPHONE CALLS, LEWD",Central,34.042,-118.2625
2024-07-29 21:00:00,BURGLARY FROM VEHICLE,Central,34.0461,-118.2395
2024-07-21 23:00:00,"VANDALISM - FELONY ($400 & OVER, ALL CHURCH VANDALISMS)",Central,34.0473,-118.2425
2024-07-29 09:10:00,THEFT PLAIN - PETTY ($950 & UNDER),Central,34.0561,-118.2375
2024-07-29 21:00:00,THEFT FROM MOTOR VEHICLE - PETTY ($950 & UNDER),Central,34.0594,-118.2368
2024-07-26 15:00:00,THEFT PLAIN - PETTY ($950 & UNDER),Central,34.048,-118.2577
2024-07-29 20:30:00,VANDALISM - MISDEAMEANOR ($399 OR UNDER),Central,34.0626,-118.2445
2024-07-23 08:00:00,THEFT PLAIN - PETTY ($950 & UNDER),Central,34.0409,-118.2574
2024-07-22 07:39:00,BURGLARY FROM VEHICLE,Central,34.0477,-118.2467
2024-07-29 22:30:00,BURGLARY FROM VEHICLE,Central,34.0462,-118.2585
2024-07-29 00:01:00,VEHICLE - STOLEN,Central,34.0607,-118.2494
2024-07-26 18:30:00,BURGLARY FROM VEHICLE,Central,34.0635,-118.2357
2024-06-28 02:15:00,"VANDALISM - FELONY ($400 & OVER, ALL CHURCH VANDALISMS)",Central,34.0423,-118.2561
2024-07-26 21:08:00,PICKPOCKET,Central,34.0417,-118.2584
2024-07-09 14:18:00,VEHICLE - STOLEN,Central,34.0479,-118.2612
2024-07-29 15:00:00,THEFT FROM MOTOR VEHICLE - GRAND ($950.01 AND OVER),Central,34.049,-118.2592
2024-07-30 06:30:00,TRESPASSING,Central,34.0561,-118.2375
2024-07-30 06:40:00,TRESPASSING,Central,34.0561,-118.2375
2024-07-30 07:00:00,TRESPASSING,Central,34.0561,-118.2375
2024-07-30 08:00:00,TRESPASSING,Central,34.0561,-118.2375
2024-07-30 07:05:00,TRESPASSING,Central,34.0561,-118.2375
2024-07-30 07:50:00,TRESPASSING,Central,34.0561,-118.2375
2024-07-30 07:30:00,TRESPASSING,Central,34.0561,-118.2375
2024-07-30 07:40:00,TRESPASSING,Central,34.0561,-118.2375
2024-07-29 18:58:00,SHOPLIFTING - PETTY THEFT ($950 & UNDER),Central,34.048,-118.2577
2024-07-30 08:10:00,TRESPASSING,Central,34.0561,-118.2375
2024-07-30 13:28:00,SHOPLIFTING - PETTY THEFT ($950 & UNDER),Central,34.0483,-118.2631
2024-07-27 08:05:00,TRESPASSING,Central,34.0561,-118.2375
2024-07-29 20:00:00,VEHICLE - STOLEN,Central,34.0483,-118.2443
2024-07-30 14:00:00,VEHICLE - STOLEN,Central,34.0458,-118.2614
2024-07-23 15:00:00,THEFT FROM MOTOR VEHICLE - PETTY ($950 & UNDER),Central,34.0446,-118.245
2024-07-30 13:25:00,"THEFT-GRAND ($950.01 & OVER)EXCPT,GUNS,FOWL,LIVESTK,PROD",Central,34.0423,-118.263
2024-07-30 18:00:00,BURGLARY FROM VEHICLE,Central,34.0382,-118.2356
2024-07-23 10:54:00,THEFT PLAIN - PETTY ($950 & UNDER),Central,34.0423,-118.2561
2024-07-30 14:40:00,THEFT PLAIN - PETTY ($950 & UNDER),Central,34.0442,-118.2439
2024-07-21 21:05:00,VANDALISM - MISDEAMEANOR ($399 OR UNDER),Central,34.0626,-118.2445
2024-07-30 21:00:00,THEFT FROM MOTOR VEHICLE - PETTY ($950 & UNDER),Central,34.0419,-118.2669
2024-01-28 17:30:00,VEHICLE - STOLEN,Central,34.0423,-118.263
2024-07-31 07:27:00,TRESPASSING,Central,34.0561,-118.2375
2024-07-31 15:50:00,TRESPASSING,Central,34.0549,-118.2511
2024-07-31 08:00:00,TRESPASSING,Central,34.0488,-118.2518
2024-07-31 07:15:00,TRESPASSING,Central,34.0561,-118.2375
2024-07-31 08:15:00,TRESPASSING,Central,34.0488,-118.2518
2024-07-31 09:00:00,TRESPASSING,Central,34.0488,-118.2518
2024-07-25 17:00:00,"THEFT-GRAND ($950.01 & OVER)EXCPT,GUNS,FOWL,LIVESTK,PROD",Central,34.0431,-118.2692
2024-07-28 00:15:00,"VANDALISM - FELONY ($400 & OVER, ALL CHURCH VANDALISMS)",Central,34.0408,-118.2644
2024-07-28 16:25:00,BURGLARY FROM VEHICLE,Central,34.0381,-118.263
2024-07-31 05:02:00,VANDALISM - MISDEAMEANOR ($399 OR UNDER),Central,34.0355,-118.2625
2024-07-12 20:00:00,BURGLARY FROM VEHICLE,Central,34.0409,-118.2574
2024-07-30 20:00:00,THEFT PLAIN - PETTY ($950 & UNDER),Central,34.0601,-118.2386
2024-07-29 20:15:00,SHOPLIFTING - PETTY THEFT ($950 & UNDER),Central,34.0483,-118.2631
2024-07-16 17:00:00,"VANDALISM - FELONY ($400 & OVER, ALL CHURCH VANDALISMS)",Central,34.0453,-118.2499
2024-07-29 19:30:00,THEFT PLAIN - PETTY ($950 & UNDER),Central,34.0502,-118.2539
2024-07-31 22:00:00,"THEFT-GRAND ($950.01 & OVER)EXCPT,GUNS,FOWL,LIVESTK,PROD",Central,34.0508,-118.2586
2024-07-31 19:30:00,BURGLARY FROM VEHICLE,Central,34.0423,-118.2561
2024-07-31 21:00:00,BURGLARY FROM VEHICLE,Central,34.0383,-118.2305
2024-07-31 08:30:00,TRESPASSING,Central,34.0561,-118.2375
2024-07-31 08:55:00,TRESPASSING,Central,34.0488,-118.2518
2024-07-31 15:50:00,SHOPLIFTING - PETTY THEFT ($950 & UNDER),Central,34.048,-118.2577
2024-07-29 13:31:00,"LETTERS, LEWD  -  TELEPHONE CALLS, LEWD",Central,34.0347,-118.2602
2024-08-01 04:15:00,ROBBERY,Central,34.0437,-118.2547
2024-07-21 19:00:00,VEHICLE - STOLEN,Central,34.0359,-118.2359
2024-07-30 20:00:00,THEFT FROM MOTOR VEHICLE - PETTY ($950 & UNDER),Central,34.0419,-118.2669
2024-08-01 08:35:00,TRESPASSING,Central,34.0488,-118.2518
2024-07-31 01:40:00,"VANDALISM - FELONY ($400 & OVER, ALL CHURCH VANDALISMS)",Central,34.0437,-118.2547
2024-07-31 20:15:00,BURGLARY FROM VEHICLE,Central,34.0383,-118.2305
2024-07-26 15:00:00,THEFT FROM MOTOR VEHICLE - GRAND ($950.01 AND OVER),Central,34.0437,-118.2652
2024-08-01 08:00:00,TRESPASSING,Central,34.0561,-118.2375
2024-08-01 10:00:00,TRESPASSING,Central,34.0561,-118.2375
2024-08-01 07:15:00,TRESPASSING,Central,34.0561,-118.2375
2024-08-01 07:45:00,TRESPASSING,Central,34.0561,-118.2375
2024-08-01 06:10:00,TRESPASSING,Central,34.0561,-118.2375
2024-08-01 05:55:00,TRESPASSING,Central,34.0561,-118.2375
2024-08-01 06:00:00,TRESPASSING,Central,34.0635,-118.2357
2024-08-01 07:00:00,TRESPASSING,Central,34.0488,-118.2518
2024-08-01 09:20:00,TRESPASSING,Central,34.0488,-118.2518
2024-08-01 07:30:00,TRESPASSING,Central,34.0488,-118.2518
2024-08-01 10:20:00,SHOPLIFTING - PETTY THEFT ($950 & UNDER),Central,34.048,-118.2577
2024-08-01 09:00:00,TRESPASSING,Central,34.0561,-118.2375
2024-08-01 07:00:00,TRESPASSING,Central,34.0561,-118.2375
2024-08-01 09:50:00,TRESPASSING,Central,34.0561,-118.2375
2024-08-01 05:50:00,TRESPASSING,Central,34.0561,-118.2375
2024-08-01 06:30:00,TRESPASSING,Central,34.0561,-118.2375
2024-08-01 15:45:00,TRESPASSING,Central,34.0549,-118.2511
2024-08-01 09:15:00,VEHICLE - STOLEN,Central,34.0582,-118.2387
2024-08-01 14:45:00,TRESPASSING,Central,34.0549,-118.2511
2024-07-18 14:00:00,THEFT PLAIN - PETTY ($950 & UNDER),Central,34.0502,-118.2539
2024-08-01 13:00:00,BURGLARY FROM VEHICLE,Central,34.0536,-118.2455
2024-08-01 07:01:00,BURGLARY FROM VEHICLE,Central,34.0475,-118.2657
2024-08-01 13:00:00,BURGLARY FROM VEHICLE,Central,34.0481,-118.2472
2024-07-25 04:30:00,THEFT FROM MOTOR VEHICLE - GRAND ($950.01 AND OVER),Central,34.071,-118.2302
2024-08-01 00:01:00,PICKPOCKET,Central,34.0516,-118.2491
2024-08-01 17:15:00,OTHER MISCELLANEOUS CRIME,Central,34.0372,-118.2551
2024-08-01 14:15:00,TRESPASSING,Central,34.0415,-118.2655
2024-07-31 21:50:00,BURGLARY FROM VEHICLE,Central,34.0419,-118.2669
2024-07-31 14:15:00,BURGLARY FROM VEHICLE,Central,34.0467,-118.252
2024-07-26 15:00:00,VEHICLE - STOLEN,Central,34.0419,-118.2669
2024-08-02 06:00:00,TRESPASSING,Central,34.0561,-118.2375
2024-08-02 05:55:00,TRESPASSING,Central,34.0561,-118.2375
2024-08-02 06:05:00,TRESPASSING,Central,34.0561,-118.2375
2024-08-02 07:28:00,TRESPASSING,Central,34.0488,-118.2518
2024-08-02 07:45:00,TRESPASSING,Central,34.0488,-118.2518
2024-08-02 07:10:00,TRESPASSING,Central,34.0488,-118.2518
2024-08-02 09:00:00,TRESPASSING,Central,34.0488,-118.2518
2024-07-31 14:30:00,VEHICLE - STOLEN,Central,34.0525,-118.2432
2024-08-02 13:00:00,THEFT PLAIN - PETTY ($950 & UNDER),Central,34.0446,-118.249
2024-08-01 19:10:00,THEFT PLAIN - PETTY ($950 & UNDER),Central,34.0442,-118.2439
2024-08-01 19:00:00,BURGLARY FROM VEHICLE,Central,34.0543,-118.2535
2024-07-26 21:30:00,BURGLARY FROM VEHICLE,Central,34.0423,-118.2595
2024-08-01 22:00:00,"VANDALISM - FELONY ($400 & OVER, ALL CHURCH VANDALISMS)",Central,34.043,-118.2571
2024-08-01 23:10:00,BURGLARY FROM VEHICLE,Central,34.0504,-118.2409
2024-07-26 09:20:00,BURGLARY FROM VEHICLE,Central,34.0425,-118.2493
2024-07-29 11:55:00,BURGLARY FROM VEHICLE,Central,34.0504,-118.2409
2024-07-30 18:00:00,BURGLARY FROM VEHICLE,Central,34.0511,-118.2334
2024-08-02 11:10:00,"LETTERS, LEWD  -  TELEPHONE CALLS, LEWD",Central,34.0474,-118.2496
2024-08-02 00:30:00,BURGLARY FROM VEHICLE,Central,34.0653,-118.2492
2024-08-02 12:00:00,VEHICLE - STOLEN,Central,34.0324,-118.2605
2024-07-31 20:00:00,SHOPLIFTING - PETTY THEFT ($950 & UNDER),Central,34.0483,-118.2631
2024-08-02 17:25:00,"THEFT-GRAND ($950.01 & OVER)EXCPT,GUNS,FOWL,LIVESTK,PROD",Central,34.0545,-118.2499
2024-08-02 13:00:00,SHOPLIFTING - PETTY THEFT ($950 & UNDER),Central,34.0483,-118.2631
2024-08-02 18:10:00,BURGLARY FROM VEHICLE,Central,34.0511,-118.2334
2024-08-03 08:00:00,TRESPASSING,Central,34.0561,-118.2375
2024-08-03 08:28:00,TRESPASSING,Central,34.0561,-118.2375
2024-08-02 17:00:00,VEHICLE - STOLEN,Central,34.048,-118.2577
2024-08-03 06:30:00,TRESPASSING,Central,34.0561,-118.2375
2024-08-03 06:00:00,TRESPASSING,Central,34.0561,-118.2375
2024-08-03 08:30:00,TRESPASSING,Central,34.0561,-118.2375
2024-08-02 22:15:00,VEHICLE - STOLEN,Central,34.0395,-118.2657
2024-08-01 15:20:00,TRESPASSING,Central,34.0488,-118.2518
2024-08-01 15:30:00,TRESPASSING,Central,34.0488,-118.2518
2024-08-01 16:00:00,TRESPASSING,Central,34.0488,-118.2518
2024-08-01 16:45:00,TRESPASSING,Central,34.0488,-118.2518
2024-08-01 15:05:00,TRESPASSING,Central,34.0488,-118.2518
2024-08-03 05:00:00,TRESPASSING,Central,34.0561,-118.2375
2024-08-03 09:45:00,TRESPASSING,Central,34.0561,-118.2375
2024-08-03 11:45:00,TRESPASSING,Central,34.0561,-118.2375
2024-08-03 11:30:00,TRESPASSING,Central,34.0552,-118.2457
2024-08-03 09:25:00,TRESPASSING,Central,34.0561,-118.2375
2024-08-01 15:10:00,TRESPASSING,Central,34.0488,-118.2518
2024-08-02 03:00:00,VEHICLE - STOLEN,Central,34.046,-118.251
2024-08-03 16:00:00,"VEHICLE, STOLEN - OTHER (MOTORIZED SCOOTERS, BIKES, ETC)",Central,34.0503,-118.2434
2024-08-03 17:00:00,VEHICLE - STOLEN,Central,34.0437,-118.2547
2024-08-03 02:47:00,"VANDALISM - FELONY ($400 & OVER, ALL CHURCH VANDALISMS)",Central,34.0576,-118.2517
2024-08-02 12:00:00,PICKPOCKET,Central,34.0496,-118.2603
2024-08-03 01:00:00,PICKPOCKET,Central,34.0516,-118.2491
2024-07-23 16:00:00,BURGLARY FROM VEHICLE,Central,34.0487,-118.2588
2024-07-17 19:15:00,BURGLARY FROM VEHICLE,Central,34.0443,-118.2364
2024-08-02 20:30:00,BURGLARY FROM VEHICLE,Central,34.0488,-118.25
2024-08-03 23:30:00,BURGLARY FROM VEHICLE,Central,34.0669,-118.239
2024-07-19 10:00:00,THEFT PLAIN - PETTY ($950 & UNDER),Central,34.0406,-118.268
2024-08-02 19:00:00,THEFT PLAIN - PETTY ($950 & UNDER),Central,34.0423,-118.2561
2024-08-02 23:00:00,"VANDALISM - FELONY ($400 & OVER, ALL CHURCH VANDALISMS)",Central,34.0461,-118.2674
2024-08-04 10:58:00,TRESPASSING,Central,34.0547,-118.2505
2024-08-04 10:10:00,TRESPASSING,Central,34.0547,-118.2505
2024-08-04 11:50:00,VEHICLE - STOLEN,Central,34.0437,-118.2582
2024-08-04 07:35:00,TRESPASSING,Central,34.0561,-118.2375
2024-08-04 10:55:00,TRESPASSING,Central,34.0561,-118.2375
2024-08-04 08:50:00,TRESPASSING,Central,34.0561,-118.2375
2024-08-04 08:05:00,TRESPASSING,Central,34.0561,-118.2375
2024-08-04 06:30:00,TRESPASSING,Central,34.0561,-118.2375
2024-08-04 07:30:00,TRESPASSING,Central,34.0561,-118.2375
2024-08-04 05:30:00,TRESPASSING,Central,34.0561,-118.2375
2024-08-04 07:20:00,TRESPASSING,Central,34.0561,-118.2375
2024-08-04 07:45:00,TRESPASSING,Central,34.0561,-118.2375
2024-08-04 06:40:00,TRESPASSING,Central,34.0561,-118.2375
2024-08-04 07:30:00,TRESPASSING,Central,34.0549,-118.2511
2024-08-04 09:00:00,TRESPASSING,Central,34.0549,-118.2511
2024-08-04 22:35:00,TRESPASSING,Central,34.0561,-118.2375
2024-08-04 21:55:00,TRESPASSING,Central,34.0561,-118.2375
2024-08-04 09:15:00,TRESPASSING,Central,34.0549,-118.2511
2024-08-04 15:00:00,BURGLARY FROM VEHICLE,Central,34.0446,-118.2507
2024-08-04 19:55:00,BIKE - STOLEN,Central,34.0483,-118.2631
2024-07-06 12:48:00,THEFT OF IDENTITY,Central,34.0498,-118.24
2024-08-03 02:30:00,THEFT PLAIN - PETTY ($950 & UNDER),Central,34.0502,-118.2487
2024-08-03 09:12:00,THEFT OF IDENTITY,Central,34.0493,-118.2417
2024-08-04 03:00:00,"THEFT-GRAND ($950.01 & OVER)EXCPT,GUNS,FOWL,LIVESTK,PROD",Central,34.044,-118.24
2024-07-25 15:00:00,"THEFT-GRAND ($950.01 & OVER)EXCPT,GUNS,FOWL,LIVESTK,PROD",Central,34.0582,-118.2387
2024-08-03 22:25:00,BURGLARY FROM VEHICLE,Central,34.0582,-118.2387
2024-08-03 02:00:00,THEFT FROM MOTOR VEHICLE - GRAND ($950.01 AND OVER),Central,34.0684,-118.2449
2024-08-01 14:59:00,SHOPLIFTING - PETTY THEFT ($950 & UNDER),Central,34.0483,-118.2631
2024-08-02 05:00:00,BURGLARY FROM VEHICLE,Central,34.048,-118.2577
2024-08-02 20:30:00,BIKE - STOLEN,Central,34.0438,-118.2547
2024-08-03 16:20:00,THEFT FROM MOTOR VEHICLE - PETTY ($950 & UNDER),Central,34.0452,-118.2569
2024-08-01 22:00:00,BURGLARY FROM VEHICLE,Central,34.0462,-118.2585
2024-08-04 00:01:00,THEFT FROM MOTOR VEHICLE - GRAND ($950.01 AND OVER),Central,34.0423,-118.2561
2024-08-02 19:15:00,BURGLARY FROM VEHICLE,Central,34.0467,-118.2411
2024-08-02 06:30:00,BIKE - STOLEN,Central,34.0413,-118.2517
2024-08-03 22:30:00,BURGLARY FROM VEHICLE,Central,34.0327,-118.2647
2024-07-26 15:30:00,THEFT PLAIN - PETTY ($950 & UNDER),Central,34.0388,-118.2717
2024-08-02 20:15:00,"VANDALISM - FELONY ($400 & OVER, ALL CHURCH VANDALISMS)",Central,34.0408,-118.2644
2024-08-03 21:20:00,PICKPOCKET,Central,34.0695,-118.2273
2024-03-03 18:00:00,THEFT OF IDENTITY,Central,34.0445,-118.2558
2024-08-03 03:00:00,THEFT PLAIN - PETTY ($950 & UNDER),Central,34.0502,-118.2487
2024-08-03 15:43:00,SHOPLIFTING - PETTY THEFT ($950 & UNDER),Central,34.0437,-118.2547
2024-08-04 22:00:00,VEHICLE - STOLEN,Central,34.0487,-118.2627
2024-08-04 14:15:00,TRESPASSING,Central,34.0415,-118.2655
2024-08-04 03:30:00,VEHICLE - STOLEN,Central,34.0431,-118.2537
2024-08-04 20:45:00,BURGLARY FROM VEHICLE,Central,34.0462,-118.2585
2024-08-02 19:45:00,VEHICLE - STOLEN,Central,34.0702,-118.2344
2024-08-04 20:00:00,VEHICLE - STOLEN,Central,34.0517,-118.2456
2024-08-04 22:05:00,VANDALISM - MISDEAMEANOR ($399 OR UNDER),Central,34.0473,-118.2425
2024-08-02 12:00:00,THEFT FROM MOTOR VEHICLE - PETTY ($950 & UNDER),Central,34.0601,-118.2502
2024-08-04 22:00:00,"VANDALISM - FELONY ($400 & OVER, ALL CHURCH VANDALISMS)",Central,34.0473,-118.2425
2024-08-04 19:30:00,"VANDALISM - FELONY ($400 & OVER, ALL CHURCH VANDALISMS)",Central,34.0459,-118.2579
2024-08-05 00:20:00,VANDALISM - MISDEAMEANOR ($399 OR UNDER),Central,34.0452,-118.2569
2024-08-03 12:00:00,BURGLARY FROM VEHICLE,Central,34.0452,-118.2569
2024-08-05 07:50:00,TRESPASSING,Central,34.0561,-118.2375
2024-08-05 08:20:00,TRESPASSING,Central,34.0561,-118.2375
2024-08-05 07:20:00,TRESPASSING,Central,34.0561,-118.2375
2024-08-03 18:00:00,"THEFT-GRAND ($950.01 & OVER)EXCPT,GUNS,FOWL,LIVESTK,PROD",Central,34.048,-118.2577
2024-08-05 08:50:00,TRESPASSING,Central,34.0561,-118.2375
2024-08-04 14:00:00,VANDALISM - MISDEAMEANOR ($399 OR UNDER),Central,34.0516,-118.2561
2024-08-05 07:30:00,TRESPASSING,Central,34.0561,-118.2375
2024-08-05 06:45:00,TRESPASSING,Central,34.0561,-118.2375
2024-08-05 11:00:00,BURGLARY FROM VEHICLE,Central,34.0446,-118.249
2024-08-04 22:55:00,BURGLARY FROM VEHICLE,Central,34.0461,-118.2475
2024-08-05 07:15:00,TRESPASSING,Central,34.0561,-118.2375
2024-08-05 06:38:00,TRESPASSING,Central,34.0561,-118.2375
2024-08-05 07:00:00,TRESPASSING,Central,34.0561,-118.2375
2024-08-05 07:40:00,VEHICLE - STOLEN,Central,34.0458,-118.2614
2024-08-05 16:20:00,TRESPASSING,Central,34.0561,-118.2375
2024-04-04 16:40:00,THEFT OF IDENTITY,Central,34.0671,-118.2483
2024-08-05 14:10:00,SHOPLIFTING - PETTY THEFT ($950 & UNDER),Central,34.0483,-118.2631
2024-08-05 10:00:00,THEFT PLAIN - PETTY ($950 & UNDER),Central,34.0536,-118.2455
2024-08-03 09:40:00,VEHICLE - STOLEN,Central,34.0389,-118.2643
2024-08-05 16:00:00,VEHICLE - STOLEN,Central,34.0426,-118.2412
2024-07-28 21:23:00,VANDALISM - MISDEAMEANOR ($399 OR UNDER),Central,34.071,-118.2302
2024-08-03 07:30:00,"THEFT-GRAND ($950.01 & OVER)EXCPT,GUNS,FOWL,LIVESTK,PROD",Central,34.0395,-118.2657
2024-07-07 00:01:00,"THEFT-GRAND ($950.01 & OVER)EXCPT,GUNS,FOWL,LIVESTK,PROD",Central,34.0626,-118.2445
2024-08-05 18:10:00,SHOPLIFTING - PETTY THEFT ($950 & UNDER),Central,34.0483,-118.2631
2024-08-05 08:05:00,TRESPASSING,Central,34.0561,-118.2375
2024-08-03 10:00:00,FAILURE TO YIELD,Central,34.0459,-118.243
2024-08-06 10:00:00,TRESPASSING,Central,34.0561,-118.2375
2024-08-04 22:00:00,BURGLARY FROM VEHICLE,Central,34.0452,-118.2569
2024-08-06 09:00:00,BURGLARY FROM VEHICLE,Central,34.048,-118.2577
2024-08-06 09:45:00,TRESPASSING,Central,34.0561,-118.2375
2024-08-05 12:05:00,SHOPLIFTING - PETTY THEFT ($950 & UNDER),Central,34.0483,-118.2631
2024-08-05 11:55:00,BURGLARY FROM VEHICLE,Central,34.0417,-118.2362
2024-08-06 09:20:00,TRESPASSING,Central,34.0561,-118.2375
2024-08-05 18:30:00,"VANDALISM - FELONY ($400 & OVER, ALL CHURCH VANDALISMS)",Central,34.0445,-118.2523
2024-08-06 06:50:00,TRESPASSING,Central,34.0561,-118.2375
2024-08-03 10:45:00,SHOPLIFTING - PETTY THEFT ($950 & UNDER),Central,34.0493,-118.2582
2024-08-06 07:50:00,TRESPASSING,Central,34.0561,-118.2375
2024-08-06 08:00:00,TRESPASSING,Central,34.0561,-118.2375
2024-05-23 14:52:00,"LETTERS, LEWD  -  TELEPHONE CALLS, LEWD",Central,34.0572,-118.2481
2024-08-06 09:00:00,TRESPASSING,Central,34.0559,-118.232
2024-08-06 07:35:00,TRESPASSING,Central,34.0561,-118.2375
2024-08-06 07:45:00,TRESPASSING,Central,34.0561,-118.2375
2024-08-06 15:00:00,SHOPLIFTING - PETTY THEFT ($950 & UNDER),Central,34.0483,-118.2631
2024-08-03 02:00:00,VEHICLE - STOLEN,Central,34.0376,-118.2593
2024-07-25 14:30:00,THEFT PLAIN - PETTY ($950 & UNDER),Central,34.0564,-118.2499
2024-08-06 06:00:00,BURGLARY FROM VEHICLE,Central,34.0438,-118.2397
2024-08-06 19:10:00,SHOPLIFTING - PETTY THEFT ($950 & UNDER),Central,34.048,-118.2577
2024-08-07 00:01:00,VEHICLE - STOLEN,Central,34.0487,-118.2362
2024-08-02 08:00:00,VEHICLE - STOLEN,Central,34.0607,-118.2494
2024-08-07 04:01:00,"VANDALISM - FELONY ($400 & OVER, ALL CHURCH VANDALISMS)",Central,34.0355,-118.2625
2024-07-18 14:02:00,BURGLARY FROM VEHICLE,Central,34.0481,-118.2472
2024-06-18 16:30:00,"THEFT-GRAND ($950.01 & OVER)EXCPT,GUNS,FOWL,LIVESTK,PROD",Central,34.0378,-118.2561
2024-08-04 17:00:00,"THEFT-GRAND ($950.01 & OVER)EXCPT,GUNS,FOWL,LIVESTK,PROD",Central,34.0305,-118.262
2024-08-06 21:30:00,THEFT PLAIN - PETTY ($950 & UNDER),Central,34.0453,-118.2499
2024-08-07 08:45:00,TRESPASSING,Central,34.0549,-118.2511
2024-07-31 11:10:00,THEFT PLAIN - PETTY ($950 & UNDER),Central,34.0504,-118.2409
2024-07-18 14:22:00,THEFT PLAIN - PETTY ($950 & UNDER),Central,34.0493,-118.2417
2024-08-07 09:00:00,VEHICLE - STOLEN,Central,34.0558,-118.2436
2024-08-07 08:40:00,TRESPASSING,Central,34.0561,-118.2375
2024-08-07 09:50:00,TRESPASSING,Central,34.0561,-118.2375
2024-08-07 06:40:00,TRESPASSING,Central,34.0561,-118.2375
2024-08-07 07:20:00,TRESPASSING,Central,34.0561,-118.2375
2024-08-07 08:30:00,TRESPASSING,Central,34.0561,-118.2375
2024-08-06 09:00:00,THEFT FROM MOTOR VEHICLE - PETTY ($950 & UNDER),Central,34.0685,-118.246
2024-08-07 08:00:00,TRESPASSING,Central,34.0561,-118.2375
2024-08-07 10:00:00,TRESPASSING,Central,34.0561,-118.2375
2024-08-07 06:55:00,TRESPASSING,Central,34.0561,-118.2375
2024-08-07 06:50:00,TRESPASSING,Central,34.0561,-118.2375
2024-08-07 07:15:00,TRESPASSING,Central,34.0561,-118.2375
2024-08-07 08:20:00,TRESPASSING,Central,34.0561,-118.2375
2024-07-18 21:00:00,"VEHICLE, STOLEN - OTHER (MOTORIZED SCOOTERS, BIKES, ETC)",Central,34.0401,-118.2669
2024-08-07 09:10:00,TRESPASSING,Central,34.0561,-118.2375
2024-08-07 08:50:00,TRESPASSING,Central,34.0561,-118.2375
2024-08-07 09:00:00,TRESPASSING,Central,34.0561,-118.2375
2024-08-07 08:10:00,TRESPASSING,Central,34.0561,-118.2375
2024-08-07 08:55:00,TRESPASSING,Central,34.0561,-118.2375
2024-08-07 07:50:00,TRESPASSING,Central,34.0561,-118.2375
2024-08-07 07:30:00,TRESPASSING,Central,34.0561,-118.2375
2024-08-04 08:30:00,VEHICLE - STOLEN,Central,34.0395,-118.2527
2024-08-06 21:35:00,"VANDALISM - FELONY ($400 & OVER, ALL CHURCH VANDALISMS)",Central,34.0519,-118.2506
2024-06-28 16:25:00,VANDALISM - MISDEAMEANOR ($399 OR UNDER),Central,34.0606,-118.2439
2024-08-04 13:25:00,"THEFT-GRAND ($950.01 & OVER)EXCPT,GUNS,FOWL,LIVESTK,PROD",Central,34.0436,-118.2354
2024-08-06 09:00:00,"THEFT-GRAND ($950.01 & OVER)EXCPT,GUNS,FOWL,LIVESTK,PROD",Central,34.0472,-118.2371
2024-08-06 12:59:00,THEFT PLAIN - PETTY ($950 & UNDER),Central,34.045,-118.264
2024-08-07 12:15:00,"THEFT-GRAND ($950.01 & OVER)EXCPT,GUNS,FOWL,LIVESTK,PROD",Central,34.0501,-118.2593
2024-08-06 10:30:00,THEFT PLAIN - PETTY ($950 & UNDER),Central,34.048,-118.2577
2024-08-06 04:45:00,BIKE - STOLEN,Central,34.0409,-118.2609
2024-08-07 12:30:00,BURGLARY FROM VEHICLE,Central,34.0461,-118.2395
2024-07-29 10:30:00,VEHICLE - STOLEN,Central,34.0483,-118.2631
2024-01-08 00:01:00,THEFT FROM MOTOR VEHICLE - PETTY ($950 & UNDER),Central,34.0473,-118.2601
2024-07-19 21:00:00,THEFT OF IDENTITY,Central,34.0493,-118.2417
2024-08-06 19:49:00,"VANDALISM - FELONY ($400 & OVER, ALL CHURCH VANDALISMS)",Central,34.0501,-118.2593
2024-08-03 16:30:00,SHOPLIFTING - PETTY THEFT ($950 & UNDER),Central,34.0483,-118.2631
2024-08-05 07:00:00,VEHICLE - STOLEN,Central,34.0436,-118.2354
2024-08-07 12:00:00,VEHICLE - STOLEN,Central,34.0585,-118.2403
2024-07-13 15:00:00,"EMBEZZLEMENT, GRAND THEFT ($950.01 & OVER)",Central,34.0479,-118.2612
2024-07-11 14:10:00,"EMBEZZLEMENT, GRAND THEFT ($950.01 & OVER)",Central,34.0479,-118.2612
2024-08-07 11:00:00,THEFT FROM MOTOR VEHICLE - PETTY ($950 & UNDER),Central,34.0419,-118.2669
2024-08-08 08:36:00,TRESPASSING,Central,34.0508,-118.2586
2024-08-07 19:30:00,BURGLARY FROM VEHICLE,Central,34.0401,-118.2669
2024-08-07 17:20:00,THEFT FROM MOTOR VEHICLE - PETTY ($950 & UNDER),Central,34.0423,-118.2561
2024-08-06 20:30:00,BURGLARY FROM VEHICLE,Central,34.0455,-118.2381
2024-08-06 19:45:00,THEFT FROM MOTOR VEHICLE - GRAND ($950.01 AND OVER),Central,34.055,-118.2477
2024-08-08 13:00:00,"THEFT-GRAND ($950.01 & OVER)EXCPT,GUNS,FOWL,LIVESTK,PROD",Central,34.0481,-118.2507
2024-08-05 03:25:00,VANDALISM - MISDEAMEANOR ($399 OR UNDER),Central,34.0444,-118.2593
2024-08-03 23:30:00,VEHICLE - STOLEN,Central,34.0462,-118.2628
2024-08-07 23:30:00,"VANDALISM - FELONY ($400 & OVER, ALL CHURCH VANDALISMS)",Central,34.0519,-118.2506
2024-08-08 13:40:00,"VANDALISM - FELONY ($400 & OVER, ALL CHURCH VANDALISMS)",Central,34.051,-118.248
2024-08-08 20:00:00,"VANDALISM - FELONY ($400 & OVER, ALL CHURCH VANDALISMS)",Central,34.0685,-118.246
2024-08-07 17:30:00,BURGLARY FROM VEHICLE,Central,34.0382,-118.2356
2024-08-07 23:00:00,BURGLARY FROM VEHICLE,Central,34.0637,-118.2361
2024-08-07 19:33:00,BURGLARY FROM VEHICLE,Central,34.0463,-118.2402
2024-08-08 17:00:00,BURGLARY FROM VEHICLE,Central,34.0504,-118.2409
2024-08-08 22:30:00,BURGLARY FROM VEHICLE,Central,34.049,-118.2381
2024-08-06 21:15:00,"THEFT-GRAND ($950.01 & OVER)EXCPT,GUNS,FOWL,LIVESTK,PROD",Central,34.0431,-118.2692
2024-07-30 10:40:00,"THEFT-GRAND ($950.01 & OVER)EXCPT,GUNS,FOWL,LIVESTK,PROD",Central,34.0561,-118.2375
2024-08-08 19:15:00,THEFT PLAIN - PETTY ($950 & UNDER),Central,34.0408,-118.2644
2024-08-08 19:03:00,THEFT PLAIN - PETTY ($950 & UNDER),Central,34.0502,-118.2539
2024-08-08 16:00:00,THEFT PLAIN - PETTY ($950 & UNDER),Central,34.0612,-118.2417
2024-08-08 06:55:00,TRESPASSING,Central,34.0508,-118.2586
2024-08-08 07:30:00,TRESPASSING,Central,34.0508,-118.2586
2024-08-09 10:10:00,SHOPLIFTING - ATTEMPT,Central,34.0372,-118.2654
2024-08-08 09:45:00,TRESPASSING,Central,34.0561,-118.2375
2024-08-04 07:50:00,VEHICLE - STOLEN,Central,34.0454,-118.2658
2024-08-05 15:00:00,"VEHICLE, STOLEN - OTHER (MOTORIZED SCOOTERS, BIKES, ETC)",Central,34.0442,-118.2439
2024-08-08 08:45:00,TRESPASSING,Central,34.0508,-118.2586
2024-08-08 11:55:00,TRESPASSING,Central,34.0561,-118.2375
2024-08-08 15:00:00,THEFT FROM MOTOR VEHICLE - PETTY ($950 & UNDER),Central,34.0364,-118.2659
2024-08-09 21:24:00,"VANDALISM - FELONY ($400 & OVER, ALL CHURCH VANDALISMS)",Central,34.0515,-118.2424
2024-08-10 00:01:00,VEHICLE - STOLEN,Central,34.0409,-118.2574
2024-07-10 15:45:00,THEFT PLAIN - PETTY ($950 & UNDER),Central,34.048,-118.2542
2024-08-08 22:30:00,BURGLARY FROM VEHICLE,Central,34.0475,-118.2657
2024-08-01 14:10:00,THEFT PLAIN - PETTY ($950 & UNDER),Central,34.055,-118.2321
2024-08-07 09:50:00,"VANDALISM - FELONY ($400 & OVER, ALL CHURCH VANDALISMS)",Central,34.0504,-118.2409
2024-07-28 13:00:00,THEFT PLAIN - PETTY ($950 & UNDER),Central,34.0502,-118.2539
2024-08-08 15:54:00,SHOPLIFTING - PETTY THEFT ($950 & UNDER),Central,34.0483,-118.2631
2024-08-09 13:30:00,BURGLARY FROM VEHICLE,Central,34.0382,-118.2316
2024-08-09 09:30:00,THEFT PLAIN - PETTY ($950 & UNDER),Central,34.051,-118.248
2024-08-07 11:00:00,VEHICLE - STOLEN,Central,34.0449,-118.2528
2024-08-09 18:00:00,VEHICLE - STOLEN,Central,34.0437,-118.2582
2024-08-10 09:35:00,TRESPASSING,Central,34.0561,-118.2375
2024-08-10 01:00:00,VEHICLE - STOLEN,Central,34.0457,-118.2365
2024-08-10 06:30:00,TRESPASSING,Central,34.0561,-118.2375
2024-08-10 07:20:00,TRESPASSING,Central,34.0561,-118.2375
2024-08-08 07:30:00,TRESPASSING,Central,34.0496,-118.2603
2024-08-09 08:25:00,TRESPASSING,Central,34.0547,-118.2505
2024-08-09 09:20:00,TRESPASSING,Central,34.0561,-118.2375
2024-08-09 06:55:00,TRESPASSING,Central,34.0508,-118.2586
2024-08-09 06:35:00,TRESPASSING,Central,34.0508,-118.2586
2024-08-09 06:25:00,TRESPASSING,Central,34.0508,-118.2586
2024-08-09 08:30:00,TRESPASSING,Central,34.0561,-118.2375
2024-08-09 07:00:00,TRESPASSING,Central,34.0508,-118.2586
2024-08-09 06:20:00,TRESPASSING,Central,34.0415,-118.2655
2024-08-10 10:09:00,VEHICLE - STOLEN,Central,34.0522,-118.2538
2024-08-09 07:30:00,TRESPASSING,Central,34.0508,-118.2586
2024-08-09 06:50:00,TRESPASSING,Central,34.0496,-118.2603
2024-08-09 10:05:00,TRESPASSING,Central,34.0502,-118.2504
2024-08-09 08:20:00,TRESPASSING,Central,34.0659,-118.2339
2024-08-09 10:15:00,TRESPASSING,Central,34.0502,-118.2504
2024-08-09 06:05:00,TRESPASSING,Central,34.0496,-118.2603
2024-08-10 10:40:00,TRESPASSING,Central,34.0561,-118.2375
2024-08-10 08:45:00,TRESPASSING,Central,34.0561,-118.2375
2024-08-10 08:30:00,TRESPASSING,Central,34.0561,-118.2375
2024-08-10 08:20:00,TRESPASSING,Central,34.0549,-118.2511
2024-08-10 06:00:00,TRESPASSING,Central,34.0549,-118.2511
2024-08-10 18:50:00,VEHICLE - STOLEN,Central,34.0341,-118.2591
2024-08-09 21:40:00,"VANDALISM - FELONY ($400 & OVER, ALL CHURCH VANDALISMS)",Central,34.0446,-118.249
2024-08-08 18:30:00,BURGLARY FROM VEHICLE,Central,34.0383,-118.2305
2024-08-08 23:10:00,"VANDALISM - FELONY ($400 & OVER, ALL CHURCH VANDALISMS)",Central,34.0419,-118.2669
2024-08-09 19:05:00,BURGLARY FROM VEHICLE,Central,34.0566,-118.2531
2024-08-10 00:01:00,BURGLARY FROM VEHICLE,Central,34.0599,-118.2379
2024-08-08 23:00:00,VANDALISM - MISDEAMEANOR ($399 OR UNDER),Central,34.0571,-118.2405
2024-08-09 16:22:00,SHOPLIFTING-GRAND THEFT ($950.01 & OVER),Central,34.0483,-118.2631
2024-08-10 17:11:00,SHOPLIFTING - PETTY THEFT ($950 & UNDER),Central,34.0483,-118.2631
2024-08-10 18:00:00,"THEFT-GRAND ($950.01 & OVER)EXCPT,GUNS,FOWL,LIVESTK,PROD",Central,34.0483,-118.2631
2024-08-06 04:30:00,BURGLARY FROM VEHICLE,Central,34.0473,-118.2601
2024-08-10 18:30:00,VANDALISM - MISDEAMEANOR ($399 OR UNDER),Central,34.0571,-118.2405
2024-08-10 18:00:00,THEFT FROM MOTOR VEHICLE - GRAND ($950.01 AND OVER),Central,34.0504,-118.2409
2024-08-10 10:00:00,THEFT PLAIN - PETTY ($950 & UNDER),Central,34.0491,-118.2558
2024-08-10 10:15:00,TRESPASSING,Central,34.0561,-118.2375
2024-08-10 11:55:00,TRESPASSING,Central,34.0569,-118.254
2024-08-10 02:25:00,PICKPOCKET,Central,34.0337,-118.2665
2024-08-11 07:57:00,TRESPASSING,Central,34.0561,-118.2375
2024-08-11 06:30:00,TRESPASSING,Central,34.0561,-118.2375
2024-08-11 10:09:00,TRESPASSING,Central,34.0547,-118.2335
2024-08-11 06:15:00,TRESPASSING,Central,34.0497,-118.2381
2024-08-11 06:30:00,TRESPASSING,Central,34.0497,-118.2381
2024-08-10 14:50:00,SHOPLIFTING - PETTY THEFT ($950 & UNDER),Central,34.048,-118.2577
2024-08-11 12:33:00,SHOPLIFTING - PETTY THEFT ($950 & UNDER),Central,34.0483,-118.2631
2024-08-05 17:30:00,THEFT PLAIN - PETTY ($950 & UNDER),Central,34.0473,-118.2566
2024-08-09 11:43:00,THEFT PLAIN - PETTY ($950 & UNDER),Central,34.0467,-118.2485
2024-08-07 16:17:00,SHOPLIFTING - PETTY THEFT ($950 & UNDER),Central,34.0483,-118.2631
2024-08-09 23:00:00,BURGLARY FROM VEHICLE,Central,34.0637,-118.244
2024-08-01 05:38:00,THEFT PLAIN - PETTY ($950 & UNDER),Central,34.0409,-118.2609
2024-08-11 11:00:00,THEFT FROM MOTOR VEHICLE - GRAND ($950.01 AND OVER),Central,34.051,-118.2445
2024-08-09 22:30:00,"THEFT-GRAND ($950.01 & OVER)EXCPT,GUNS,FOWL,LIVESTK,PROD",Central,34.0415,-118.262
2024-08-11 22:25:00,TRESPASSING,Central,34.0508,-118.2586
2024-08-11 21:38:00,VANDALISM - MISDEAMEANOR ($399 OR UNDER),Central,34.0423,-118.2561
2024-07-26 07:00:00,THEFT OF IDENTITY,Central,34.046,-118.2493
2024-08-11 02:30:00,VEHICLE - STOLEN,Central,34.0458,-118.2614
2024-08-12 01:30:00,VEHICLE - STOLEN,Central,34.0428,-118.2532
2024-08-12 00:30:00,VEHICLE - STOLEN,Central,34.0437,-118.2582
2024-08-09 17:15:00,VANDALISM - MISDEAMEANOR ($399 OR UNDER),Central,34.0473,-118.2425
2024-08-12 06:15:00,TRESPASSING,Central,34.0342,-118.2673
2024-08-08 05:04:00,BURGLARY FROM VEHICLE,Central,34.0473,-118.2641
2024-08-11 11:50:00,THEFT FROM MOTOR VEHICLE - GRAND ($950.01 AND OVER),Central,34.0409,-118.2574
2024-08-11 03:00:00,BURGLARY FROM VEHICLE,Central,34.047,-118.2647
2024-08-04 08:00:00,"THEFT-GRAND ($950.01 & OVER)EXCPT,GUNS,FOWL,LIVESTK,PROD",Central,34.0404,-118.2504
2024-08-07 18:05:00,"THEFT-GRAND ($950.01 & OVER)EXCPT,GUNS,FOWL,LIVESTK,PROD",Central,34.0416,-118.255
2024-07-30 04:00:00,"VEHICLE, STOLEN - OTHER (MOTORIZED SCOOTERS, BIKES, ETC)",Central,34.0437,-118.2617
2024-08-12 13:00:00,SHOPLIFTING - PETTY THEFT ($950 & UNDER),Central,34.0483,-118.2631
2024-08-12 07:00:00,TRESPASSING,Central,34.0561,-118.2375
2024-08-12 08:30:00,TRESPASSING,Central,34.0561,-118.2375
2024-08-12 07:50:00,TRESPASSING,Central,34.0561,-118.2375
2024-08-12 10:10:00,TRESPASSING,Central,34.0561,-118.2375
2024-08-12 06:50:00,TRESPASSING,Central,34.0561,-118.2375
2024-08-12 10:20:00,TRESPASSING,Central,34.0561,-118.2375
2024-08-12 07:20:00,TRESPASSING,Central,34.0561,-118.2375
2024-08-12 08:20:00,TRESPASSING,Central,34.0561,-118.2375
2024-08-12 06:55:00,TRESPASSING,Central,34.0561,-118.2375
2024-08-12 03:30:00,VEHICLE - STOLEN,Central,34.0439,-118.2326
2024-08-12 06:30:00,TRESPASSING,Central,34.0561,-118.2375
2024-08-12 10:30:00,TRESPASSING,Central,34.0561,-118.2375
2024-08-12 10:39:00,TRESPASSING,Central,34.0561,-118.2375
2024-08-12 10:12:00,TRESPASSING,Central,34.0561,-118.2375
2024-08-12 10:00:00,TRESPASSING,Central,34.0561,-118.2375
2024-08-12 07:57:00,TRESPASSING,Central,34.0561,-118.2375
2024-08-12 08:15:00,TRESPASSING,Central,34.0561,-118.2375
2024-07-31 16:00:00,VEHICLE - STOLEN,Central,34.0677,-118.2309
2024-08-10 23:00:00,PICKPOCKET,Central,34.046,-118.251
2024-08-12 17:01:00,BURGLARY FROM VEHICLE,Central,34.0502,-118.2504
2024-08-11 20:00:00,BURGLARY FROM VEHICLE,Central,34.0401,-118.2669
2024-07-27 21:30:00,THEFT FROM MOTOR VEHICLE - GRAND ($950.01 AND OVER),Central,34.0635,-118.2426
2024-08-11 20:30:00,"THEFT-GRAND ($950.01 & OVER)EXCPT,GUNS,FOWL,LIVESTK,PROD",Central,34.0419,-118.2669
2024-08-10 15:41:00,SHOPLIFTING - PETTY THEFT ($950 & UNDER),Central,34.0483,-118.2631
2024-08-10 12:30:00,VEHICLE - STOLEN,Central,34.0516,-118.2491
2024-08-12 14:10:00,THEFT PLAIN - PETTY ($950 & UNDER),Central,34.0561,-118.2375
2024-07-27 19:18:00,"VANDALISM - FELONY ($400 & OVER, ALL CHURCH VANDALISMS)",Central,34.0557,-118.2488
2024-08-05 00:32:00,"VANDALISM - FELONY ($400 & OVER, ALL CHURCH VANDALISMS)",Central,34.0396,-118.259
2024-02-20 00:01:00,THEFT OF IDENTITY,Central,34.0591,-118.2412
2024-08-12 07:35:00,TRESPASSING,Central,34.0561,-118.2375
2024-08-12 17:50:00,BATTERY - SIMPLE ASSAULT,Central,34.049,-118.2592
2024-08-12 15:30:00,SHOPLIFTING - PETTY THEFT ($950 & UNDER),Central,34.0483,-118.2631
2024-08-12 16:30:00,VEHICLE - STOLEN,Central,34.049,-118.2381
2024-08-12 20:00:00,VEHICLE - STOLEN,Central,34.0438,-118.2547
2024-08-11 21:00:00,VEHICLE - STOLEN,Central,34.0607,-118.2494
2024-07-01 00:01:00,THEFT OF IDENTITY,Central,34.0409,-118.2574
2024-07-22 14:00:00,"VANDALISM - FELONY ($400 & OVER, ALL CHURCH VANDALISMS)",Central,34.0537,-118.2523
2024-08-09 19:00:00,BIKE - STOLEN,Central,34.043,-118.2606
2024-08-01 19:05:00,BURGLARY FROM VEHICLE,Central,34.0394,-118.2623
2024-08-12 02:00:00,VANDALISM - MISDEAMEANOR ($399 OR UNDER),Central,34.0406,-118.268
2024-08-03 15:25:00,"THEFT-GRAND ($950.01 & OVER)EXCPT,GUNS,FOWL,LIVESTK,PROD",Central,34.048,-118.2588
2024-08-12 20:00:00,BURGLARY FROM VEHICLE,Central,34.0382,-118.2356
2024-08-09 22:00:00,BURGLARY FROM VEHICLE,Central,34.0452,-118.2569
2024-08-13 06:10:00,"VANDALISM - FELONY ($400 & OVER, ALL CHURCH VANDALISMS)",Central,34.0473,-118.2425
2024-08-12 20:05:00,"THEFT, PERSON",Central,34.0467,-118.2485
2024-08-13 07:30:00,TRESPASSING,Central,34.0561,-118.2375
2024-08-13 07:15:00,TRESPASSING,Central,34.0561,-118.2375
2024-08-13 07:55:00,TRESPASSING,Central,34.0561,-118.2375
2024-08-13 07:20:00,TRESPASSING,Central,34.0561,-118.2375
2024-08-13 09:10:00,TRESPASSING,Central,34.0561,-118.2375
2024-08-13 08:00:00,TRESPASSING,Central,34.0561,-118.2375
2024-08-13 09:40:00,TRESPASSING,Central,34.0561,-118.2375
2024-08-13 01:00:00,VEHICLE - STOLEN,Central,34.0421,-118.2469
2024-08-13 09:30:00,TRESPASSING,Central,34.0561,-118.2375
2024-08-13 07:00:00,TRESPASSING,Central,34.0561,-118.2375
2024-08-13 06:30:00,TRESPASSING,Central,34.0561,-118.2375
2024-08-13 01:00:00,THEFT FROM MOTOR VEHICLE - PETTY ($950 & UNDER),Central,34.0473,-118.2601
2024-08-13 09:55:00,TRESPASSING,Central,34.0561,-118.2375
2024-08-13 09:20:00,TRESPASSING,Central,34.0561,-118.2375
2024-08-13 14:45:00,TRESPASSING,Central,34.0549,-118.2511
2024-08-13 14:40:00,TRESPASSING,Central,34.0549,-118.2511
2024-08-13 14:15:00,TRESPASSING,Central,34.0338,-118.2706
2024-08-13 13:30:00,TRESPASSING,Central,34.0338,-118.2706
2024-08-13 06:50:00,TRESPASSING,Central,34.0561,-118.2375
2024-08-13 08:30:00,TRESPASSING,Central,34.0561,-118.2375
2024-07-22 10:50:00,VEHICLE - STOLEN,Central,34.0419,-118.2669
2024-08-13 13:45:00,VEHICLE - STOLEN,Central,34.0394,-118.2623
2024-08-13 06:00:00,VEHICLE - STOLEN,Central,34.0696,-118.234
2024-08-13 22:10:00,TRESPASSING,Central,34.0488,-118.2518
2024-08-12 23:10:00,BURGLARY FROM VEHICLE,Central,34.0444,-118.2628
2024-06-26 22:35:00,VANDALISM - MISDEAMEANOR ($399 OR UNDER),Central,34.0615,-118.247
2024-08-12 11:20:00,"VANDALISM - FELONY ($400 & OVER, ALL CHURCH VANDALISMS)",Central,34.0396,-118.259
2024-07-26 08:00:00,"VANDALISM - FELONY ($400 & OVER, ALL CHURCH VANDALISMS)",Central,34.0459,-118.2352
2024-08-11 00:01:00,VEHICLE - STOLEN,Central,34.0615,-118.2351
2024-08-13 20:00:00,"VANDALISM - FELONY ($400 & OVER, ALL CHURCH VANDALISMS)",Central,34.0473,-118.2425
2024-08-13 18:30:00,VEHICLE - STOLEN,Central,34.0607,-118.2494
2024-08-10 23:00:00,THEFT PLAIN - PETTY ($950 & UNDER),Central,34.051,-118.248
2024-08-11 09:57:00,THEFT PLAIN - PETTY ($950 & UNDER),Central,34.0421,-118.2469
2024-08-12 23:00:00,BURGLARY FROM VEHICLE,Central,34.0482,-118.2326
2024-08-13 18:00:00,BURGLARY FROM VEHICLE,Central,34.0531,-118.2478
2024-02-12 03:30:00,BURGLARY FROM VEHICLE,Central,34.0383,-118.2327
2024-08-11 21:45:00,BURGLARY FROM VEHICLE,Central,34.0419,-118.2669
2024-08-10 11:00:00,THEFT PLAIN - PETTY ($950 & UNDER),Central,34.049,-118.2592
2024-07-03 12:31:00,"THEFT-GRAND ($950.01 & OVER)EXCPT,GUNS,FOWL,LIVESTK,PROD",Central,34.0394,-118.2623
2024-08-11 22:00:00,THEFT FROM MOTOR VEHICLE - PETTY ($950 & UNDER),Central,34.0406,-118.268
2024-08-14 06:50:00,TRESPASSING,Central,34.0561,-118.2375
2024-08-14 07:45:00,TRESPASSING,Central,34.0561,-118.2375
2024-08-14 08:55:00,TRESPASSING,Central,34.0561,-118.2375
2024-08-13 12:15:00,OTHER MISCELLANEOUS CRIME,Central,34.0357,-118.2563
2024-08-14 09:55:00,TRESPASSING,Central,34.0561,-118.2375
2024-08-14 09:10:00,TRESPASSING,Central,34.0559,-118.232
2024-08-14 07:14:00,TRESPASSING,Central,34.0561,-118.2375
2024-08-12 06:24:00,TRESPASSING,Central,34.0635,-118.2357
2024-08-14 08:20:00,TRESPASSING,Central,34.0559,-118.232
2024-08-13 06:57:00,TRESPASSING,Central,34.0561,-118.2375
2024-08-14 06:42:00,TRESPASSING,Central,34.0415,-118.2655
2024-08-14 10:26:00,TRESPASSING,Central,34.0561,-118.2375
2024-08-12 03:15:00,THEFT PLAIN - PETTY ($950 & UNDER),Central,34.0461,-118.2674
2024-07-28 16:15:00,BURGLARY FROM VEHICLE,Central,34.0432,-118.2504
2024-08-13 19:00:00,"THEFT-GRAND ($950.01 & OVER)EXCPT,GUNS,FOWL,LIVESTK,PROD",Central,34.0415,-118.262
2024-08-13 20:00:00,BURGLARY FROM VEHICLE,Central,34.0482,-118.2326
2024-08-14 09:50:00,VANDALISM - MISDEAMEANOR ($399 OR UNDER),Central,34.0595,-118.2451
2024-08-14 15:30:00,VEHICLE - STOLEN,Central,34.0401,-118.2504
2024-08-13 15:00:00,THEFT FROM MOTOR VEHICLE - GRAND ($950.01 AND OVER),Central,34.0408,-118.2644
2024-08-05 13:00:00,"VANDALISM - FELONY ($400 & OVER, ALL CHURCH VANDALISMS)",Central,34.0615,-118.247
2024-08-14 15:25:00,VEHICLE - STOLEN,Central,34.0423,-118.2453
2024-08-14 09:21:00,VEHICLE - STOLEN,Central,34.0621,-118.2346
2024-08-09 15:00:00,SHOPLIFTING - PETTY THEFT ($950 & UNDER),Central,34.0483,-118.2631
2024-08-14 03:50:00,BURGLARY FROM VEHICLE,Central,34.0405,-118.2567
2024-08-07 16:25:00,THEFT PLAIN - PETTY ($950 & UNDER),Central,34.0627,-118.2463
2024-01-14 19:50:00,THEFT OF IDENTITY,Central,34.0419,-118.2669
2024-08-13 03:00:00,THEFT FROM MOTOR VEHICLE - PETTY ($950 & UNDER),Central,34.0467,-118.252
2024-08-14 08:50:00,TRESPASSING,Central,34.0561,-118.2375
2024-08-09 00:01:00,"VANDALISM - FELONY ($400 & OVER, ALL CHURCH VANDALISMS)",Central,34.0714,-118.2329
2024-08-14 14:00:00,TRESPASSING,Central,34.0338,-118.2706
2024-08-14 13:45:00,TRESPASSING,Central,34.0338,-118.2706
2024-08-14 16:53:00,SHOPLIFTING - PETTY THEFT ($950 & UNDER),Central,34.0483,-118.2631
2024-08-13 18:00:00,VEHICLE - STOLEN,Central,34.0444,-118.2628
2024-08-13 05:30:00,VEHICLE - STOLEN,Central,34.0393,-118.2306
2024-08-13 16:35:00,"VANDALISM - FELONY ($400 & OVER, ALL CHURCH VANDALISMS)",Central,34.0396,-118.259
2024-08-14 22:30:00,BURGLARY FROM VEHICLE,Central,34.0401,-118.2669
2024-08-11 22:30:00,BURGLARY FROM VEHICLE,Central,34.0628,-118.2396
2024-08-06 22:35:00,BURGLARY FROM VEHICLE,Central,34.0408,-118.2644
2024-08-12 13:51:00,"THEFT-GRAND ($950.01 & OVER)EXCPT,GUNS,FOWL,LIVESTK,PROD",Central,34.0419,-118.2351
2024-08-15 06:40:00,TRESPASSING,Central,34.0561,-118.2375
2024-08-15 07:05:00,TRESPASSING,Central,34.0561,-118.2375
2024-08-15 07:15:00,TRESPASSING,Central,34.0561,-118.2375
2024-08-15 06:55:00,TRESPASSING,Central,34.0561,-118.2375
2024-08-15 06:45:00,TRESPASSING,Central,34.0561,-118.2375
2024-08-15 10:10:00,TRESPASSING,Central,34.0561,-118.2375
2024-08-15 09:05:00,TRESPASSING,Central,34.0561,-118.2375
2024-08-15 10:20:00,TRESPASSING,Central,34.0561,-118.2375
2024-08-15 06:44:00,TRESPASSING,Central,34.0559,-118.232
2024-08-15 08:32:00,TRESPASSING,Central,34.0559,-118.232
2024-08-15 10:30:00,"THEFT-GRAND ($950.01 & OVER)EXCPT,GUNS,FOWL,LIVESTK,PROD",Central,34.0438,-118.2547
2024-08-13 19:30:00,SHOPLIFTING - PETTY THEFT ($950 & UNDER),Central,34.0483,-118.2631
2024-08-15 14:00:00,TRESPASSING,Central,34.0549,-118.2511
2024-08-15 14:35:00,SHOPLIFTING - PETTY THEFT ($950 & UNDER),Central,34.0483,-118.2631
2024-08-15 10:00:00,TRESPASSING,Central,34.0561,-118.2375
2024-08-15 15:00:00,VEHICLE - STOLEN,Central,34.0415,-118.262
2024-07-11 17:00:00,VEHICLE - STOLEN,Central,34.0495,-118.2458
2024-08-14 11:00:00,BURGLARY FROM VEHICLE,Central,34.0432,-118.2504
2024-08-11 18:45:00,BURGLARY FROM VEHICLE,Central,34.055,-118.2546
2024-07-31 14:33:00,SHOPLIFTING - PETTY THEFT ($950 & UNDER),Central,34.0644,-118.2387
2024-08-15 14:00:00,VEHICLE - STOLEN,Central,34.0695,-118.2324
2024-08-10 21:00:00,BURGLARY FROM VEHICLE,Central,34.0519,-118.2326
2024-08-15 22:40:00,TRESPASSING,Central,34.0549,-118.2511
2024-08-15 23:00:00,TRESPASSING,Central,34.0549,-118.2511
2024-08-15 22:25:00,TRESPASSING,Central,34.0549,-118.2511
2024-08-11 18:25:00,BURGLARY FROM VEHICLE,Central,34.0423,-118.2561
2024-08-14 21:00:00,BURGLARY FROM VEHICLE,Central,34.048,-118.2577
2024-08-16 06:50:00,TRESPASSING,Central,34.0561,-118.2375
2024-08-16 07:00:00,TRESPASSING,Central,34.0561,-118.2375
2024-08-16 09:00:00,VEHICLE - STOLEN,Central,34.0387,-118.2335
2024-08-14 22:00:00,VEHICLE - STOLEN,Central,34.0408,-118.2644
2024-08-14 00:01:00,VEHICLE - STOLEN,Central,34.0473,-118.2462
2024-08-16 08:00:00,TRESPASSING,Central,34.0561,-118.2375
2024-08-16 08:15:00,TRESPASSING,Central,34.0561,-118.2375
2024-08-16 06:35:00,TRESPASSING,Central,34.0561,-118.2375
2024-08-16 09:25:00,TRESPASSING,Central,34.0561,-118.2375
2024-08-16 09:45:00,TRESPASSING,Central,34.0561,-118.2375
2024-08-16 10:18:00,TRESPASSING,Central,34.0561,-118.2375
2024-08-16 08:30:00,TRESPASSING,Central,34.0561,-118.2375
2024-08-16 06:00:00,TRESPASSING,Central,34.0561,-118.2375
2024-08-16 08:10:00,TRESPASSING,Central,34.0561,-118.2375
2024-08-16 08:30:00,"VANDALISM - FELONY ($400 & OVER, ALL CHURCH VANDALISMS)",Central,34.0493,-118.2417
2024-08-16 11:35:00,THEFT OF IDENTITY,Central,34.0474,-118.2496
2024-08-16 11:05:00,"THEFT-GRAND ($950.01 & OVER)EXCPT,GUNS,FOWL,LIVESTK,PROD",Central,34.0582,-118.2387
2024-08-15 23:30:00,THEFT PLAIN - PETTY ($950 & UNDER),Central,34.0457,-118.2665
2024-08-14 15:30:00,PICKPOCKET,Central,34.0452,-118.2533
2024-08-16 07:00:00,VANDALISM - MISDEAMEANOR ($399 OR UNDER),Central,34.0455,-118.2379
2024-08-16 17:50:00,SHOPLIFTING - PETTY THEFT ($950 & UNDER),Central,34.0483,-118.2631
2024-07-18 18:43:00,THEFT PLAIN - PETTY ($950 & UNDER),Central,34.0467,-118.252
2024-07-13 17:30:00,THEFT PLAIN - PETTY ($950 & UNDER),Central,34.0423,-118.2561
2024-08-16 08:00:00,VEHICLE - STOLEN,Central,34.0473,-118.2566
2024-08-16 21:15:00,BURGLARY FROM VEHICLE,Central,34.0461,-118.2395
2024-08-17 04:10:00,VEHICLE - STOLEN,Central,34.0669,-118.2458
2024-08-17 05:30:00,VEHICLE - STOLEN,Central,34.0324,-118.2605
2024-08-17 07:30:00,TRESPASSING,Central,34.0557,-118.2488
2024-08-16 19:00:00,VEHICLE - STOLEN,Central,34.0401,-118.2669
2024-08-17 08:15:00,TRESPASSING,Central,34.0557,-118.2488
2024-08-17 07:20:00,TRESPASSING,Central,34.0561,-118.2375
2024-08-17 09:25:00,TRESPASSING,Central,34.0561,-118.2375
2024-08-17 09:20:00,TRESPASSING,Central,34.0561,-118.2375
2024-08-17 07:40:00,TRESPASSING,Central,34.0561,-118.2375
2024-08-17 08:35:00,TRESPASSING,Central,34.0561,-118.2375
2024-08-17 08:20:00,TRESPASSING,Central,34.0561,-118.2375
2024-08-17 08:10:00,TRESPASSING,Central,34.0561,-118.2375
2024-08-17 07:35:00,TRESPASSING,Central,34.0561,-118.2375
2024-08-17 08:50:00,TRESPASSING,Central,34.0561,-118.2375
2024-08-17 10:20:00,TRESPASSING,Central,34.0561,-118.2375
2024-08-17 08:11:00,TRESPASSING,Central,34.0561,-118.2375
2024-08-17 07:54:00,TRESPASSING,Central,34.0561,-118.2375
2024-08-16 22:00:00,THEFT FROM MOTOR VEHICLE - PETTY ($950 & UNDER),Central,34.0435,-118.2366
2024-08-17 20:00:00,VEHICLE - STOLEN,Central,34.0678,-118.2466
2024-08-17 05:55:00,THEFT FROM MOTOR VEHICLE - GRAND ($950.01 AND OVER),Central,34.0517,-118.2456
2024-06-22 11:00:00,THEFT FROM MOTOR VEHICLE - GRAND ($950.01 AND OVER),Central,34.0659,-118.2339
2024-08-18 01:55:00,BURGLARY FROM VEHICLE,Central,34.0363,-118.2573
2024-08-13 23:00:00,VANDALISM - MISDEAMEANOR ($399 OR UNDER),Central,34.0649,-118.24
2024-08-16 21:00:00,VEHICLE - STOLEN,Central,34.0404,-118.2504
2024-08-17 16:03:00,VEHICLE - STOLEN,Central,34.0473,-118.2566
2024-08-18 07:30:00,"VANDALISM - FELONY ($400 & OVER, ALL CHURCH VANDALISMS)",Central,34.0725,-118.2489
2024-08-13 17:10:00,BURGLARY FROM VEHICLE,Central,34.0444,-118.2628
2024-08-17 01:56:00,"VANDALISM - FELONY ($400 & OVER, ALL CHURCH VANDALISMS)",Central,34.0582,-118.2387
2024-08-17 21:50:00,"VANDALISM - FELONY ($400 & OVER, ALL CHURCH VANDALISMS)",Central,34.0724,-118.251
2024-08-17 23:10:00,BURGLARY FROM VEHICLE,Central,34.0401,-118.2669
2024-08-18 02:30:00,"VANDALISM - FELONY ($400 & OVER, ALL CHURCH VANDALISMS)",Central,34.0459,-118.2352
2024-08-17 13:16:00,SHOPLIFTING-GRAND THEFT ($950.01 & OVER),Central,34.0483,-118.2631
2024-08-17 15:15:00,TRESPASSING,Central,34.0635,-118.2357
2024-08-17 23:30:00,TRESPASSING,Central,34.0549,-118.2511
2024-08-17 22:50:00,TRESPASSING,Central,34.0549,-118.2511
2024-08-17 14:30:00,SHOPLIFTING - PETTY THEFT ($950 & UNDER),Central,34.048,-118.2577
2024-08-15 10:00:00,"VEHICLE, STOLEN - OTHER (MOTORIZED SCOOTERS, BIKES, ETC)",Central,34.0462,-118.2585
2024-08-18 06:50:00,TRESPASSING,Central,34.0561,-118.2375
2024-07-29 12:00:00,THEFT FROM MOTOR VEHICLE - PETTY ($950 & UNDER),Central,34.0419,-118.2669
2024-08-18 08:55:00,TRESPASSING,Central,34.0561,-118.2375
2024-08-18 07:20:00,TRESPASSING,Central,34.0561,-118.2375
2024-08-18 08:00:00,TRESPASSING,Central,34.0561,-118.2375
2024-08-18 08:20:00,TRESPASSING,Central,34.0561,-118.2375
2024-08-18 08:35:00,TRESPASSING,Central,34.0561,-118.2375
2024-08-18 08:50:00,TRESPASSING,Central,34.0561,-118.2375
2024-08-18 08:30:00,TRESPASSING,Central,34.0561,-118.2375
2024-08-18 07:30:00,TRESPASSING,Central,34.0561,-118.2375
2024-08-18 07:05:00,TRESPASSING,Central,34.0561,-118.2375
2024-07-13 12:30:00,THEFT OF IDENTITY,Central,34.0488,-118.25
2024-08-17 05:00:00,"VANDALISM - FELONY ($400 & OVER, ALL CHURCH VANDALISMS)",Central,34.0419,-118.2669
2024-08-17 22:30:00,BURGLARY FROM VEHICLE,Central,34.0383,-118.2305
2024-08-18 00:01:00,THEFT PLAIN - PETTY ($950 & UNDER),Central,34.0493,-118.2582
2024-08-17 22:00:00,BURGLARY FROM VEHICLE,Central,34.0725,-118.2489
2024-08-18 01:00:00,BURGLARY FROM VEHICLE,Central,34.0446,-118.249
2024-08-17 18:00:00,"VANDALISM - FELONY ($400 & OVER, ALL CHURCH VANDALISMS)",Central,34.0461,-118.2395
2024-08-17 22:50:00,BURGLARY FROM VEHICLE,Central,34.0462,-118.2585
2024-08-17 15:00:00,"VANDALISM - FELONY ($400 & OVER, ALL CHURCH VANDALISMS)",Central,34.0456,-118.2396
2024-08-17 17:00:00,"VANDALISM - FELONY ($400 & OVER, ALL CHURCH VANDALISMS)",Central,34.0409,-118.2609
2024-08-18 16:45:00,SHOPLIFTING - PETTY THEFT ($950 & UNDER),Central,34.0466,-118.252
2024-08-18 19:38:00,BURGLARY FROM VEHICLE,Central,34.0524,-118.2467
2024-08-18 12:00:00,VEHICLE - STOLEN,Central,34.0343,-118.262
2024-08-18 15:30:00,TRESPASSING,Central,34.0488,-118.2518
2024-08-18 07:50:00,TRESPASSING,Central,34.0561,-118.2375
2024-08-18 07:55:00,TRESPASSING,Central,34.0561,-118.2375
2024-08-18 10:20:00,TRESPASSING,Central,34.0561,-118.2375
2024-08-18 08:40:00,TRESPASSING,Central,34.0561,-118.2375
2024-08-14 08:08:00,TRESPASSING,Central,34.0561,-118.2375
2024-07-25 21:00:00,VANDALISM - MISDEAMEANOR ($399 OR UNDER),Central,34.0535,-118.256
2024-07-31 00:01:00,THEFT OF IDENTITY,Central,34.0615,-118.247
2024-08-18 19:30:00,THEFT FROM MOTOR VEHICLE - PETTY ($950 & UNDER),Central,34.0389,-118.2643
2024-08-12 07:40:00,"THEFT-GRAND ($950.01 & OVER)EXCPT,GUNS,FOWL,LIVESTK,PROD",Central,34.0495,-118.2528
2024-08-18 12:40:00,"THEFT-GRAND ($950.01 & OVER)EXCPT,GUNS,FOWL,LIVESTK,PROD",Central,34.0615,-118.247
2024-08-16 16:30:00,VEHICLE - STOLEN,Central,34.0569,-118.254
2024-08-16 18:18:00,VEHICLE - STOLEN,Central,34.0415,-118.262
2024-08-18 18:30:00,VEHICLE - STOLEN,Central,34.0349,-118.2668
2024-08-13 09:21:00,VEHICLE - STOLEN,Central,34.0515,-118.2424
2024-08-16 13:00:00,VEHICLE - STOLEN,Central,34.0519,-118.2531
2024-07-30 23:30:00,VEHICLE - STOLEN,Central,34.0431,-118.2692
2024-08-19 06:50:00,TRESPASSING,Central,34.0561,-118.2375
2024-08-17 22:00:00,THEFT FROM MOTOR VEHICLE - PETTY ($950 & UNDER),Central,34.0435,-118.2471
2024-08-19 07:14:00,TRESPASSING,Central,34.0561,-118.2375
2024-08-19 07:40:00,TRESPASSING,Central,34.0561,-118.2375
2024-08-19 09:50:00,TRESPASSING,Central,34.0561,-118.2375
2024-08-19 08:25:00,TRESPASSING,Central,34.0561,-118.2375
2024-08-19 08:30:00,TRESPASSING,Central,34.0561,-118.2375
2024-08-19 07:15:00,TRESPASSING,Central,34.0561,-118.2375
2024-08-19 06:40:00,TRESPASSING,Central,34.0561,-118.2375
2024-08-19 08:40:00,TRESPASSING,Central,34.0561,-118.2375
2024-08-19 07:00:00,TRESPASSING,Central,34.0561,-118.2375
2024-08-18 23:40:00,VEHICLE - STOLEN,Central,34.0395,-118.2657
2024-08-19 15:15:00,TRESPASSING,Central,34.0502,-118.2575
2024-08-19 06:39:00,TRESPASSING,Central,34.0561,-118.2375
2024-08-19 09:20:00,TRESPASSING,Central,34.0561,-118.2375
2024-08-19 23:30:00,"VANDALISM - FELONY ($400 & OVER, ALL CHURCH VANDALISMS)",Central,34.0423,-118.2561
2024-07-02 09:25:00,THEFT OF IDENTITY,Central,34.0626,-118.2434
2024-08-08 22:30:00,"THEFT-GRAND ($950.01 & OVER)EXCPT,GUNS,FOWL,LIVESTK,PROD",Central,34.0487,-118.2588
2024-08-15 23:45:00,"VANDALISM - FELONY ($400 & OVER, ALL CHURCH VANDALISMS)",Central,34.0409,-118.2609
2024-08-17 23:00:00,PICKPOCKET,Central,34.0493,-118.2582
2024-08-17 20:34:00,THEFT PLAIN - PETTY ($950 & UNDER),Central,34.0481,-118.2507
2024-08-17 03:00:00,"VANDALISM - FELONY ($400 & OVER, ALL CHURCH VANDALISMS)",Central,34.0515,-118.2424
2024-08-17 12:00:00,THEFT PLAIN - PETTY ($950 & UNDER),Central,34.0462,-118.2628
2024-08-19 08:45:00,TRESPASSING,Central,34.0561,-118.2375
2024-08-19 21:25:00,"VEHICLE, STOLEN - OTHER (MOTORIZED SCOOTERS, BIKES, ETC)",Central,34.048,-118.2542
2024-08-19 09:25:00,TRESPASSING,Central,34.0561,-118.2375
2024-08-19 08:50:00,TRESPASSING,Central,34.0561,-118.2375
2024-08-19 09:30:00,TRESPASSING,Central,34.0561,-118.2375
2024-08-19 20:00:00,TRESPASSING,Central,34.0488,-118.2518
2024-08-19 09:35:00,TRESPASSING,Central,34.0561,-118.2375
2024-08-20 00:30:00,"ASSAULT WITH DEADLY WEAPON, AGGRAVATED ASSAULT",Central,34.0561,-118.2375
2024-08-19 22:00:00,VEHICLE - STOLEN,Central,34.0471,-118.2491
2024-08-03 17:00:00,"THEFT-GRAND ($950.01 & OVER)EXCPT,GUNS,FOWL,LIVESTK,PROD",Central,34.0433,-118.2377
2024-08-13 11:20:00,VEHICLE - STOLEN,Central,34.0444,-118.2628
2024-08-20 06:20:00,TRESPASSING,Central,34.0508,-118.2586
2024-08-20 06:50:00,TRESPASSING,Central,34.0508,-118.2586
2024-08-20 05:50:00,TRESPASSING,Central,34.0508,-118.2586
2024-08-20 09:55:00,TRESPASSING,Central,34.0561,-118.2375
2024-08-20 07:20:00,TRESPASSING,Central,34.0561,-118.2375
2024-08-20 09:50:00,TRESPASSING,Central,34.0561,-118.2375
2024-08-20 07:05:00,TRESPASSING,Central,34.0561,-118.2375
2024-08-20 09:30:00,TRESPASSING,Central,34.0561,-118.2375
2024-08-20 06:55:00,TRESPASSING,Central,34.0561,-118.2375
2024-08-20 09:05:00,TRESPASSING,Central,34.0549,-118.2511
2024-08-20 06:55:00,TRESPASSING,Central,34.0549,-118.2511
2024-08-20 10:00:00,TRESPASSING,Central,34.0549,-118.2511
2024-08-20 07:00:00,TRESPASSING,Central,34.0561,-118.2375
2024-08-20 07:10:00,TRESPASSING,Central,34.0561,-118.2375
2024-08-19 22:00:00,"VANDALISM - FELONY ($400 & OVER, ALL CHURCH VANDALISMS)",Central,34.0473,-118.2601
2024-08-19 16:30:00,VANDALISM - MISDEAMEANOR ($399 OR UNDER),Central,34.0455,-118.2379
2024-08-16 16:00:00,THEFT PLAIN - PETTY ($950 & UNDER),Central,34.0415,-118.262
2024-08-19 19:10:00,SHOPLIFTING-GRAND THEFT ($950.01 & OVER),Central,34.0483,-118.2631
2024-08-18 18:00:00,"THEFT-GRAND ($950.01 & OVER)EXCPT,GUNS,FOWL,LIVESTK,PROD",Central,34.0409,-118.2574
2024-08-02 17:00:00,"THEFT-GRAND ($950.01 & OVER)EXCPT,GUNS,FOWL,LIVESTK,PROD",Central,34.0435,-118.236
2024-08-20 13:30:00,THEFT PLAIN - PETTY ($950 & UNDER),Central,34.0561,-118.2375
2024-08-20 08:00:00,TRESPASSING,Central,34.0561,-118.2375
2024-08-20 07:30:00,TRESPASSING,Central,34.0561,-118.2375
2024-08-19 19:30:00,BURGLARY FROM VEHICLE,Central,34.0419,-118.2669
2024-08-19 17:00:00,THEFT FROM MOTOR VEHICLE - PETTY ($950 & UNDER),Central,34.0487,-118.2588
2024-08-20 16:55:00,VEHICLE - STOLEN,Central,34.042,-118.2625
2024-03-19 08:00:00,VEHICLE - STOLEN,Central,34.0388,-118.2717
2024-08-20 22:15:00,TRESPASSING,Central,34.0559,-118.232
2024-08-20 06:30:00,TRESPASSING,Central,34.0561,-118.2375
2024-08-17 23:04:00,"VANDALISM - FELONY ($400 & OVER, ALL CHURCH VANDALISMS)",Central,34.0601,-118.2502
2024-08-17 01:30:00,BURGLARY FROM VEHICLE,Central,34.0414,-118.2399
2024-08-20 18:40:00,BURGLARY FROM VEHICLE,Central,34.048,-118.2577
2024-08-18 02:37:00,"VANDALISM - FELONY ($400 & OVER, ALL CHURCH VANDALISMS)",Central,34.0624,-118.2383
2024-08-20 22:00:00,BURGLARY FROM VEHICLE,Central,34.0535,-118.2491
2024-08-16 10:25:00,THEFT PLAIN - PETTY ($950 & UNDER),Central,34.0627,-118.2463
2024-08-15 18:15:00,BURGLARY FROM VEHICLE,Central,34.0401,-118.2329
2024-08-20 16:30:00,VANDALISM - MISDEAMEANOR ($399 OR UNDER),Central,34.0455,-118.2379
2024-08-14 21:00:00,THEFT FROM MOTOR VEHICLE - PETTY ($950 & UNDER),Central,34.0437,-118.2617
2024-08-10 00:30:00,BURGLARY FROM VEHICLE,Central,34.0336,-118.2626
2024-08-20 23:05:00,PICKPOCKET,Central,34.0431,-118.2692
2024-08-21 08:30:00,TRESPASSING,Central,34.0549,-118.2511
2024-08-21 09:41:00,TRESPASSING,Central,34.0549,-118.2511
2024-08-21 07:30:00,TRESPASSING,Central,34.0524,-118.2467
2024-08-20 22:16:00,TRESPASSING,Central,34.0549,-118.2511
2024-08-20 06:39:00,TRESPASSING,Central,34.0635,-118.2357
2024-08-21 13:20:00,SHOPLIFTING - PETTY THEFT ($950 & UNDER),Central,34.0466,-118.252
2024-08-20 06:07:00,TRESPASSING,Central,34.0635,-118.2357
2024-07-09 13:55:00,THEFT PLAIN - PETTY ($950 & UNDER),Central,34.0445,-118.2523
2024-08-20 19:23:00,SHOPLIFTING-GRAND THEFT ($950.01 & OVER),Central,34.0483,-118.2631
2024-08-20 09:05:00,TRESPASSING,Central,34.0561,-118.2375
2024-08-20 09:10:00,TRESPASSING,Central,34.0561,-118.2375
2024-08-20 08:25:00,TRESPASSING,Central,34.0561,-118.2375
2024-08-20 14:45:00,SHOPLIFTING - PETTY THEFT ($950 & UNDER),Central,34.0483,-118.2631
2024-08-16 19:00:00,THEFT PLAIN - PETTY ($950 & UNDER),Central,34.0467,-118.2485
2024-08-21 08:25:00,TRESPASSING,Central,34.0561,-118.2375
2024-08-21 10:05:00,TRESPASSING,Central,34.0561,-118.2375
2024-08-21 08:40:00,TRESPASSING,Central,34.0561,-118.2375
2024-08-21 09:15:00,TRESPASSING,Central,34.0561,-118.2375
2024-08-21 08:30:00,TRESPASSING,Central,34.0561,-118.2375
2024-08-21 09:30:00,TRESPASSING,Central,34.0561,-118.2375
2024-08-21 09:00:00,TRESPASSING,Central,34.0561,-118.2375
2024-08-21 08:13:00,DRIVING WITHOUT OWNER CONSENT (DWOC),Central,34.0615,-118.2351
2024-08-19 13:00:00,VEHICLE - STOLEN,Central,34.0401,-118.2669
2024-08-21 12:45:00,BURGLARY FROM VEHICLE,Central,34.0382,-118.2384
2024-08-13 18:00:00,"VEHICLE, STOLEN - OTHER (MOTORIZED SCOOTERS, BIKES, ETC)",Central,34.064,-118.2375
2024-08-21 14:30:00,TRESPASSING,Central,34.0473,-118.2566
2024-08-21 14:45:00,TRESPASSING,Central,34.0473,-118.2566
2024-08-21 12:42:00,PICKPOCKET,Central,34.0516,-118.2561
2024-06-21 17:00:00,BURGLARY FROM VEHICLE,Central,34.062,-118.2425
2024-08-21 16:37:00,SHOPLIFTING - PETTY THEFT ($950 & UNDER),Central,34.0483,-118.2631
2024-08-21 09:30:00,BURGLARY FROM VEHICLE,Central,34.0505,-118.2509
2024-08-21 15:50:00,THEFT PLAIN - PETTY ($950 & UNDER),Central,34.0495,-118.2459
2024-08-20 14:21:00,THEFT PLAIN - PETTY ($950 & UNDER),Central,34.0534,-118.2409
2024-08-21 18:49:00,BURGLARY FROM VEHICLE,Central,34.0473,-118.2425
2024-08-19 15:30:00,VEHICLE - STOLEN,Central,34.0423,-118.2561
2024-08-21 14:30:00,VANDALISM - MISDEAMEANOR ($399 OR UNDER),Central,34.0477,-118.2394
2024-08-21 08:15:00,TRESPASSING,Central,34.049,-118.2381
2024-08-21 13:30:00,VEHICLE - STOLEN,Central,34.0336,-118.2626
2024-08-21 19:30:00,BURGLARY FROM VEHICLE,Central,34.0505,-118.2509
2024-07-31 18:20:00,THEFT PLAIN - PETTY ($950 & UNDER),Central,34.0454,-118.2658
2024-08-08 12:57:00,THEFT PLAIN - PETTY ($950 & UNDER),Central,34.0466,-118.259
2024-08-20 16:00:00,BURGLARY FROM VEHICLE,Central,34.0473,-118.2601
2024-08-22 06:15:00,TRESPASSING,Central,34.0415,-118.2655
2024-08-15 16:00:00,THEFT FROM MOTOR VEHICLE - GRAND ($950.01 AND OVER),Central,34.0419,-118.2669
2024-08-21 21:30:00,BURGLARY FROM VEHICLE,Central,34.048,-118.2577
2024-08-21 14:14:00,BURGLARY FROM VEHICLE,Central,34.0452,-118.2569
2024-08-21 23:50:00,BURGLARY FROM VEHICLE,Central,34.0454,-118.2658
2024-08-20 15:35:00,SHOPLIFTING - PETTY THEFT ($950 & UNDER),Central,34.0496,-118.2603
2024-08-21 18:00:00,THEFT PLAIN - PETTY ($950 & UNDER),Central,34.0423,-118.2561
2024-08-22 07:00:00,TRESPASSING,Central,34.0561,-118.2375
2024-08-22 06:50:00,TRESPASSING,Central,34.0561,-118.2375
2024-08-22 06:35:00,TRESPASSING,Central,34.0635,-118.2357
2024-08-22 06:05:00,TRESPASSING,Central,34.0415,-118.2655
2024-08-22 09:00:00,VEHICLE - STOLEN,Central,34.0449,-118.2458
2024-05-11 19:00:00,VEHICLE - STOLEN,Central,34.0385,-118.2491
2024-08-21 21:00:00,VEHICLE - STOLEN,Central,34.037,-118.2688
2024-08-09 22:00:00,BURGLARY FROM VEHICLE,Central,34.0582,-118.2387
2024-08-21 08:00:00,VANDALISM - MISDEAMEANOR ($399 OR UNDER),Central,34.0462,-118.2585
2024-08-21 17:00:00,VEHICLE - STOLEN,Central,34.0423,-118.2561
2024-07-20 22:15:00,VEHICLE - STOLEN,Central,34.0408,-118.2644
2024-08-20 00:01:00,THEFT FROM MOTOR VEHICLE - PETTY ($950 & UNDER),Central,34.0473,-118.2566
2024-08-22 14:21:00,VEHICLE - STOLEN,Central,34.0363,-118.2573
2024-08-22 12:10:00,VEHICLE - STOLEN,Central,34.0446,-118.249
2024-06-30 19:15:00,THEFT FROM MOTOR VEHICLE - GRAND ($950.01 AND OVER),Central,34.0423,-118.2561
2024-08-22 19:26:00,VEHICLE - STOLEN,Central,34.0419,-118.2523
2024-08-22 07:20:00,TRESPASSING,Central,34.0561,-118.2375
2024-08-22 06:30:00,TRESPASSING,Central,34.0561,-118.2375
2024-08-22 23:00:00,VEHICLE - STOLEN,Central,34.0404,-118.2504
2024-08-22 16:00:00,TRESPASSING,Central,34.0524,-118.2467
2024-08-22 15:05:00,TRESPASSING,Central,34.0497,-118.2381
2024-08-22 17:30:00,BURGLARY FROM VEHICLE,Central,34.0388,-118.2574
2024-08-21 16:55:00,"VANDALISM - FELONY ($400 & OVER, ALL CHURCH VANDALISMS)",Central,34.0404,-118.2504
2024-08-20 18:00:00,THEFT FROM MOTOR VEHICLE - GRAND ($950.01 AND OVER),Central,34.0462,-118.2585
2024-08-23 09:20:00,VEHICLE - STOLEN,Central,34.0404,-118.2504
2024-08-23 10:30:00,VEHICLE - STOLEN,Central,34.0338,-118.2706
2024-08-22 15:15:00,THEFT FROM MOTOR VEHICLE - PETTY ($950 & UNDER),Central,34.0515,-118.2424
2024-08-17 15:19:00,VEHICLE - STOLEN,Central,34.0377,-118.2622
2024-08-23 01:00:00,THEFT FROM MOTOR VEHICLE - GRAND ($950.01 AND OVER),Central,34.0452,-118.2569
2024-08-19 15:00:00,SHOPLIFTING - PETTY THEFT ($950 & UNDER),Central,34.0483,-118.2631
2024-08-18 13:00:00,VEHICLE - STOLEN,Central,34.0423,-118.2561
2024-08-22 17:25:00,BATTERY - SIMPLE ASSAULT,Central,34.0458,-118.2472
2024-08-23 06:20:00,TRESPASSING,Central,34.0308,-118.2638
2024-08-23 05:30:00,TRESPASSING,Central,34.0308,-118.2638
2024-08-16 23:00:00,"THEFT-GRAND ($950.01 & OVER)EXCPT,GUNS,FOWL,LIVESTK,PROD",Central,34.0444,-118.2593
2024-08-21 23:55:00,"THEFT-GRAND ($950.01 & OVER)EXCPT,GUNS,FOWL,LIVESTK,PROD",Central,34.0382,-118.2316
2024-08-21 23:55:00,"THEFT-GRAND ($950.01 & OVER)EXCPT,GUNS,FOWL,LIVESTK,PROD",Central,34.0391,-118.2384
2024-08-21 23:00:00,"THEFT-GRAND ($950.01 & OVER)EXCPT,GUNS,FOWL,LIVESTK,PROD",Central,34.0358,-118.2345
2024-08-16 23:00:00,"THEFT-GRAND ($950.01 & OVER)EXCPT,GUNS,FOWL,LIVESTK,PROD",Central,34.0451,-118.2604
2024-08-22 22:15:00,BURGLARY FROM VEHICLE,Central,34.0495,-118.2459
2024-08-23 10:41:00,"THEFT-GRAND ($950.01 & OVER)EXCPT,GUNS,FOWL,LIVESTK,PROD",Central,34.0341,-118.2591
2024-08-22 18:30:00,BURGLARY FROM VEHICLE,Central,34.048,-118.2577
2024-08-24 01:55:00,"VANDALISM - FELONY ($400 & OVER, ALL CHURCH VANDALISMS)",Central,34.0583,-118.2396
2024-08-23 05:45:00,TRESPASSING,Central,34.0338,-118.2706
2024-08-23 16:10:00,VEHICLE - STOLEN,Central,34.0458,-118.2614
2024-08-23 22:00:00,BURGLARY FROM VEHICLE,Central,34.0393,-118.2659
2024-08-24 00:05:00,BURGLARY FROM VEHICLE,Central,34.0509,-118.2515
2024-08-22 21:00:00,THEFT FROM MOTOR VEHICLE - PETTY ($950 & UNDER),Central,34.0473,-118.2566
2024-06-08 01:00:00,THEFT FROM MOTOR VEHICLE - PETTY ($950 & UNDER),Central,34.0459,-118.2352
2024-08-24 06:45:00,TRESPASSING,Central,34.0508,-118.2586
2024-08-24 07:16:00,"THEFT-GRAND ($950.01 & OVER)EXCPT,GUNS,FOWL,LIVESTK,PROD",Central,34.0599,-118.2426
2024-08-23 08:24:00,BURGLARY FROM VEHICLE,Central,34.0423,-118.2561
2024-08-23 18:30:00,SHOPLIFTING - PETTY THEFT ($950 & UNDER),Central,34.0483,-118.2631
2024-08-23 10:40:00,"THEFT-GRAND ($950.01 & OVER)EXCPT,GUNS,FOWL,LIVESTK,PROD",Central,34.0627,-118.2463
2024-07-03 11:00:00,VEHICLE - STOLEN,Central,34.0462,-118.2585
2024-08-23 19:25:00,SHOPLIFTING - PETTY THEFT ($950 & UNDER),Central,34.0483,-118.2631
2024-08-23 23:00:00,"VANDALISM - FELONY ($400 & OVER, ALL CHURCH VANDALISMS)",Central,34.0487,-118.2362
2024-08-16 22:00:00,BIKE - STOLEN,Central,34.0409,-118.2574
2024-08-23 17:00:00,BURGLARY FROM VEHICLE,Central,34.0649,-118.2465
2024-08-23 19:56:00,SHOPLIFTING - PETTY THEFT ($950 & UNDER),Central,34.0483,-118.2631
2024-08-23 19:30:00,SHOPLIFTING - PETTY THEFT ($950 & UNDER),Central,34.0483,-118.2631
2024-08-23 17:20:00,BURGLARY FROM VEHICLE,Central,34.0473,-118.2425
2024-07-26 23:30:00,THEFT PLAIN - PETTY ($950 & UNDER),Central,34.0453,-118.2443
2024-08-24 11:00:00,VEHICLE - STOLEN,Central,34.0473,-118.2566
2024-08-24 18:00:00,VEHICLE - STOLEN,Central,34.0606,-118.2358
2024-08-24 21:20:00,VEHICLE - STOLEN,Central,34.048,-118.2577
2024-08-24 17:00:00,SHOPLIFTING - PETTY THEFT ($950 & UNDER),Central,34.0483,-118.2631
2024-08-24 16:47:00,SHOPLIFTING - PETTY THEFT ($950 & UNDER),Central,34.0483,-118.2631
2024-08-24 18:10:00,THEFT FROM MOTOR VEHICLE - GRAND ($950.01 AND OVER),Central,34.0383,-118.2327
2024-08-20 14:00:00,THEFT PLAIN - PETTY ($950 & UNDER),Central,34.0627,-118.2463
2024-08-24 18:20:00,VEHICLE - STOLEN,Central,34.048,-118.2577
2024-08-25 20:25:00,VEHICLE - STOLEN,Central,34.0417,-118.2584
2024-08-24 18:00:00,VANDALISM - MISDEAMEANOR ($399 OR UNDER),Central,34.0461,-118.2395
2024-08-24 16:40:00,VANDALISM - MISDEAMEANOR ($399 OR UNDER),Central,34.0452,-118.2569
2024-08-25 10:15:00,THEFT PLAIN - PETTY ($950 & UNDER),Central,34.0536,-118.2455
2024-08-25 14:45:00,TRESPASSING,Central,34.0547,-118.2505
2024-08-25 17:00:00,SHOPLIFTING - PETTY THEFT ($950 & UNDER),Central,34.0483,-118.2631
2024-08-25 23:20:00,TRESPASSING,Central,34.0549,-118.2511
2024-08-25 19:00:00,VEHICLE - STOLEN,Central,34.0419,-118.2669
2024-08-25 15:30:00,TRESPASSING,Central,34.0561,-118.2375
2024-08-25 10:35:00,SHOPLIFTING - PETTY THEFT ($950 & UNDER),Central,34.0483,-118.2631
2024-08-24 18:00:00,"VANDALISM - FELONY ($400 & OVER, ALL CHURCH VANDALISMS)",Central,34.0461,-118.2395
2024-08-25 22:40:00,BATTERY - SIMPLE ASSAULT,Central,34.0395,-118.2657
2024-08-26 02:00:00,"THEFT-GRAND ($950.01 & OVER)EXCPT,GUNS,FOWL,LIVESTK,PROD",Central,34.0408,-118.2644
2024-08-26 00:15:00,VEHICLE - STOLEN,Central,34.0479,-118.2612
2024-08-01 12:55:00,BIKE - STOLEN,Central,34.0498,-118.24
2024-08-24 07:15:00,VEHICLE - STOLEN,Central,34.049,-118.2381
2024-08-02 07:30:00,"THEFT-GRAND ($950.01 & OVER)EXCPT,GUNS,FOWL,LIVESTK,PROD",Central,34.0487,-118.2553
2024-05-03 15:15:00,THEFT PLAIN - PETTY ($950 & UNDER),Central,34.0502,-118.2575
2024-08-24 19:00:00,PICKPOCKET,Central,34.0517,-118.2456
2024-08-25 03:30:00,"DEFRAUDING INNKEEPER/THEFT OF SERVICES, $950 & UNDER",Central,34.0615,-118.2412
2024-08-01 15:55:00,THEFT FROM MOTOR VEHICLE - PETTY ($950 & UNDER),Central,34.0519,-118.2531
2024-08-26 11:30:00,VEHICLE - STOLEN,Central,34.0466,-118.2555
2024-08-24 15:30:00,BURGLARY FROM VEHICLE,Central,34.0461,-118.2395
2024-08-25 20:10:00,THEFT FROM MOTOR VEHICLE - GRAND ($950.01 AND OVER),Central,34.042,-118.2625
2024-08-17 22:20:00,BURGLARY FROM VEHICLE,Central,34.0426,-118.2528
2024-08-26 13:30:00,SHOPLIFTING - PETTY THEFT ($950 & UNDER),Central,34.048,-118.2577
2024-08-26 15:30:00,TRESPASSING,Central,34.0488,-118.2518
2024-08-26 14:40:00,TRESPASSING,Central,34.0488,-118.2518
2024-08-26 09:00:00,VEHICLE - STOLEN,Central,34.0519,-118.2531
2024-08-22 19:00:00,THEFT FROM MOTOR VEHICLE - PETTY ($950 & UNDER),Central,34.0362,-118.2325
2024-07-08 15:00:00,VEHICLE - STOLEN,Central,34.0519,-118.2531
2024-08-27 00:30:00,TRESPASSING,Central,34.0561,-118.2375
2024-08-26 23:10:00,TRESPASSING,Central,34.0549,-118.2511
2024-08-23 12:00:00,VEHICLE - STOLEN,Central,34.0431,-118.2692
2024-08-26 07:22:00,TRESPASSING,Central,34.0635,-118.2357
2024-08-24 18:00:00,"VANDALISM - FELONY ($400 & OVER, ALL CHURCH VANDALISMS)",Central,34.0516,-118.244
2024-08-27 10:10:00,SHOPLIFTING - PETTY THEFT ($950 & UNDER),Central,34.0493,-118.2417
2024-08-21 21:00:00,THEFT PLAIN - PETTY ($950 & UNDER),Central,34.0453,-118.236
2024-08-01 23:59:00,SEX OFFENDER REGISTRANT OUT OF COMPLIANCE,Central,34.0448,-118.2474
2024-08-27 15:40:00,TRESPASSING,Central,34.0552,-118.2511
2024-08-27 15:20:00,TRESPASSING,Central,34.0635,-118.2357
2024-08-27 14:55:00,TRESPASSING,Central,34.0635,-118.2357
2024-07-02 17:00:00,THEFT OF IDENTITY,Central,34.0421,-118.2469
2024-08-25 11:30:00,THEFT FROM MOTOR VEHICLE - PETTY ($950 & UNDER),Central,34.0659,-118.2339
2024-08-14 21:30:00,BURGLARY FROM VEHICLE,Central,34.0472,-118.2362
2024-08-24 23:40:00,THEFT PLAIN - PETTY ($950 & UNDER),Central,34.048,-118.2577
2024-08-21 19:00:00,"VANDALISM - FELONY ($400 & OVER, ALL CHURCH VANDALISMS)",Central,34.0389,-118.2643
2024-08-26 06:45:00,VEHICLE - STOLEN,Central,34.0472,-118.2381
2024-08-26 19:00:00,VEHICLE - STOLEN,Central,34.0736,-118.2312
2024-08-27 17:28:00,THEFT FROM MOTOR VEHICLE - PETTY ($950 & UNDER),Central,34.0419,-118.2669
2024-08-28 04:02:00,BURGLARY,Central,34.0363,-118.2604
2024-08-28 06:45:00,TRESPASSING,Central,34.0549,-118.2511
2024-08-28 06:35:00,TRESPASSING,Central,34.0549,-118.2511
2024-08-27 16:30:00,"VANDALISM - FELONY ($400 & OVER, ALL CHURCH VANDALISMS)",Central,34.0522,-118.2434
2024-08-27 23:00:00,"THEFT-GRAND ($950.01 & OVER)EXCPT,GUNS,FOWL,LIVESTK,PROD",Central,34.0488,-118.25
2024-08-28 07:10:00,TRESPASSING,Central,34.0549,-118.2511
2024-08-28 11:20:00,VEHICLE - STOLEN,Central,34.0502,-118.2336
2024-07-30 20:00:00,"THEFT-GRAND ($950.01 & OVER)EXCPT,GUNS,FOWL,LIVESTK,PROD",Central,34.0627,-118.2463
2024-08-07 12:30:00,THEFT PLAIN - PETTY ($950 & UNDER),Central,34.0432,-118.2504
2024-07-12 10:00:00,KIDNAPPING,Central,34.0437,-118.2547
2024-08-28 12:30:00,VEHICLE - STOLEN,Central,34.0451,-118.2604
2024-08-28 00:30:00,THEFT PLAIN - PETTY ($950 & UNDER),Central,34.0607,-118.2405
2024-08-19 21:00:00,BURGLARY FROM VEHICLE,Central,34.0535,-118.2491
2024-08-28 16:00:00,TRESPASSING,Central,34.0524,-118.2467
2024-08-28 14:00:00,TRESPASSING,Central,34.0401,-118.2669
2024-08-13 19:30:00,BURGLARY FROM VEHICLE,Central,34.0383,-118.2305
2024-08-28 07:30:00,BURGLARY FROM VEHICLE,Central,34.0484,-118.2339
2024-08-28 18:15:00,TRESPASSING,Central,34.0561,-118.2375
2024-08-21 10:00:00,BURGLARY FROM VEHICLE,Central,34.0426,-118.2528
2024-08-28 15:41:00,SHOPLIFTING - PETTY THEFT ($950 & UNDER),Central,34.0483,-118.2631
2024-08-29 01:30:00,VEHICLE - STOLEN,Central,34.0415,-118.262
2024-08-28 19:15:00,BURGLARY FROM VEHICLE,Central,34.0686,-118.2266
2024-07-20 11:13:00,THEFT PLAIN - PETTY ($950 & UNDER),Central,34.0459,-118.2352
2024-08-29 03:00:00,VEHICLE - STOLEN,Central,34.0408,-118.2428
2024-08-28 14:30:00,TRESPASSING,Central,34.0415,-118.2655
2024-08-28 22:15:00,TRESPASSING,Central,34.0492,-118.2391
2024-08-22 05:00:00,VEHICLE - STOLEN,Central,34.0467,-118.252
2024-08-28 17:00:00,VEHICLE - STOLEN,Central,34.0466,-118.259
2024-08-01 08:00:00,THEFT PLAIN - PETTY ($950 & UNDER),Central,34.0504,-118.2358
2024-08-27 12:10:00,VANDALISM - MISDEAMEANOR ($399 OR UNDER),Central,34.0423,-118.2561
2024-08-22 08:40:00,THEFT PLAIN - PETTY ($950 & UNDER),Central,34.043,-118.242
2024-08-29 08:40:00,TRESPASSING,Central,34.0508,-118.2586
2024-08-29 12:18:00,"THEFT-GRAND ($950.01 & OVER)EXCPT,GUNS,FOWL,LIVESTK,PROD",Central,34.048,-118.2577
2024-08-21 13:20:00,THEFT OF IDENTITY,Central,34.0466,-118.259
2024-08-28 19:45:00,BURGLARY FROM VEHICLE,Central,34.0446,-118.2367
2024-08-26 11:59:00,THEFT PLAIN - PETTY ($950 & UNDER),Central,34.0467,-118.252
2024-08-25 22:30:00,"VANDALISM - FELONY ($400 & OVER, ALL CHURCH VANDALISMS)",Central,34.0445,-118.2523
2024-08-29 12:15:00,THEFT PLAIN - PETTY ($950 & UNDER),Central,34.0423,-118.2561
2024-08-29 12:00:00,THEFT OF IDENTITY,Central,34.042,-118.2625
2024-08-29 22:10:00,VEHICLE - STOLEN,Central,34.0462,-118.2585
2024-08-26 16:45:00,"THEFT-GRAND ($950.01 & OVER)EXCPT,GUNS,FOWL,LIVESTK,PROD",Central,34.0445,-118.2558
2024-08-30 22:00:00,VEHICLE - STOLEN,Central,34.0419,-118.2669
2024-08-29 20:30:00,VEHICLE - STOLEN,Central,34.0467,-118.2485
2024-08-29 23:30:00,BURGLARY FROM VEHICLE,Central,34.0713,-118.2291
2024-08-23 10:00:00,BURGLARY FROM VEHICLE,Central,34.0404,-118.2504
2024-08-27 09:40:00,THEFT PLAIN - PETTY ($950 & UNDER),Central,34.0439,-118.2326
2024-03-18 12:30:00,THEFT PLAIN - PETTY ($950 & UNDER),Central,34.0522,-118.2434
2024-08-23 20:00:00,THEFT PLAIN - PETTY ($950 & UNDER),Central,34.0557,-118.2488
2024-08-28 17:10:00,THEFT PLAIN - PETTY ($950 & UNDER),Central,34.0453,-118.2443
2024-08-27 17:30:00,THEFT PLAIN - PETTY ($950 & UNDER),Central,34.0419,-118.2351
2024-08-30 06:00:00,BURGLARY FROM VEHICLE,Central,34.0432,-118.2504
2024-08-29 17:10:00,SHOPLIFTING - PETTY THEFT ($950 & UNDER),Central,34.0483,-118.2631
2024-08-30 02:30:00,"VANDALISM - FELONY ($400 & OVER, ALL CHURCH VANDALISMS)",Central,34.0491,-118.2558
2024-08-30 21:30:00,VEHICLE - STOLEN,Central,34.042,-118.2625
2024-08-27 23:05:00,VEHICLE - STOLEN,Central,34.0401,-118.2669
2024-08-29 15:30:00,VEHICLE - STOLEN,Central,34.0401,-118.2533
2024-08-30 23:00:00,VEHICLE - STOLEN,Central,34.0419,-118.2669
2024-08-29 15:05:00,THEFT PLAIN - PETTY ($950 & UNDER),Central,34.0435,-118.2427
2024-08-30 16:00:00,"VANDALISM - FELONY ($400 & OVER, ALL CHURCH VANDALISMS)",Central,34.0445,-118.2523
2024-08-23 08:55:00,"THEFT-GRAND ($950.01 & OVER)EXCPT,GUNS,FOWL,LIVESTK,PROD",Central,34.0378,-118.2561
2024-08-30 16:15:00,"VANDALISM - FELONY ($400 & OVER, ALL CHURCH VANDALISMS)",Central,34.0473,-118.2566
2024-08-31 06:15:00,TRESPASSING,Central,34.0635,-118.2357
2024-08-31 07:05:00,TRESPASSING,Central,34.0635,-118.2357
2024-08-30 22:30:00,"VANDALISM - FELONY ($400 & OVER, ALL CHURCH VANDALISMS)",Central,34.0453,-118.236
2024-03-27 11:20:00,"THEFT-GRAND ($950.01 & OVER)EXCPT,GUNS,FOWL,LIVESTK,PROD",Central,34.0389,-118.2643
2024-08-31 14:15:00,TRESPASSING,Central,34.0549,-118.2511
2024-08-30 15:00:00,VEHICLE - STOLEN,Central,34.0383,-118.2695
2024-08-26 19:15:00,THEFT PLAIN - PETTY ($950 & UNDER),Central,34.0515,-118.2424
2024-08-30 23:47:00,BURGLARY FROM VEHICLE,Central,34.0409,-118.2574
2024-08-29 15:40:00,THEFT PLAIN - PETTY ($950 & UNDER),Central,34.0437,-118.2547
2024-08-31 16:50:00,BURGLARY FROM VEHICLE,Central,34.0461,-118.2395
2024-08-02 23:50:00,PICKPOCKET,Central,34.0516,-118.2491
2024-08-31 15:00:00,THEFT PLAIN - PETTY ($950 & UNDER),Central,34.0452,-118.2569
2024-09-01 00:55:00,VEHICLE - STOLEN,Central,34.0725,-118.2489
2024-08-31 04:00:00,VEHICLE - STOLEN,Central,34.0389,-118.2683
2024-08-31 17:07:00,VEHICLE - STOLEN,Central,34.0419,-118.2669
2024-09-01 03:30:00,VEHICLE - STOLEN,Central,34.0419,-118.2669
2024-08-31 21:26:00,THEFT PLAIN - PETTY ($950 & UNDER),Central,34.0695,-118.2469
2024-08-30 23:00:00,THEFT PLAIN - PETTY ($950 & UNDER),Central,34.0516,-118.2491
2024-08-01 08:20:00,THEFT OF IDENTITY,Central,34.0445,-118.2523
2024-09-01 13:00:00,BURGLARY FROM VEHICLE,Central,34.0456,-118.2504
2024-09-01 03:00:00,VEHICLE - STOLEN,Central,34.0474,-118.2496
2024-09-01 09:15:00,"THEFT-GRAND ($950.01 & OVER)EXCPT,GUNS,FOWL,LIVESTK,PROD",Central,34.0483,-118.2631
2024-09-01 13:45:00,TRESPASSING,Central,34.0415,-118.2655
2024-09-01 14:55:00,TRESPASSING,Central,34.0401,-118.2669
2024-08-31 00:01:00,VEHICLE - STOLEN,Central,34.0408,-118.2428
2024-09-01 15:39:00,THEFT OF IDENTITY,Central,34.0501,-118.2593
2024-08-31 15:00:00,THEFT OF IDENTITY,Central,34.0437,-118.2455
2024-08-30 22:25:00,BURGLARY FROM VEHICLE,Central,34.0503,-118.2434
2024-09-01 06:35:00,TRESPASSING,Central,34.0635,-118.2357
2024-08-30 19:50:00,SHOPLIFTING - PETTY THEFT ($950 & UNDER),Central,34.0483,-118.2631
2024-09-01 17:30:00,BURGLARY FROM VEHICLE,Central,34.0456,-118.2396
2024-08-31 12:50:00,SHOPLIFTING - PETTY THEFT ($950 & UNDER),Central,34.0483,-118.2631
2024-09-01 09:25:00,VEHICLE - STOLEN,Central,34.0466,-118.2555
2024-09-01 20:00:00,VEHICLE - STOLEN,Central,34.0462,-118.2585
2024-09-02 01:12:00,BURGLARY,Central,34.0485,-118.2448
2024-09-01 23:00:00,VEHICLE - STOLEN,Central,34.0389,-118.2643
2024-09-01 19:15:00,VEHICLE - STOLEN,Central,34.0492,-118.2391
2024-09-02 00:05:00,VEHICLE - STOLEN,Central,34.0466,-118.259
2024-09-02 07:30:00,TRESPASSING,Central,34.0559,-118.232
2024-09-02 06:40:00,TRESPASSING,Central,34.0338,-118.2706
2024-08-26 07:40:00,THEFT OF IDENTITY,Central,34.046,-118.2493
2024-09-01 22:00:00,VANDALISM - MISDEAMEANOR ($399 OR UNDER),Central,34.0515,-118.2424
2024-08-25 23:35:00,"THEFT-GRAND ($950.01 & OVER)EXCPT,GUNS,FOWL,LIVESTK,PROD",Central,34.0495,-118.2528
2024-09-02 02:40:00,THEFT OF IDENTITY,Central,34.0415,-118.262
2024-09-01 20:00:00,"VANDALISM - FELONY ($400 & OVER, ALL CHURCH VANDALISMS)",Central,34.051,-118.248
2024-08-31 20:00:00,BURGLARY FROM VEHICLE,Central,34.0401,-118.236
2024-08-31 18:30:00,BURGLARY FROM VEHICLE,Central,34.0347,-118.2339
2024-08-04 07:00:00,THEFT PLAIN - PETTY ($950 & UNDER),Central,34.0453,-118.2443
2024-08-05 07:00:00,THEFT PLAIN - PETTY ($950 & UNDER),Central,34.0628,-118.2396
2024-08-05 07:00:00,THEFT PLAIN - PETTY ($950 & UNDER),Central,34.0389,-118.2643
2024-09-01 14:30:00,THEFT FROM MOTOR VEHICLE - PETTY ($950 & UNDER),Central,34.0415,-118.262
2024-09-02 06:10:00,TRESPASSING,Central,34.0338,-118.2706
2024-08-21 15:30:00,BURGLARY FROM VEHICLE,Central,34.0487,-118.2588
2024-09-02 01:11:00,VEHICLE - STOLEN,Central,34.0495,-118.2459
2024-08-31 17:35:00,BURGLARY FROM VEHICLE,Central,34.0401,-118.236
2024-09-02 14:50:00,BURGLARY FROM VEHICLE,Central,34.0468,-118.2415
2024-08-24 17:00:00,BURGLARY FROM VEHICLE,Central,34.0435,-118.2366
2024-09-02 09:00:00,VEHICLE - STOLEN,Central,34.0395,-118.2657
2024-09-03 00:05:00,TRESPASSING,Central,34.0549,-118.2511
2024-09-02 19:00:00,"VANDALISM - FELONY ($400 & OVER, ALL CHURCH VANDALISMS)",Central,34.0355,-118.2625
2024-08-31 15:00:00,BURGLARY FROM VEHICLE,Central,34.0419,-118.2669
2024-09-02 14:00:00,"VANDALISM - FELONY ($400 & OVER, ALL CHURCH VANDALISMS)",Central,34.0515,-118.2424
2024-09-02 12:20:00,THEFT PLAIN - PETTY ($950 & UNDER),Central,34.0461,-118.2475
2024-08-30 18:00:00,VANDALISM - MISDEAMEANOR ($399 OR UNDER),Central,34.0473,-118.2425
2024-09-01 13:30:00,THEFT FROM MOTOR VEHICLE - GRAND ($950.01 AND OVER),Central,34.064,-118.2375
2024-09-03 10:00:00,SHOPLIFTING - PETTY THEFT ($950 & UNDER),Central,34.0491,-118.2558
2024-08-31 00:01:00,VEHICLE - STOLEN,Central,34.0387,-118.2335
2024-09-02 15:12:00,SHOPLIFTING - PETTY THEFT ($950 & UNDER),Central,34.0483,-118.2631
2024-09-03 07:30:00,VEHICLE - STOLEN,Central,34.0657,-118.232
2024-08-30 15:15:00,BURGLARY FROM VEHICLE,Central,34.0419,-118.2669
2024-09-02 22:00:00,BURGLARY FROM VEHICLE,Central,34.0468,-118.2415
2024-09-03 19:00:00,TRESPASSING,Central,34.0549,-118.2511
2024-08-30 15:29:00,PICKPOCKET,Central,34.0498,-118.24
2024-09-02 18:30:00,VEHICLE - STOLEN,Central,34.0423,-118.2561
2024-09-02 05:00:00,VEHICLE - STOLEN,Central,34.0391,-118.269
2024-09-03 14:20:00,VEHICLE - STOLEN,Central,34.0423,-118.2561
2024-08-31 19:30:00,SHOPLIFTING - PETTY THEFT ($950 & UNDER),Central,34.0483,-118.2631
2024-09-03 20:40:00,SHOPLIFTING - PETTY THEFT ($950 & UNDER),Central,34.0382,-118.2316
2024-09-04 00:40:00,VEHICLE - STOLEN,Central,34.0557,-118.2488
2024-09-03 14:00:00,THEFT PLAIN - PETTY ($950 & UNDER),Central,34.048,-118.2577
2024-09-01 20:00:00,BURGLARY FROM VEHICLE,Central,34.0466,-118.259
2024-09-03 01:05:00,"VANDALISM - FELONY ($400 & OVER, ALL CHURCH VANDALISMS)",Central,34.0419,-118.2523
2024-09-01 16:25:00,TRESPASSING,Central,34.0635,-118.2357
2024-09-03 18:30:00,BURGLARY FROM VEHICLE,Central,34.0472,-118.2342
2024-09-03 19:00:00,BURGLARY FROM VEHICLE,Central,34.0409,-118.2609
2024-09-02 04:12:00,"VANDALISM - FELONY ($400 & OVER, ALL CHURCH VANDALISMS)",Central,34.0409,-118.2609
2024-09-03 14:20:00,SHOPLIFTING - PETTY THEFT ($950 & UNDER),Central,34.0437,-118.2547
2024-09-02 02:00:00,BURGLARY FROM VEHICLE,Central,34.0452,-118.2569
2024-09-03 21:30:00,BURGLARY FROM VEHICLE,Central,34.0483,-118.2443
2024-09-04 08:10:00,THEFT PLAIN - PETTY ($950 & UNDER),Central,34.0599,-118.2379
2024-08-24 00:10:00,"THEFT-GRAND ($950.01 & OVER)EXCPT,GUNS,FOWL,LIVESTK,PROD",Central,34.0453,-118.2499
2024-09-03 09:00:00,"VANDALISM - FELONY ($400 & OVER, ALL CHURCH VANDALISMS)",Central,34.0615,-118.2412
2024-09-03 11:45:00,SHOPLIFTING - PETTY THEFT ($950 & UNDER),Central,34.0437,-118.2547
2024-09-03 11:34:00,SHOPLIFTING-GRAND THEFT ($950.01 & OVER),Central,34.0437,-118.2547
2024-09-03 11:33:00,SHOPLIFTING-GRAND THEFT ($950.01 & OVER),Central,34.0437,-118.2547
2024-08-30 19:00:00,SHOPLIFTING - PETTY THEFT ($950 & UNDER),Central,34.0483,-118.2631
2024-09-04 18:00:00,SHOPLIFTING - PETTY THEFT ($950 & UNDER),Central,34.0483,-118.2631
2024-09-04 13:53:00,TRESPASSING,Central,34.0635,-118.2357
2024-09-04 13:40:00,TRESPASSING,Central,34.0635,-118.2357
2024-09-04 02:40:00,OTHER MISCELLANEOUS CRIME,Central,34.0363,-118.2672
2024-09-03 22:00:00,BURGLARY FROM VEHICLE,Central,34.0406,-118.268
2024-09-04 21:30:00,BURGLARY FROM VEHICLE,Central,34.0504,-118.2409
2024-07-14 03:00:00,VANDALISM - MISDEAMEANOR ($399 OR UNDER),Central,34.0454,-118.2465
2024-08-27 15:00:00,THEFT FROM MOTOR VEHICLE - GRAND ($950.01 AND OVER),Central,34.064,-118.2375
2024-09-01 00:01:00,THEFT OF IDENTITY,Central,34.0446,-118.245
2024-09-05 11:25:00,THEFT OF IDENTITY,Central,34.0408,-118.2644
2024-08-07 10:20:00,BURGLARY FROM VEHICLE,Central,34.0517,-118.2474
2024-09-02 07:58:00,TRESPASSING,Central,34.0561,-118.2375
2024-08-26 20:00:00,VEHICLE - STOLEN,Central,34.0632,-118.2408
2024-09-05 13:00:00,VEHICLE - STOLEN,Central,34.0387,-118.2612
2024-08-24 20:00:00,VEHICLE - STOLEN,Central,34.0375,-118.27
2024-09-04 22:45:00,BURGLARY FROM VEHICLE,Central,34.0477,-118.2394
2024-08-31 17:30:00,"THEFT-GRAND ($950.01 & OVER)EXCPT,GUNS,FOWL,LIVESTK,PROD",Central,34.0503,-118.2434
2024-08-15 08:00:00,THEFT PLAIN - PETTY ($950 & UNDER),Central,34.0454,-118.2658
2024-09-05 16:25:00,BURGLARY FROM VEHICLE,Central,34.043,-118.2606
2024-09-05 16:00:00,SHOPLIFTING - PETTY THEFT ($950 & UNDER),Central,34.0483,-118.2631
2024-09-05 19:30:00,VEHICLE - STOLEN,Central,34.052,-118.2332
2024-09-04 23:20:00,"VEHICLE, STOLEN - OTHER (MOTORIZED SCOOTERS, BIKES, ETC)",Central,34.0404,-118.2504
2024-09-05 14:40:00,TRESPASSING,Central,34.0488,-118.2518
2024-09-05 19:00:00,TRESPASSING,Central,34.0501,-118.2593
2024-09-05 19:00:00,VEHICLE - STOLEN,Central,34.0615,-118.247
2024-09-05 23:00:00,VEHICLE - STOLEN,Central,34.0615,-118.247
2024-09-05 16:00:00,VEHICLE - STOLEN,Central,34.0615,-118.247
2024-09-05 08:20:00,VEHICLE - STOLEN,Central,34.0501,-118.2593
2024-09-05 18:00:00,THEFT FROM MOTOR VEHICLE - PETTY ($950 & UNDER),Central,34.0419,-118.2669
2024-09-06 06:30:00,TRESPASSING,Central,34.0549,-118.2511
2024-09-06 08:30:00,TRESPASSING,Central,34.0549,-118.2511
2024-09-06 06:00:00,VEHICLE - STOLEN,Central,34.0444,-118.2407
2024-09-04 11:00:00,VEHICLE - STOLEN,Central,34.0383,-118.254
2024-09-06 15:50:00,TRESPASSING,Central,34.0524,-118.2467
2024-09-06 18:00:00,VEHICLE - STOLEN,Central,34.0423,-118.2561
2024-09-04 15:58:00,THEFT PLAIN - PETTY ($950 & UNDER),Central,34.0452,-118.2569
2024-09-04 17:55:00,PICKPOCKET,Central,34.0468,-118.2415
2024-09-04 19:30:00,BURGLARY FROM VEHICLE,Central,34.0415,-118.262
2024-09-04 21:20:00,BURGLARY FROM VEHICLE,Central,34.0483,-118.2631
2024-09-05 23:50:00,THEFT OF IDENTITY,Central,34.0435,-118.2427
2024-09-06 04:00:00,BURGLARY FROM VEHICLE,Central,34.0337,-118.2665
2024-09-06 21:10:00,PICKPOCKET,Central,34.0659,-118.2339
2024-09-06 20:00:00,PICKPOCKET,Central,34.0659,-118.2339
2024-09-05 06:30:00,THEFT FROM MOTOR VEHICLE - GRAND ($950.01 AND OVER),Central,34.0419,-118.2669
2024-09-06 23:00:00,PICKPOCKET,Central,34.0659,-118.2339
2024-09-06 18:00:00,BURGLARY FROM VEHICLE,Central,34.0505,-118.2509
2024-09-05 15:00:00,BURGLARY FROM VEHICLE,Central,34.0423,-118.2561
2024-09-07 06:13:00,TRESPASSING,Central,34.0328,-118.2683
2024-09-07 10:05:00,VEHICLE - STOLEN,Central,34.0615,-118.2412
2024-08-25 22:00:00,PICKPOCKET,Central,34.0573,-118.2474
2024-09-06 06:52:00,"LETTERS, LEWD  -  TELEPHONE CALLS, LEWD",Central,34.0466,-118.259
2024-09-03 10:30:00,"VANDALISM - FELONY ($400 & OVER, ALL CHURCH VANDALISMS)",Central,34.064,-118.2375
2024-08-10 18:05:00,BURGLARY FROM VEHICLE,Central,34.0439,-118.2326
2024-09-05 17:30:00,"THEFT-GRAND ($950.01 & OVER)EXCPT,GUNS,FOWL,LIVESTK,PROD",Central,34.0501,-118.2558
2024-03-01 12:00:00,THEFT PLAIN - PETTY ($950 & UNDER),Central,34.0448,-118.2474
2024-09-06 08:30:00,THEFT FROM MOTOR VEHICLE - GRAND ($950.01 AND OVER),Central,34.0419,-118.2351
2024-09-05 15:00:00,THEFT PLAIN - PETTY ($950 & UNDER),Central,34.0423,-118.2595
2024-09-04 12:57:00,THEFT PLAIN - PETTY ($950 & UNDER),Central,34.0382,-118.2384
2024-08-18 04:25:00,BURGLARY FROM VEHICLE,Central,34.046,-118.2493
2024-09-04 15:45:00,"VANDALISM - FELONY ($400 & OVER, ALL CHURCH VANDALISMS)",Central,34.0677,-118.2259
2024-09-06 22:30:00,PICKPOCKET,Central,34.0659,-118.2339
2024-09-06 19:25:00,"VANDALISM - FELONY ($400 & OVER, ALL CHURCH VANDALISMS)",Central,34.0483,-118.2631
2024-09-06 21:54:00,PICKPOCKET,Central,34.0659,-118.2339
2024-09-06 22:20:00,BURGLARY FROM VEHICLE,Central,34.0474,-118.2496
2024-09-07 03:30:00,BURGLARY FROM VEHICLE,Central,34.0337,-118.2665
2024-09-07 02:00:00,"VANDALISM - FELONY ($400 & OVER, ALL CHURCH VANDALISMS)",Central,34.0446,-118.249
2024-09-07 02:11:00,"VANDALISM - FELONY ($400 & OVER, ALL CHURCH VANDALISMS)",Central,34.0487,-118.2588
2024-09-07 01:05:00,"THEFT-GRAND ($950.01 & OVER)EXCPT,GUNS,FOWL,LIVESTK,PROD",Central,34.046,-118.251
2024-09-06 03:20:00,DRUNK ROLL,Central,34.0561,-118.2375
2024-09-06 21:45:00,VEHICLE - STOLEN,Central,34.0423,-118.2453
2024-09-07 11:30:00,"VEHICLE, STOLEN - OTHER (MOTORIZED SCOOTERS, BIKES, ETC)",Central,34.0474,-118.2496
2024-09-07 12:30:00,BURGLARY FROM VEHICLE,Central,34.0474,-118.2496
2024-09-07 06:30:00,TRESPASSING,Central,34.0549,-118.2511
2024-09-07 07:40:00,TRESPASSING,Central,34.0549,-118.2511
2024-09-07 07:50:00,TRESPASSING,Central,34.0549,-118.2511
2024-09-07 08:33:00,TRESPASSING,Central,34.0549,-118.2511
2024-09-07 06:00:00,TRESPASSING,Central,34.0492,-118.2391
2024-09-07 13:00:00,SHOPLIFTING - PETTY THEFT ($950 & UNDER),Central,34.0462,-118.2585
2024-09-07 15:00:00,SHOPLIFTING - PETTY THEFT ($950 & UNDER),Central,34.0462,-118.2585
2024-09-07 14:50:00,SHOPLIFTING - PETTY THEFT ($950 & UNDER),Central,34.0462,-118.2585
2024-09-07 09:00:00,"THEFT-GRAND ($950.01 & OVER)EXCPT,GUNS,FOWL,LIVESTK,PROD",Central,34.0431,-118.2692
2024-08-04 15:45:00,BIKE - STOLEN,Central,34.043,-118.2606
2024-09-07 18:00:00,BURGLARY FROM VEHICLE,Central,34.0408,-118.2644
2024-08-16 14:20:00,THEFT PLAIN - PETTY ($950 & UNDER),Central,34.0468,-118.2415
2024-09-07 16:00:00,BURGLARY FROM VEHICLE,Central,34.0454,-118.2333
2024-08-29 11:14:00,SHOPLIFTING - PETTY THEFT ($950 & UNDER),Central,34.0483,-118.2631
2024-09-07 15:45:00,THEFT PLAIN - PETTY ($950 & UNDER),Central,34.0431,-118.2692
2024-09-07 16:00:00,"THEFT-GRAND ($950.01 & OVER)EXCPT,GUNS,FOWL,LIVESTK,PROD",Central,34.0419,-118.2523
2024-09-07 20:30:00,TRESPASSING,Central,34.0528,-118.255
2024-09-08 05:30:00,ROBBERY,Central,34.0646,-118.2474
2024-08-31 18:00:00,"VANDALISM - FELONY ($400 & OVER, ALL CHURCH VANDALISMS)",Central,34.0658,-118.2366
2024-09-06 20:30:00,PICKPOCKET,Central,34.0661,-118.2335
2024-09-07 20:38:00,PICKPOCKET,Central,34.0659,-118.2339
2024-09-07 20:25:00,PICKPOCKET,Central,34.0546,-118.2447
2024-09-07 16:00:00,BURGLARY FROM VEHICLE,Central,34.0659,-118.2293
2024-09-08 06:25:00,TRESPASSING,Central,34.0549,-118.2511
2024-09-08 06:00:00,TRESPASSING,Central,34.0549,-118.2511
2024-09-08 06:10:00,TRESPASSING,Central,34.0549,-118.2511
2024-09-08 06:20:00,TRESPASSING,Central,34.0549,-118.2511
2024-09-07 18:15:00,PICKPOCKET,Central,34.0573,-118.2474
2024-09-07 18:00:00,THEFT FROM MOTOR VEHICLE - GRAND ($950.01 AND OVER),Central,34.0659,-118.2293
2024-09-07 20:00:00,"THEFT-GRAND ($950.01 & OVER)EXCPT,GUNS,FOWL,LIVESTK,PROD",Central,34.0558,-118.2436
2024-08-11 00:01:00,VANDALISM - MISDEAMEANOR ($399 OR UNDER),Central,34.055,-118.2321
2024-09-07 22:30:00,"VANDALISM - FELONY ($400 & OVER, ALL CHURCH VANDALISMS)",Central,34.0423,-118.2561
2024-09-08 15:31:00,TRESPASSING,Central,34.0508,-118.2586
2024-09-07 21:41:00,VEHICLE - STOLEN,Central,34.0516,-118.2561
2024-09-05 21:00:00,BURGLARY FROM VEHICLE,Central,34.0654,-118.2482
2024-08-24 13:40:00,"VANDALISM - FELONY ($400 & OVER, ALL CHURCH VANDALISMS)",Central,34.0584,-118.2331
2024-09-08 14:00:00,"THEFT-GRAND ($950.01 & OVER)EXCPT,GUNS,FOWL,LIVESTK,PROD",Central,34.0492,-118.2391
2024-09-07 21:40:00,PICKPOCKET,Central,34.0417,-118.2584
2024-06-08 17:40:00,THEFT OF IDENTITY,Central,34.0437,-118.2455
2024-09-08 00:18:00,THEFT OF IDENTITY,Central,34.0357,-118.2663
2024-09-07 10:15:00,"VANDALISM - FELONY ($400 & OVER, ALL CHURCH VANDALISMS)",Central,34.0713,-118.2291
2024-09-08 20:00:00,PICKPOCKET,Central,34.0573,-118.2474
2024-09-08 11:30:00,"VANDALISM - FELONY ($400 & OVER, ALL CHURCH VANDALISMS)",Central,34.0488,-118.25
2024-09-07 20:30:00,PICKPOCKET,Central,34.0573,-118.2474
2024-09-08 14:00:00,TRESPASSING,Central,34.0549,-118.2511
2024-09-08 15:10:00,TRESPASSING,Central,34.0508,-118.2586
2024-09-07 06:30:00,TRESPASSING,Central,34.0473,-118.2566
2024-09-07 14:35:00,TRESPASSING,Central,34.0508,-118.2586
2024-09-07 14:15:00,TRESPASSING,Central,34.0508,-118.2586
2024-09-07 14:30:00,TRESPASSING,Central,34.0508,-118.2586
2024-09-07 14:45:00,TRESPASSING,Central,34.0508,-118.2586
2024-09-07 17:05:00,TRESPASSING,Central,34.0508,-118.2586
2024-09-07 15:15:00,TRESPASSING,Central,34.0635,-118.2357
2024-09-07 15:00:00,TRESPASSING,Central,34.0635,-118.2357
2024-09-07 14:20:00,TRESPASSING,Central,34.0635,-118.2357
2024-09-07 14:30:00,TRESPASSING,Central,34.0635,-118.2357
2024-09-04 23:27:00,THEFT PLAIN - PETTY ($950 & UNDER),Central,34.0508,-118.2586
2024-09-08 23:20:00,TRESPASSING,Central,34.0549,-118.2511
2024-09-09 05:30:00,TRESPASSING,Central,34.0524,-118.2467
2024-09-07 21:30:00,VEHICLE - STOLEN,Central,34.058,-118.241
2024-09-08 18:16:00,VEHICLE - STOLEN,Central,34.0462,-118.2628
2024-09-09 00:58:00,BURGLARY FROM VEHICLE,Central,34.0382,-118.2603
2024-08-29 15:08:00,THEFT PLAIN - PETTY ($950 & UNDER),Central,34.042,-118.2625
2024-08-24 01:00:00,BURGLARY FROM VEHICLE,Central,34.044,-118.24
2024-09-05 08:00:00,THEFT PLAIN - PETTY ($950 & UNDER),Central,34.0539,-118.2436
2024-09-03 10:27:00,THEFT PLAIN - PETTY ($950 & UNDER),Central,34.0419,-118.2351
2024-06-07 10:20:00,THEFT PLAIN - PETTY ($950 & UNDER),Central,34.0432,-118.2504
2024-08-27 23:55:00,"THEFT-GRAND ($950.01 & OVER)EXCPT,GUNS,FOWL,LIVESTK,PROD",Central,34.0601,-118.2502
2024-09-07 18:47:00,THEFT OF IDENTITY,Central,34.0462,-118.2628
2024-09-08 22:00:00,THEFT FROM MOTOR VEHICLE - GRAND ($950.01 AND OVER),Central,34.0495,-118.2528
2024-08-27 23:35:00,"THEFT-GRAND ($950.01 & OVER)EXCPT,GUNS,FOWL,LIVESTK,PROD",Central,34.0566,-118.2531
2024-08-27 23:45:00,"THEFT-GRAND ($950.01 & OVER)EXCPT,GUNS,FOWL,LIVESTK,PROD",Central,34.0628,-118.2396
2024-08-27 23:50:00,"THEFT-GRAND ($950.01 & OVER)EXCPT,GUNS,FOWL,LIVESTK,PROD",Central,34.0492,-118.2391
2024-08-27 23:00:00,"THEFT-GRAND ($950.01 & OVER)EXCPT,GUNS,FOWL,LIVESTK,PROD",Central,34.048,-118.2438
2024-09-06 23:10:00,OTHER MISCELLANEOUS CRIME,Central,34.0338,-118.2708
2024-09-08 08:32:00,"VANDALISM - FELONY ($400 & OVER, ALL CHURCH VANDALISMS)",Central,34.0473,-118.2601
2024-08-31 14:00:00,"VANDALISM - FELONY ($400 & OVER, ALL CHURCH VANDALISMS)",Central,34.0522,-118.2538
2024-09-09 08:00:00,TRESPASSING,Central,34.0561,-118.2375
2024-08-31 14:00:00,BURGLARY FROM VEHICLE,Central,34.0419,-118.2669
2024-09-08 16:25:00,THEFT OF IDENTITY,Central,34.0462,-118.2585
2024-09-06 23:30:00,PICKPOCKET,Central,34.0516,-118.2491
2024-09-08 04:49:00,THEFT OF IDENTITY,Central,34.0736,-118.2312
2024-09-06 19:15:00,"VANDALISM - FELONY ($400 & OVER, ALL CHURCH VANDALISMS)",Central,34.0466,-118.252
2024-09-08 18:55:00,PICKPOCKET,Central,34.0573,-118.2474
2024-09-06 23:35:00,"THEFT-GRAND ($950.01 & OVER)EXCPT,GUNS,FOWL,LIVESTK,PROD",Central,34.0462,-118.2371
2024-08-25 00:01:00,VANDALISM - MISDEAMEANOR ($399 OR UNDER),Central,34.0516,-118.2561
2024-03-09 12:00:00,"VANDALISM - FELONY ($400 & OVER, ALL CHURCH VANDALISMS)",Central,34.0466,-118.259
2024-09-08 15:05:00,"VANDALISM - FELONY ($400 & OVER, ALL CHURCH VANDALISMS)",Central,34.048,-118.2577
2024-09-10 02:18:00,TRESPASSING,Central,34.0522,-118.2434
2024-08-25 14:00:00,BURGLARY FROM VEHICLE,Central,34.0423,-118.2561
2024-09-07 17:30:00,"THEFT-GRAND ($950.01 & OVER)EXCPT,GUNS,FOWL,LIVESTK,PROD",Central,34.0431,-118.2692
2024-09-10 02:00:00,"VANDALISM - FELONY ($400 & OVER, ALL CHURCH VANDALISMS)",Central,34.0649,-118.24
2024-09-05 10:30:00,"THEFT-GRAND ($950.01 & OVER)EXCPT,GUNS,FOWL,LIVESTK,PROD",Central,34.0414,-118.2319
2024-06-04 12:00:00,THEFT OF IDENTITY,Central,34.0453,-118.2443
2024-09-02 23:30:00,BURGLARY FROM VEHICLE,Central,34.0382,-118.2603
2024-09-07 15:00:00,PICKPOCKET,Central,34.0431,-118.2692
2024-09-09 23:30:00,"VANDALISM - FELONY ($400 & OVER, ALL CHURCH VANDALISMS)",Central,34.0467,-118.252
2024-09-08 13:30:00,BURGLARY FROM VEHICLE,Central,34.0644,-118.2387
2024-09-10 14:20:00,TRESPASSING,Central,34.0338,-118.2706
2024-09-10 23:50:00,BURGLARY FROM VEHICLE,Central,34.0495,-118.2459
2024-09-10 08:35:00,BURGLARY FROM VEHICLE,Central,34.0649,-118.24
2024-09-09 08:10:00,"VANDALISM - FELONY ($400 & OVER, ALL CHURCH VANDALISMS)",Central,34.0495,-118.2458
2024-09-10 19:37:00,THEFT PLAIN - PETTY ($950 & UNDER),Central,34.0519,-118.2531
2024-09-10 20:25:00,VEHICLE - STOLEN,Central,34.0357,-118.2663
2024-09-10 20:30:00,VEHICLE - STOLEN,Central,34.0358,-118.2594
2024-09-11 06:15:00,TRESPASSING,Central,34.0338,-118.2706
2024-09-11 06:27:00,TRESPASSING,Central,34.0338,-118.2706
2024-09-03 08:30:00,"EMBEZZLEMENT, GRAND THEFT ($950.01 & OVER)",Central,34.0501,-118.2593
2024-09-11 09:20:00,THEFT FROM MOTOR VEHICLE - PETTY ($950 & UNDER),Central,34.0473,-118.2601
2024-09-10 11:00:00,"THEFT-GRAND ($950.01 & OVER)EXCPT,GUNS,FOWL,LIVESTK,PROD",Central,34.0401,-118.2669
2024-09-04 21:30:00,BURGLARY FROM VEHICLE,Central,34.0481,-118.2472
2024-09-11 06:10:00,TRESPASSING,Central,34.0635,-118.2357
2024-09-11 06:34:00,TRESPASSING,Central,34.0338,-118.2706
2024-09-11 08:30:00,TRESPASSING,Central,34.0508,-118.2586
2024-09-10 22:51:00,"VANDALISM - FELONY ($400 & OVER, ALL CHURCH VANDALISMS)",Central,34.0446,-118.2507
2024-09-10 11:00:00,THEFT PLAIN - PETTY ($950 & UNDER),Central,34.0461,-118.2475
2024-08-12 11:30:00,THEFT OF IDENTITY,Central,34.0678,-118.2466
2024-09-11 18:10:00,SHOPLIFTING - PETTY THEFT ($950 & UNDER),Central,34.048,-118.2577
2024-09-09 01:45:00,THEFT PLAIN - PETTY ($950 & UNDER),Central,34.0515,-118.2424
2024-09-11 17:40:00,"VEHICLE, STOLEN - OTHER (MOTORIZED SCOOTERS, BIKES, ETC)",Central,34.0503,-118.2434
2024-09-06 19:53:00,"VANDALISM - FELONY ($400 & OVER, ALL CHURCH VANDALISMS)",Central,34.0396,-118.259
2024-09-11 19:00:00,BURGLARY FROM VEHICLE,Central,34.0531,-118.2478
2024-09-09 20:01:00,BURGLARY FROM VEHICLE,Central,34.0426,-118.2528
2024-09-11 20:30:00,BURGLARY FROM VEHICLE,Central,34.0488,-118.25
2024-09-11 14:47:00,BURGLARY FROM VEHICLE,Central,34.0519,-118.2506
2024-09-10 23:20:00,TRESPASSING,Central,34.0549,-118.2511
2024-09-11 23:13:00,"VEHICLE, STOLEN - OTHER (MOTORIZED SCOOTERS, BIKES, ETC)",Central,34.0488,-118.2483
2024-09-10 19:00:00,VEHICLE - STOLEN,Central,34.0458,-118.2614
2024-09-03 12:00:00,THEFT FROM MOTOR VEHICLE - PETTY ($950 & UNDER),Central,34.0479,-118.2612
2024-08-05 06:00:00,THEFT FROM MOTOR VEHICLE - PETTY ($950 & UNDER),Central,34.048,-118.2438
2024-09-05 00:20:00,THEFT OF IDENTITY,Central,34.0467,-118.252
2024-09-12 06:20:00,TRESPASSING,Central,34.0508,-118.2586
2024-09-12 07:10:00,TRESPASSING,Central,34.0549,-118.2511
2024-06-10 11:00:00,THEFT PLAIN - PETTY ($950 & UNDER),Central,34.0421,-118.2469
2024-09-11 10:15:00,THEFT FROM MOTOR VEHICLE - GRAND ($950.01 AND OVER),Central,34.0607,-118.2435
2024-09-10 15:30:00,BURGLARY FROM VEHICLE,Central,34.0467,-118.252
2024-09-11 16:00:00,BURGLARY FROM VEHICLE,Central,34.0388,-118.2574
2024-09-11 20:27:00,THEFT PLAIN - PETTY ($950 & UNDER),Central,34.0438,-118.2547
2024-09-12 05:15:00,"VANDALISM - FELONY ($400 & OVER, ALL CHURCH VANDALISMS)",Central,34.0533,-118.2481
2024-09-10 11:15:00,THEFT PLAIN - PETTY ($950 & UNDER),Central,34.0627,-118.2463
2024-09-08 04:00:00,VEHICLE - STOLEN,Central,34.0363,-118.2672
2024-09-12 15:15:00,TRESPASSING,Central,34.0549,-118.2511
2024-09-12 18:00:00,BURGLARY FROM VEHICLE,Central,34.0346,-118.2323
2024-09-07 20:00:00,PICKPOCKET,Central,34.0573,-118.2474
2024-09-12 21:40:00,BURGLARY FROM VEHICLE,Central,34.0423,-118.2561
2024-09-12 20:45:00,BURGLARY FROM VEHICLE,Central,34.0436,-118.2354
2024-09-12 17:00:00,VEHICLE - STOLEN,Central,34.0466,-118.252
2024-09-12 22:00:00,TRESPASSING,Central,34.0549,-118.2511
2024-09-12 23:30:00,VEHICLE - STOLEN,Central,34.0463,-118.255
2024-09-11 15:45:00,VEHICLE - STOLEN,Central,34.0361,-118.2634
2024-09-09 21:00:00,"VEHICLE, STOLEN - OTHER (MOTORIZED SCOOTERS, BIKES, ETC)",Central,34.0487,-118.2627
2024-09-11 00:01:00,BURGLARY FROM VEHICLE,Central,34.0519,-118.2531
2024-09-12 10:18:00,VEHICLE - STOLEN,Central,34.0475,-118.2657
2024-09-09 22:00:00,"VANDALISM - FELONY ($400 & OVER, ALL CHURCH VANDALISMS)",Central,34.0495,-118.2459
2024-09-07 21:00:00,PICKPOCKET,Central,34.0659,-118.2339
2024-09-12 04:15:00,"VANDALISM - FELONY ($400 & OVER, ALL CHURCH VANDALISMS)",Central,34.048,-118.2577
2024-09-13 07:30:00,VEHICLE - STOLEN,Central,34.0409,-118.2609
2024-09-12 10:45:00,TRESPASSING,Central,34.0417,-118.2398
2024-09-01 01:30:00,"THEFT-GRAND ($950.01 & OVER)EXCPT,GUNS,FOWL,LIVESTK,PROD",Central,34.0493,-118.2582
2024-09-10 11:45:00,"VANDALISM - FELONY ($400 & OVER, ALL CHURCH VANDALISMS)",Central,34.0542,-118.2415
2024-09-01 05:20:00,BURGLARY FROM VEHICLE,Central,34.0569,-118.254
2024-09-12 13:27:00,"LETTERS, LEWD  -  TELEPHONE CALLS, LEWD",Central,34.0372,-118.2654
2024-06-01 09:00:00,THEFT FROM MOTOR VEHICLE - GRAND ($950.01 AND OVER),Central,34.0569,-118.254
2024-07-16 00:01:00,VANDALISM - MISDEAMEANOR ($399 OR UNDER),Central,34.0569,-118.254
2024-09-07 16:45:00,THEFT PLAIN - PETTY ($950 & UNDER),Central,34.0454,-118.2658
2024-09-06 06:15:00,"VANDALISM - FELONY ($400 & OVER, ALL CHURCH VANDALISMS)",Central,34.0403,-118.2421
2024-09-13 14:54:00,SHOPLIFTING - PETTY THEFT ($950 & UNDER),Central,34.048,-118.2577
2024-09-06 22:30:00,BURGLARY FROM VEHICLE,Central,34.046,-118.2493
2024-09-12 18:19:00,SHOPLIFTING - PETTY THEFT ($950 & UNDER),Central,34.0452,-118.2533
2024-09-12 23:35:00,VANDALISM - MISDEAMEANOR ($399 OR UNDER),Central,34.053,-118.2512
2024-09-13 20:30:00,BURGLARY FROM VEHICLE,Central,34.0472,-118.2342
2024-09-07 21:00:00,PICKPOCKET,Central,34.0573,-118.2474
2024-09-13 18:30:00,VEHICLE - STOLEN,Central,34.0736,-118.2312
2024-09-14 06:30:00,TRESPASSING,Central,34.0635,-118.2357
2024-09-07 21:00:00,"THEFT-GRAND ($950.01 & OVER)EXCPT,GUNS,FOWL,LIVESTK,PROD",Central,34.0573,-118.2474
2024-09-07 17:30:00,"THEFT-GRAND ($950.01 & OVER)EXCPT,GUNS,FOWL,LIVESTK,PROD",Central,34.0573,-118.2474
2024-09-13 20:00:00,VEHICLE - STOLEN,Central,34.0599,-118.2426
2024-09-13 23:15:00,BURGLARY FROM VEHICLE,Central,34.0305,-118.262
2024-09-14 11:20:00,SHOPLIFTING - PETTY THEFT ($950 & UNDER),Central,34.0493,-118.2417
2024-09-13 22:25:00,THEFT PLAIN - PETTY ($950 & UNDER),Central,34.0479,-118.2612
2024-09-13 18:15:00,VEHICLE - STOLEN,Central,34.0435,-118.236
2024-09-14 11:00:00,SHOPLIFTING - PETTY THEFT ($950 & UNDER),Central,34.048,-118.2577
2024-09-14 18:50:00,SHOPLIFTING - PETTY THEFT ($950 & UNDER),Central,34.0493,-118.2417
2024-09-14 03:50:00,THEFT FROM MOTOR VEHICLE - GRAND ($950.01 AND OVER),Central,34.0419,-118.2669
2024-09-09 16:00:00,BURGLARY FROM VEHICLE,Central,34.0474,-118.2496
2024-09-14 03:25:00,BURGLARY FROM VEHICLE,Central,34.0446,-118.2507
2024-09-13 23:00:00,PICKPOCKET,Central,34.0456,-118.2504
2024-08-12 18:18:00,BURGLARY FROM VEHICLE,Central,34.043,-118.2571
2024-08-27 21:15:00,THEFT PLAIN - PETTY ($950 & UNDER),Central,34.0462,-118.2628
2024-09-14 13:20:00,THEFT FROM MOTOR VEHICLE - GRAND ($950.01 AND OVER),Central,34.0493,-118.2417
2024-09-12 22:00:00,BURGLARY FROM VEHICLE,Central,34.0419,-118.2669
2024-06-05 05:12:00,THEFT OF IDENTITY,Central,34.0607,-118.2494
2024-09-14 19:00:00,"THEFT-GRAND ($950.01 & OVER)EXCPT,GUNS,FOWL,LIVESTK,PROD",Central,34.0535,-118.256
2024-09-14 14:00:00,VEHICLE - STOLEN,Central,34.0444,-118.2628
2024-09-14 20:45:00,BURGLARY FROM VEHICLE,Central,34.0461,-118.2395
2024-09-13 17:00:00,VEHICLE - STOLEN,Central,34.0393,-118.2659
2024-09-15 09:25:00,TRESPASSING,Central,34.0338,-118.2706
2024-09-15 09:25:00,TRESPASSING,Central,34.0415,-118.2655
2024-09-15 08:00:00,TRESPASSING,Central,34.0473,-118.2566
2024-09-13 21:45:00,BURGLARY FROM VEHICLE,Central,34.0327,-118.2647
2024-09-15 01:00:00,BURGLARY FROM VEHICLE,Central,34.0316,-118.2626
2024-09-15 01:30:00,BURGLARY FROM VEHICLE,Central,34.0452,-118.2569
2024-09-14 20:15:00,"VANDALISM - FELONY ($400 & OVER, ALL CHURCH VANDALISMS)",Central,34.047,-118.2457
2024-09-15 13:00:00,VEHICLE - STOLEN,Central,34.0495,-118.2459
2024-09-13 17:35:00,"VANDALISM - FELONY ($400 & OVER, ALL CHURCH VANDALISMS)",Central,34.0419,-118.2523
2024-09-15 06:50:00,TRESPASSING,Central,34.0549,-118.2511
2024-09-15 08:15:00,TRESPASSING,Central,34.0549,-118.2511
2024-09-14 22:00:00,BURGLARY FROM VEHICLE,Central,34.0461,-118.2395
2024-09-14 21:30:00,BURGLARY FROM VEHICLE,Central,34.0483,-118.2443
2024-09-14 22:00:00,PICKPOCKET,Central,34.053,-118.2512
2024-09-13 21:00:00,BURGLARY FROM VEHICLE,Central,34.047,-118.2457
2024-09-15 14:05:00,TRESPASSING,Central,34.0415,-118.2655
2024-09-14 01:35:00,BURGLARY FROM VEHICLE,Central,34.0487,-118.2627
2024-09-14 20:40:00,PICKPOCKET,Central,34.053,-118.2512
2024-09-15 19:00:00,VEHICLE - STOLEN,Central,34.0531,-118.2478
2024-09-15 21:30:00,VEHICLE - STOLEN,Central,34.0461,-118.2674
2024-09-15 21:45:00,TRESPASSING,Central,34.0561,-118.2375
2024-09-11 23:55:00,"THEFT-GRAND ($950.01 & OVER)EXCPT,GUNS,FOWL,LIVESTK,PROD",Central,34.0547,-118.2505
2024-09-15 12:00:00,"VANDALISM - FELONY ($400 & OVER, ALL CHURCH VANDALISMS)",Central,34.0433,-118.2377
2024-09-16 06:45:00,TRESPASSING,Central,34.0524,-118.2467
2024-09-16 06:35:00,TRESPASSING,Central,34.0524,-118.2467
2024-09-16 09:00:00,TRESPASSING,Central,34.0492,-118.2391
2024-09-11 20:00:00,VEHICLE - STOLEN,Central,34.042,-118.2625
2024-09-14 10:30:00,"VEHICLE, STOLEN - OTHER (MOTORIZED SCOOTERS, BIKES, ETC)",Central,34.0462,-118.2585
2024-09-16 06:25:00,TRESPASSING,Central,34.0338,-118.2706
2024-09-16 08:40:00,TRESPASSING,Central,34.0547,-118.2505
2024-09-16 09:25:00,TRESPASSING,Central,34.0488,-118.2518
2024-09-11 23:55:00,"THEFT-GRAND ($950.01 & OVER)EXCPT,GUNS,FOWL,LIVESTK,PROD",Central,34.051,-118.248
2024-09-15 17:41:00,THEFT PLAIN - PETTY ($950 & UNDER),Central,34.0471,-118.2474
2024-09-13 22:00:00,BURGLARY FROM VEHICLE,Central,34.0519,-118.2506
2024-09-14 18:53:00,SHOPLIFTING - PETTY THEFT ($950 & UNDER),Central,34.0483,-118.2631
2024-09-15 06:00:00,VEHICLE - STOLEN,Central,34.0388,-118.2574
2024-09-13 23:20:00,CRUELTY TO ANIMALS,Central,34.0501,-118.2558
2024-09-07 07:00:00,THEFT FROM MOTOR VEHICLE - PETTY ($950 & UNDER),Central,34.0453,-118.2443
2024-09-16 15:24:00,THEFT FROM MOTOR VEHICLE - GRAND ($950.01 AND OVER),Central,34.0395,-118.2405
2024-09-16 19:30:00,TRESPASSING,Central,34.045,-118.264
2024-09-16 22:30:00,TRESPASSING,Central,34.0549,-118.2511
2024-09-16 22:50:00,TRESPASSING,Central,34.0549,-118.2511
2024-09-05 15:50:00,THEFT OF IDENTITY,Central,34.0432,-118.2504
2024-09-13 22:00:00,"VANDALISM - FELONY ($400 & OVER, ALL CHURCH VANDALISMS)",Central,34.0472,-118.2381
2024-09-14 20:11:00,"VANDALISM - FELONY ($400 & OVER, ALL CHURCH VANDALISMS)",Central,34.048,-118.2542
2024-09-13 23:55:00,TRESPASSING,Central,34.0559,-118.232
2024-08-18 05:25:00,PICKPOCKET,Central,34.0437,-118.2455
2024-09-16 20:18:00,VANDALISM - MISDEAMEANOR ($399 OR UNDER),Central,34.0402,-118.2598
2024-09-15 16:50:00,THEFT FROM MOTOR VEHICLE - PETTY ($950 & UNDER),Central,34.0569,-118.254
2024-09-16 21:30:00,THEFT FROM MOTOR VEHICLE - GRAND ($950.01 AND OVER),Central,34.0372,-118.2654
2024-09-17 06:50:00,TRESPASSING,Central,34.0508,-118.2586
2024-09-12 12:30:00,THEFT FROM MOTOR VEHICLE - PETTY ($950 & UNDER),Central,34.056,-118.2386
2024-09-11 23:50:00,BURGLARY FROM VEHICLE,Central,34.0599,-118.2426
2024-09-16 19:30:00,"VANDALISM - FELONY ($400 & OVER, ALL CHURCH VANDALISMS)",Central,34.0437,-118.2547
2024-09-17 23:30:00,TRESPASSING,Central,34.0549,-118.2511
2024-09-17 23:20:00,TRESPASSING,Central,34.0549,-118.2511
2024-09-17 15:00:00,TRESPASSING,Central,34.0488,-118.2518
2024-09-17 14:35:00,TRESPASSING,Central,34.0635,-118.2357
2024-09-17 15:10:00,TRESPASSING,Central,34.0488,-118.2518
2024-09-06 17:30:00,VANDALISM - MISDEAMEANOR ($399 OR UNDER),Central,34.058,-118.241
2024-09-06 12:13:00,"THEFT-GRAND ($950.01 & OVER)EXCPT,GUNS,FOWL,LIVESTK,PROD",Central,34.0458,-118.2614
2024-09-17 19:30:00,BURGLARY FROM VEHICLE,Central,34.0423,-118.2561
2024-08-30 07:10:00,SHOPLIFTING - PETTY THEFT ($950 & UNDER),Central,34.0483,-118.2631
2024-09-18 06:00:00,THEFT FROM MOTOR VEHICLE - PETTY ($950 & UNDER),Central,34.0452,-118.2533
2024-01-16 18:45:00,THEFT PLAIN - PETTY ($950 & UNDER),Central,34.0439,-118.2514
2024-02-06 13:15:00,"THEFT-GRAND ($950.01 & OVER)EXCPT,GUNS,FOWL,LIVESTK,PROD",Central,34.0405,-118.2567
2024-01-18 08:45:00,THEFT PLAIN - PETTY ($950 & UNDER),Central,34.0466,-118.252
2024-09-16 07:00:00,THEFT FROM MOTOR VEHICLE - GRAND ($950.01 AND OVER),Central,34.0383,-118.2327
2024-09-18 07:30:00,THEFT OF IDENTITY,Central,34.0578,-118.252
2024-09-18 07:50:00,TRESPASSING,Central,34.0508,-118.2586
2024-09-18 07:36:00,TRESPASSING,Central,34.0497,-118.2381
2024-09-18 06:55:00,TRESPASSING,Central,34.0497,-118.2381
2024-09-18 07:25:00,TRESPASSING,Central,34.0497,-118.2381
2024-09-18 06:00:00,TRESPASSING,Central,34.0635,-118.2357
2024-09-01 13:00:00,THEFT PLAIN - PETTY ($950 & UNDER),Central,34.046,-118.251
2024-09-01 13:10:00,THEFT OF IDENTITY,Central,34.0421,-118.2469
2024-09-07 11:00:00,THEFT OF IDENTITY,Central,34.0535,-118.2491
2024-09-18 07:50:00,BATTERY - SIMPLE ASSAULT,Central,34.0449,-118.2458
2024-08-18 12:00:00,VEHICLE - STOLEN,Central,34.0362,-118.2386
2024-09-18 13:45:00,VEHICLE - STOLEN,Central,34.0401,-118.2533
2024-09-17 23:00:00,BURGLARY FROM VEHICLE,Central,34.0453,-118.236
2024-09-18 14:13:00,THEFT PLAIN - PETTY ($950 & UNDER),Central,34.0473,-118.2566
2024-09-17 11:00:00,VEHICLE - STOLEN,Central,34.0388,-118.2717
2024-09-17 13:54:00,BURGLARY FROM VEHICLE,Central,34.0455,-118.2379
2024-09-17 19:00:00,BURGLARY FROM VEHICLE,Central,34.0481,-118.2472
2024-09-12 23:00:00,BURGLARY FROM VEHICLE,Central,34.0662,-118.2476
2024-09-18 14:30:00,TRESPASSING,Central,34.0549,-118.2511
2024-09-18 15:10:00,TRESPASSING,Central,34.0549,-118.2511
2024-09-18 18:00:00,BURGLARY FROM VEHICLE,Central,34.0498,-118.24
2024-09-17 05:00:00,VEHICLE - ATTEMPT STOLEN,Central,34.042,-118.2625
2024-09-18 21:30:00,VEHICLE - STOLEN,Central,34.0409,-118.2609
2024-09-18 23:30:00,TRESPASSING,Central,34.0549,-118.2511
2024-06-04 17:00:00,"EMBEZZLEMENT, GRAND THEFT ($950.01 & OVER)",Central,34.0493,-118.2417
2024-09-19 08:50:00,VEHICLE - STOLEN,Central,34.0417,-118.2398
2024-09-18 19:00:00,THEFT PLAIN - PETTY ($950 & UNDER),Central,34.0438,-118.2416
2024-09-19 08:20:00,TRESPASSING,Central,34.0549,-118.2511
2024-09-19 07:40:00,TRESPASSING,Central,34.0549,-118.2511
2024-09-14 08:05:00,"VANDALISM - FELONY ($400 & OVER, ALL CHURCH VANDALISMS)",Central,34.051,-118.248
2024-09-16 11:52:00,THEFT PLAIN - PETTY ($950 & UNDER),Central,34.0665,-118.2446
2024-09-19 06:50:00,TRESPASSING,Central,34.0549,-118.2511
2024-09-14 21:30:00,PICKPOCKET,Central,34.053,-118.2512
2024-08-26 20:40:00,"THEFT-GRAND ($950.01 & OVER)EXCPT,GUNS,FOWL,LIVESTK,PROD",Central,34.0419,-118.2669
2024-09-19 07:00:00,BURGLARY FROM VEHICLE,Central,34.0445,-118.2558
2024-09-11 12:57:00,THEFT OF IDENTITY,Central,34.0453,-118.2499
2024-09-18 17:00:00,BURGLARY FROM VEHICLE,Central,34.0493,-118.2417
2024-09-17 10:30:00,"VANDALISM - FELONY ($400 & OVER, ALL CHURCH VANDALISMS)",Central,34.058,-118.241
2024-09-12 21:00:00,BURGLARY FROM VEHICLE,Central,34.0485,-118.2326
2024-09-19 07:00:00,THEFT FROM MOTOR VEHICLE - GRAND ($950.01 AND OVER),Central,34.0668,-118.2301
2024-09-11 04:14:00,"THEFT-GRAND ($950.01 & OVER)EXCPT,GUNS,FOWL,LIVESTK,PROD",Central,34.037,-118.2688
2024-09-11 18:14:00,SHOPLIFTING - PETTY THEFT ($950 & UNDER),Central,34.0483,-118.2631
2024-09-13 00:01:00,THEFT PLAIN - PETTY ($950 & UNDER),Central,34.0503,-118.247
2024-09-19 12:45:00,BURGLARY FROM VEHICLE,Central,34.0607,-118.2494
2024-09-19 15:00:00,BURGLARY FROM VEHICLE,Central,34.0468,-118.2415
2024-09-13 00:01:00,THEFT PLAIN - PETTY ($950 & UNDER),Central,34.0406,-118.2669
2024-09-19 14:41:00,SHOPLIFTING - PETTY THEFT ($950 & UNDER),Central,34.0483,-118.2631
2024-09-12 00:01:00,THEFT PLAIN - PETTY ($950 & UNDER),Central,34.0466,-118.2555
2024-09-12 00:01:00,THEFT PLAIN - PETTY ($950 & UNDER),Central,34.0473,-118.2566
2024-09-11 12:00:00,CHILD STEALING,Central,34.0573,-118.2455
2024-09-19 13:50:00,TRESPASSING,Central,34.0308,-118.2638
2024-09-19 16:00:00,SHOPLIFTING - PETTY THEFT ($950 & UNDER),Central,34.0483,-118.2631
2024-09-19 21:50:00,TRESPASSING,Central,34.0549,-118.2511
2024-09-19 17:50:00,VEHICLE - STOLEN,Central,34.0347,-118.2646
2024-09-19 18:00:00,"VANDALISM - FELONY ($400 & OVER, ALL CHURCH VANDALISMS)",Central,34.0477,-118.2467
2024-09-19 14:10:00,TRESPASSING,Central,34.0415,-118.2655
2024-09-19 20:00:00,BURGLARY FROM VEHICLE,Central,34.0473,-118.2425
2024-09-12 00:01:00,THEFT PLAIN - PETTY ($950 & UNDER),Central,34.0445,-118.2523
2024-09-14 21:00:00,VEHICLE - STOLEN,Central,34.0359,-118.2648
2024-09-20 06:20:00,TRESPASSING,Central,34.0338,-118.2706
2024-09-20 05:50:00,TRESPASSING,Central,34.0338,-118.2706
2024-09-12 23:55:00,THEFT PLAIN - PETTY ($950 & UNDER),Central,34.0442,-118.2439
2024-09-12 23:55:00,THEFT PLAIN - PETTY ($950 & UNDER),Central,34.0409,-118.2574
2024-09-15 17:00:00,SHOPLIFTING - PETTY THEFT ($950 & UNDER),Central,34.0483,-118.2631
2024-09-18 15:00:00,VEHICLE - STOLEN,Central,34.0383,-118.2327
2024-09-20 13:10:00,BATTERY - SIMPLE ASSAULT,Central,34.0487,-118.2588
2024-09-21 01:15:00,VEHICLE - STOLEN,Central,34.0479,-118.2612
2024-09-12 21:00:00,BURGLARY FROM VEHICLE,Central,34.0409,-118.2574
2024-09-20 00:01:00,"VANDALISM - FELONY ($400 & OVER, ALL CHURCH VANDALISMS)",Central,34.0456,-118.2396
2024-09-18 16:00:00,THEFT PLAIN - PETTY ($950 & UNDER),Central,34.0495,-118.2494
2024-09-19 00:25:00,"THEFT-GRAND ($950.01 & OVER)EXCPT,GUNS,FOWL,LIVESTK,PROD",Central,34.0466,-118.259
2024-08-27 13:00:00,"THEFT-GRAND ($950.01 & OVER)EXCPT,GUNS,FOWL,LIVESTK,PROD",Central,34.0384,-118.2571
2024-09-20 23:15:00,TRESPASSING,Central,34.0547,-118.2335
2024-09-21 06:32:00,VEHICLE - STOLEN,Central,34.046,-118.251
2024-09-20 14:00:00,VEHICLE - STOLEN,Central,34.0423,-118.2595
2024-09-21 08:15:00,TRESPASSING,Central,34.0508,-118.2586
2024-09-21 07:15:00,TRESPASSING,Central,34.0508,-118.2586
2024-09-21 07:30:00,TRESPASSING,Central,34.0549,-118.2511
2024-09-21 07:00:00,TRESPASSING,Central,34.0508,-118.2586
2024-09-21 10:30:00,TRESPASSING,Central,34.0488,-118.2518
2024-09-20 23:20:00,PICKPOCKET,Central,34.0417,-118.2584
2024-09-16 22:01:00,"VANDALISM - FELONY ($400 & OVER, ALL CHURCH VANDALISMS)",Central,34.0468,-118.2415
2024-09-20 10:30:00,"VANDALISM - FELONY ($400 & OVER, ALL CHURCH VANDALISMS)",Central,34.0532,-118.2555
2024-09-20 23:00:00,"VANDALISM - FELONY ($400 & OVER, ALL CHURCH VANDALISMS)",Central,34.0452,-118.2569
2024-09-21 01:00:00,VEHICLE - STOLEN,Central,34.0457,-118.2371
2024-09-20 22:00:00,THEFT FROM MOTOR VEHICLE - PETTY ($950 & UNDER),Central,34.0569,-118.254
2024-09-21 06:40:00,TRESPASSING,Central,34.0338,-118.2706
2024-09-21 14:00:00,TRESPASSING,Central,34.0497,-118.2381
2024-09-22 01:30:00,VEHICLE - STOLEN,Central,34.0401,-118.2669
2024-09-21 15:10:00,TRESPASSING,Central,34.0497,-118.2381
2024-09-21 21:00:00,VEHICLE - STOLEN,Central,34.0488,-118.25
2024-09-21 21:45:00,BURGLARY FROM VEHICLE,Central,34.0376,-118.2593
2024-09-21 22:00:00,TRESPASSING,Central,34.0547,-118.2335
2024-09-21 19:53:00,BURGLARY FROM VEHICLE,Central,34.0509,-118.2515
2024-09-11 20:00:00,BURGLARY FROM VEHICLE,Central,34.0423,-118.2595
2024-09-02 00:15:00,THEFT OF IDENTITY,Central,34.046,-118.251
2024-08-06 15:00:00,BIKE - STOLEN,Central,34.0415,-118.262
2024-09-21 15:00:00,VEHICLE - STOLEN,Central,34.0606,-118.2366
2024-09-21 14:45:00,SHOPLIFTING - PETTY THEFT ($950 & UNDER),Central,34.0483,-118.2631
2024-08-21 06:10:00,TRESPASSING,Central,34.0338,-118.2706
2024-09-21 07:00:00,TRESPASSING,Central,34.0494,-118.2599
2024-09-22 07:30:00,TRESPASSING,Central,34.0494,-118.2599
2024-09-21 16:00:00,VEHICLE - STOLEN,Central,34.0308,-118.2638
2024-09-21 20:42:00,"EMBEZZLEMENT, GRAND THEFT ($950.01 & OVER)",Central,34.0459,-118.2579
2024-07-13 14:30:00,BIKE - STOLEN,Central,34.0415,-118.262
2024-09-20 21:25:00,"VANDALISM - FELONY ($400 & OVER, ALL CHURCH VANDALISMS)",Central,34.0504,-118.2409
2024-09-21 23:00:00,PICKPOCKET,Central,34.0652,-118.2369
2024-09-22 13:40:00,BURGLARY FROM VEHICLE,Central,34.048,-118.2577
2024-09-20 10:00:00,VEHICLE - STOLEN,Central,34.0408,-118.2644
2024-09-20 15:00:00,VEHICLE - STOLEN,Central,34.0423,-118.2561
2024-09-21 20:00:00,"BURGLARY FROM VEHICLE, ATTEMPTED",Central,34.0607,-118.2494
2024-09-22 11:55:00,SHOPLIFTING - PETTY THEFT ($950 & UNDER),Central,34.0483,-118.2631
2024-09-20 22:00:00,BURGLARY FROM VEHICLE,Central,34.0402,-118.2598
2024-09-22 20:25:00,PICKPOCKET,Central,34.0473,-118.2601
2024-09-21 19:00:00,"VANDALISM - FELONY ($400 & OVER, ALL CHURCH VANDALISMS)",Central,34.0509,-118.2515
2024-09-22 11:30:00,THEFT FROM MOTOR VEHICLE - GRAND ($950.01 AND OVER),Central,34.0561,-118.2375
2024-09-22 13:24:00,SHOPLIFTING - PETTY THEFT ($950 & UNDER),Central,34.0483,-118.2631
2024-09-22 14:00:00,TRESPASSING,Central,34.0338,-118.2706
2024-09-21 20:00:00,"BURGLARY FROM VEHICLE, ATTEMPTED",Central,34.0503,-118.247
2024-09-22 23:15:00,TRESPASSING,Central,34.0549,-118.2511
2024-09-21 20:00:00,"DEFRAUDING INNKEEPER/THEFT OF SERVICES, $950 & UNDER",Central,34.0561,-118.2375
2024-09-22 23:15:00,VEHICLE - STOLEN,Central,34.0475,-118.2657
2024-09-23 05:35:00,"VANDALISM - FELONY ($400 & OVER, ALL CHURCH VANDALISMS)",Central,34.0501,-118.2593
2024-08-30 01:00:00,THEFT FROM MOTOR VEHICLE - PETTY ($950 & UNDER),Central,34.051,-118.248
2024-09-22 03:15:00,VEHICLE - STOLEN,Central,34.0421,-118.2405
2024-09-14 13:00:00,THEFT FROM MOTOR VEHICLE - PETTY ($950 & UNDER),Central,34.0517,-118.2456
2024-09-20 05:00:00,THEFT FROM MOTOR VEHICLE - PETTY ($950 & UNDER),Central,34.0471,-118.2474
2024-09-18 20:00:00,BURGLARY FROM VEHICLE,Central,34.0409,-118.2609
2024-09-22 21:16:00,PICKPOCKET,Central,34.0615,-118.2412
2024-09-21 01:00:00,BURGLARY FROM VEHICLE,Central,34.0461,-118.2395
2024-09-13 00:01:00,THEFT PLAIN - PETTY ($950 & UNDER),Central,34.0487,-118.2588
2024-02-20 13:00:00,VANDALISM - MISDEAMEANOR ($399 OR UNDER),Central,34.0467,-118.252
2024-09-23 17:00:00,THEFT PLAIN - PETTY ($950 & UNDER),Central,34.0437,-118.2455
2024-09-01 17:38:00,"VANDALISM - FELONY ($400 & OVER, ALL CHURCH VANDALISMS)",Central,34.0495,-118.2458
2024-09-22 11:45:00,BIKE - STOLEN,Central,34.0448,-118.2474
2024-09-22 01:00:00,BURGLARY FROM VEHICLE,Central,34.0505,-118.2509
2024-09-23 14:40:00,TRESPASSING,Central,34.0549,-118.2511
2024-09-23 14:00:00,TRESPASSING,Central,34.0549,-118.2511
2024-09-23 23:20:00,TRESPASSING,Central,34.0549,-118.2511
2024-09-23 23:35:00,TRESPASSING,Central,34.0552,-118.2511
2024-04-21 18:45:00,BATTERY - SIMPLE ASSAULT,Central,34.0551,-118.2322
2024-09-23 10:00:00,TRESPASSING,Central,34.0561,-118.2375
2024-09-23 07:30:00,VEHICLE - STOLEN,Central,34.0459,-118.2352
2024-09-23 20:00:00,"THEFT-GRAND ($950.01 & OVER)EXCPT,GUNS,FOWL,LIVESTK,PROD",Central,34.051,-118.248
2024-09-23 19:00:00,BURGLARY FROM VEHICLE,Central,34.048,-118.2438
2024-09-21 20:00:00,"THEFT-GRAND ($950.01 & OVER)EXCPT,GUNS,FOWL,LIVESTK,PROD",Central,34.0419,-118.2669
2024-06-15 23:59:00,SEX OFFENDER REGISTRANT OUT OF COMPLIANCE,Central,34.0448,-118.2474
2024-09-12 07:35:00,BURGLARY FROM VEHICLE,Central,34.042,-118.2625
2024-09-24 12:20:00,VEHICLE - STOLEN,Central,34.0459,-118.2579
2024-09-24 16:00:00,TRESPASSING,Central,34.0508,-118.2586
2024-09-24 15:40:00,TRESPASSING,Central,34.0508,-118.2586
2024-09-24 03:15:00,VANDALISM - MISDEAMEANOR ($399 OR UNDER),Central,34.0473,-118.2425
2024-06-30 04:00:00,"VANDALISM - FELONY ($400 & OVER, ALL CHURCH VANDALISMS)",Central,34.0516,-118.2561
2024-09-22 17:30:00,THEFT PLAIN - PETTY ($950 & UNDER),Central,34.0453,-118.2443
2024-09-20 12:00:00,THEFT FROM MOTOR VEHICLE - PETTY ($950 & UNDER),Central,34.0444,-118.2628
2024-09-24 20:10:00,TRESPASSING,Central,34.0488,-118.2518
2024-09-24 16:45:00,TRESPASSING,Central,34.0488,-118.2518
2024-09-24 14:31:00,TRESPASSING,Central,34.0552,-118.2511
2024-09-24 15:00:00,TRESPASSING,Central,34.0488,-118.2518
2024-09-24 16:00:00,TRESPASSING,Central,34.0488,-118.2518
2024-02-06 21:00:00,VEHICLE - STOLEN,Central,34.0383,-118.2695
2024-09-24 15:55:00,TRESPASSING,Central,34.0488,-118.2518
2024-09-09 14:25:00,THEFT OF IDENTITY,Central,34.0483,-118.2631
2024-09-23 17:14:00,SHOPLIFTING - PETTY THEFT ($950 & UNDER),Central,34.0483,-118.2631
2024-09-24 15:15:00,SHOPLIFTING - PETTY THEFT ($950 & UNDER),Central,34.0483,-118.2631
2024-09-24 21:00:00,"THEFT-GRAND ($950.01 & OVER)EXCPT,GUNS,FOWL,LIVESTK,PROD",Central,34.0561,-118.2375
2024-09-24 17:30:00,BURGLARY FROM VEHICLE,Central,34.0414,-118.2332
2024-09-24 23:10:00,TRESPASSING,Central,34.0549,-118.2511
2024-09-24 14:25:00,TRESPASSING,Central,34.0508,-118.2586
2024-09-25 05:00:00,VEHICLE - STOLEN,Central,34.0392,-118.2328
2024-09-24 21:00:00,VEHICLE - STOLEN,Central,34.0607,-118.2494
2024-09-24 23:50:00,TRESPASSING,Central,34.0549,-118.2511
2024-09-25 00:01:00,VEHICLE - STOLEN,Central,34.0401,-118.2669
2024-09-25 08:04:00,TRESPASSING,Central,34.0549,-118.2511
2024-09-25 07:20:00,TRESPASSING,Central,34.0561,-118.2375
2024-09-25 06:00:00,TRESPASSING,Central,34.0524,-118.2467
2024-09-25 07:50:00,TRESPASSING,Central,34.0552,-118.2511
2024-09-25 07:00:00,TRESPASSING,Central,34.0659,-118.2339
2024-09-23 18:00:00,VEHICLE - STOLEN,Central,34.0452,-118.2569
2024-09-25 13:12:00,SHOPLIFTING - PETTY THEFT ($950 & UNDER),Central,34.0483,-118.2631
2024-01-04 15:25:00,THEFT OF IDENTITY,Central,34.0459,-118.2352
2024-09-24 14:30:00,"THEFT-GRAND ($950.01 & OVER)EXCPT,GUNS,FOWL,LIVESTK,PROD",Central,34.0439,-118.2479
2024-09-25 11:10:00,VANDALISM - MISDEAMEANOR ($399 OR UNDER),Central,34.0506,-118.2371
2024-09-25 03:29:00,VANDALISM - MISDEAMEANOR ($399 OR UNDER),Central,34.0607,-118.2494
2024-09-24 21:30:00,BURGLARY FROM VEHICLE,Central,34.0437,-118.2582
2024-05-30 21:24:00,THEFT OF IDENTITY,Central,34.0484,-118.2339
2024-09-23 13:00:00,VEHICLE - STOLEN,Central,34.0652,-118.2468
2024-07-10 16:42:00,"EMBEZZLEMENT, GRAND THEFT ($950.01 & OVER)",Central,34.0473,-118.2641
2024-09-26 06:20:00,TRESPASSING,Central,34.0492,-118.2391
2024-09-26 05:40:00,TRESPASSING,Central,34.0524,-118.2467
2024-09-20 22:40:00,BURGLARY FROM VEHICLE,Central,34.0408,-118.2644
2024-09-13 22:30:00,BURGLARY FROM VEHICLE,Central,34.0362,-118.2386
2024-09-20 07:40:00,"VANDALISM - FELONY ($400 & OVER, ALL CHURCH VANDALISMS)",Central,34.0648,-118.2313
2024-09-26 06:30:00,TRESPASSING,Central,34.0338,-118.2706
2024-09-25 12:00:00,VEHICLE - STOLEN,Central,34.0458,-118.2614
2024-09-24 18:39:00,SHOPLIFTING - PETTY THEFT ($950 & UNDER),Central,34.0483,-118.2631
2024-09-24 14:30:00,VEHICLE - STOLEN,Central,34.0487,-118.2362
2024-09-25 21:10:00,"VEHICLE, STOLEN - OTHER (MOTORIZED SCOOTERS, BIKES, ETC)",Central,34.0446,-118.2507
2024-09-26 13:00:00,"VEHICLE, STOLEN - OTHER (MOTORIZED SCOOTERS, BIKES, ETC)",Central,34.0437,-118.2547
2024-09-26 08:15:00,"LETTERS, LEWD  -  TELEPHONE CALLS, LEWD",Central,34.0405,-118.2337
2024-09-26 17:50:00,"VEHICLE, STOLEN - OTHER (MOTORIZED SCOOTERS, BIKES, ETC)",Central,34.0433,-118.2488
2024-09-16 17:55:00,THEFT PLAIN - PETTY ($950 & UNDER),Central,34.0535,-118.2491
2024-09-10 23:00:00,BURGLARY FROM VEHICLE,Central,34.0509,-118.2515
2024-09-24 19:50:00,THEFT PLAIN - PETTY ($950 & UNDER),Central,34.0387,-118.2612
2024-08-31 08:00:00,VANDALISM - MISDEAMEANOR ($399 OR UNDER),Central,34.0453,-118.236
2024-09-14 14:00:00,THEFT PLAIN - PETTY ($950 & UNDER),Central,34.0445,-118.2523
2024-09-20 23:20:00,BURGLARY FROM VEHICLE,Central,34.0419,-118.2323
2024-09-27 09:20:00,TRESPASSING,Central,34.0549,-118.2511
2024-09-27 22:00:00,ASSAULT WITH DEADLY WEAPON ON POLICE OFFICER,West LA,34.0354,-118.3778
2024-09-27 05:00:00,VEHICLE - STOLEN,Central,34.0327,-118.2647
2024-09-16 21:00:00,BURGLARY FROM VEHICLE,Central,34.0401,-118.2633
2024-09-24 12:00:00,BURGLARY FROM VEHICLE,Central,34.0409,-118.2574
2024-09-24 23:20:00,BURGLARY FROM VEHICLE,Central,34.0356,-118.2705
2024-09-27 16:22:00,SHOPLIFTING - PETTY THEFT ($950 & UNDER),Central,34.0483,-118.2631
2024-09-04 20:00:00,SHOPLIFTING - PETTY THEFT ($950 & UNDER),Central,34.0483,-118.2631
2024-09-27 21:00:00,VEHICLE - STOLEN,Central,34.0327,-118.2647
2024-09-27 22:40:00,"VANDALISM - FELONY ($400 & OVER, ALL CHURCH VANDALISMS)",Central,34.0467,-118.247
2024-09-27 20:00:00,BIKE - STOLEN,Central,34.0492,-118.2391
2024-09-27 16:10:00,TRESPASSING,Central,34.0488,-118.2518
2024-09-27 14:50:00,TRESPASSING,Central,34.0547,-118.2505
2024-09-28 07:30:00,TRESPASSING,Central,34.0549,-118.2511
2024-09-28 07:30:00,BURGLARY FROM VEHICLE,Central,34.0467,-118.252
2024-08-24 14:24:00,SHOPLIFTING - PETTY THEFT ($950 & UNDER),Central,34.0466,-118.252
2024-09-28 02:30:00,VEHICLE - STOLEN,Central,34.0376,-118.2593
2024-09-27 12:00:00,VEHICLE - STOLEN,Central,34.046,-118.251
2024-09-27 12:00:00,THEFT FROM MOTOR VEHICLE - PETTY ($950 & UNDER),Central,34.046,-118.251
2024-09-28 07:20:00,TRESPASSING,Central,34.0549,-118.2511
2024-09-28 10:00:00,BURGLARY FROM VEHICLE,Central,34.055,-118.2321
2024-09-28 01:38:00,PICKPOCKET,Central,34.0502,-118.2487
2024-09-27 23:20:00,VEHICLE - STOLEN,Central,34.0539,-118.2436
2024-09-28 12:02:00,"THEFT-GRAND ($950.01 & OVER)EXCPT,GUNS,FOWL,LIVESTK,PROD",Central,34.0637,-118.244
2024-09-28 23:40:00,VEHICLE - STOLEN,Central,34.0606,-118.2439
2024-09-28 10:30:00,THEFT OF IDENTITY,Central,34.0607,-118.2494
2024-09-28 20:15:00,THEFT PLAIN - PETTY ($950 & UNDER),Central,34.0599,-118.2426
2024-09-29 06:15:00,TRESPASSING,Central,34.0338,-118.2706
2024-09-28 23:05:00,TRESPASSING,Central,34.0549,-118.2511
2024-09-28 21:45:00,BATTERY - SIMPLE ASSAULT,Central,34.045,-118.264
2024-09-28 23:30:00,TRESPASSING,Central,34.0552,-118.2511
2024-09-28 22:15:00,TRESPASSING,Central,34.0549,-118.2511
2024-09-28 17:25:00,VEHICLE - STOLEN,Central,34.0401,-118.2669
2024-09-28 21:30:00,VEHICLE - STOLEN,Central,34.0472,-118.2381
2024-09-29 07:00:00,TRESPASSING,Central,34.0549,-118.2511
2024-09-29 07:50:00,TRESPASSING,Central,34.0549,-118.2511
2024-09-29 07:45:00,TRESPASSING,Central,34.0549,-118.2511
2024-09-29 08:00:00,TRESPASSING,Central,34.0549,-118.2511
2024-09-29 06:25:00,TRESPASSING,Central,34.0549,-118.2511
2024-09-29 06:35:00,TRESPASSING,Central,34.0549,-118.2511
2024-09-29 08:00:00,TRESPASSING,Central,34.0635,-118.2357
2024-09-28 23:30:00,PICKPOCKET,Central,34.0652,-118.2369
2024-09-26 21:00:00,"VANDALISM - FELONY ($400 & OVER, ALL CHURCH VANDALISMS)",Central,34.0437,-118.2617
2024-09-28 23:30:00,BURGLARY FROM VEHICLE,Central,34.0503,-118.2434
2024-09-28 18:45:00,BURGLARY FROM VEHICLE,Central,34.0409,-118.2609
2024-09-28 18:57:00,THEFT OF IDENTITY,Central,34.046,-118.2493
2024-08-08 20:30:00,BURGLARY FROM VEHICLE,Central,34.0493,-118.2337
2024-09-28 12:00:00,VANDALISM - MISDEAMEANOR ($399 OR UNDER),Central,34.0461,-118.2395
2024-09-29 13:45:00,BURGLARY FROM VEHICLE,Central,34.0461,-118.2395
2024-09-28 22:00:00,BURGLARY FROM VEHICLE,Central,34.048,-118.2577
2024-06-06 15:52:00,THEFT OF IDENTITY,Central,34.0362,-118.2386
2024-09-28 20:40:00,BURGLARY FROM VEHICLE,Central,34.0483,-118.2565
2024-09-29 13:45:00,TRESPASSING,Central,34.0415,-118.2655
2024-09-29 16:00:00,TRESPASSING,Central,34.0508,-118.2586
2024-09-21 23:30:00,BURGLARY FROM VEHICLE,Central,34.0493,-118.2417
2024-09-29 14:46:00,SHOPLIFTING - PETTY THEFT ($950 & UNDER),Central,34.0483,-118.2631
2024-09-29 14:01:00,BIKE - STOLEN,Central,34.0483,-118.2631
2024-09-29 14:25:00,TRESPASSING,Central,34.0549,-118.2511
2024-09-29 20:00:00,BURGLARY FROM VEHICLE,Central,34.0454,-118.2658
2024-09-29 19:25:00,THEFT PLAIN - PETTY ($950 & UNDER),Central,34.0483,-118.2631
2024-09-29 23:30:00,ROBBERY,Central,34.0495,-118.2528
2024-09-28 22:10:00,ATTEMPTED ROBBERY,Central,34.0479,-118.2612
2024-09-30 00:01:00,VANDALISM - MISDEAMEANOR ($399 OR UNDER),Central,34.042,-118.2625
2024-09-27 07:00:00,BURGLARY FROM VEHICLE,Central,34.0658,-118.2296
2024-09-30 04:00:00,VEHICLE - STOLEN,Central,34.0735,-118.23
2024-09-06 00:30:00,BURGLARY FROM VEHICLE,Central,34.0449,-118.2415
2024-09-28 12:30:00,THEFT FROM MOTOR VEHICLE - PETTY ($950 & UNDER),Central,34.0461,-118.2674
2024-09-19 11:40:00,THEFT PLAIN - PETTY ($950 & UNDER),Central,34.0383,-118.2305
2024-09-16 18:00:00,BURGLARY FROM VEHICLE,Central,34.0466,-118.259
2024-09-30 07:00:00,TRESPASSING,Central,34.0549,-118.2511
2024-09-30 07:50:00,TRESPASSING,Central,34.0549,-118.2511
2024-09-28 09:00:00,VEHICLE - STOLEN,Central,34.0423,-118.2561
2024-09-30 10:20:00,VEHICLE - STOLEN,Central,34.0468,-118.2415
2024-09-30 09:10:00,TRESPASSING,Central,34.0549,-118.2511
2024-09-29 23:05:00,TRESPASSING,Central,34.0415,-118.2655
2024-09-30 14:55:00,TRESPASSING,Central,34.0549,-118.2511
2024-09-30 15:00:00,TRESPASSING,Central,34.0549,-118.2511
2024-09-29 18:33:00,SHOPLIFTING-GRAND THEFT ($950.01 & OVER),Central,34.0483,-118.2631
2024-09-19 20:00:00,BURGLARY FROM VEHICLE,Central,34.0502,-118.2487
2024-09-30 12:00:00,"VANDALISM - FELONY ($400 & OVER, ALL CHURCH VANDALISMS)",Central,34.0582,-118.2387
2024-09-16 18:30:00,BURGLARY FROM VEHICLE,Central,34.0472,-118.2342
2024-09-27 19:00:00,THEFT FROM MOTOR VEHICLE - PETTY ($950 & UNDER),Central,34.0362,-118.2386
2024-09-27 05:20:00,THEFT PLAIN - PETTY ($950 & UNDER),Central,34.0627,-118.2463
2024-09-27 12:41:00,THEFT PLAIN - PETTY ($950 & UNDER),Central,34.062,-118.2425
2024-09-26 18:00:00,VEHICLE - STOLEN,Central,34.0472,-118.2371
2024-09-25 23:45:00,BURGLARY FROM VEHICLE,Central,34.0401,-118.2669
2024-09-28 19:00:00,PICKPOCKET,Central,34.0652,-118.2369
2024-09-01 02:00:00,PICKPOCKET,Central,34.0495,-118.2459
2024-09-26 22:00:00,VEHICLE - STOLEN,Central,34.0458,-118.2614
2024-09-30 23:30:00,TRESPASSING,Central,34.0549,-118.2511
2024-10-01 06:30:00,TRESPASSING,Central,34.0338,-118.2706
2024-10-01 06:15:00,TRESPASSING,Central,34.0338,-118.2706
2024-10-01 06:20:00,TRESPASSING,Central,34.0549,-118.2511
2024-09-25 21:50:00,BURGLARY FROM VEHICLE,Central,34.0685,-118.246
2024-09-30 18:30:00,VEHICLE - STOLEN,Central,34.042,-118.2625
2024-09-27 17:30:00,VEHICLE - STOLEN,Central,34.0408,-118.2512
2024-09-28 22:30:00,PICKPOCKET,Central,34.0655,-118.2372
2024-09-30 18:30:00,"THEFT-GRAND ($950.01 & OVER)EXCPT,GUNS,FOWL,LIVESTK,PROD",Central,34.0473,-118.2566
2024-10-01 06:45:00,TRESPASSING,Central,34.0549,-118.2511
2024-10-01 07:25:00,TRESPASSING,Central,34.0549,-118.2511
2024-10-01 14:00:00,VEHICLE - STOLEN,Central,34.0342,-118.2636
2024-09-19 15:06:00,SHOPLIFTING-GRAND THEFT ($950.01 & OVER),Central,34.0483,-118.2631
2024-09-26 20:00:00,THEFT OF IDENTITY,Central,34.0561,-118.2375
2024-09-13 11:30:00,"THEFT-GRAND ($950.01 & OVER)EXCPT,GUNS,FOWL,LIVESTK,PROD",Central,34.0561,-118.2375
2024-10-01 12:45:00,THEFT FROM MOTOR VEHICLE - GRAND ($950.01 AND OVER),Central,34.0549,-118.2426
2024-10-01 17:15:00,"ASSAULT WITH DEADLY WEAPON, AGGRAVATED ASSAULT",Central,34.0652,-118.2468
2024-10-01 12:00:00,VEHICLE - STOLEN,Central,34.0542,-118.2415
2024-10-01 19:40:00,VEHICLE - STOLEN,Central,34.0524,-118.2467
2024-10-01 23:35:00,TRESPASSING,Central,34.0549,-118.2511
2024-10-01 23:53:00,TRESPASSING,Central,34.0549,-118.2511
2024-10-01 14:10:00,SHOPLIFTING - PETTY THEFT ($950 & UNDER),Central,34.048,-118.2577
2024-10-01 15:25:00,SHOPLIFTING - PETTY THEFT ($950 & UNDER),Central,34.0483,-118.2631
2024-10-01 21:00:00,"VANDALISM - FELONY ($400 & OVER, ALL CHURCH VANDALISMS)",Central,34.0435,-118.2366
2024-10-01 22:17:00,BURGLARY FROM VEHICLE,Central,34.0454,-118.2333
2024-10-01 06:35:00,BURGLARY FROM VEHICLE,Central,34.0419,-118.2669
2024-09-21 20:06:00,BURGLARY FROM VEHICLE,Central,34.0459,-118.2579
2024-10-01 11:23:00,THEFT PLAIN - PETTY ($950 & UNDER),Central,34.0405,-118.2337
2024-09-15 08:20:00,"VANDALISM - FELONY ($400 & OVER, ALL CHURCH VANDALISMS)",Central,34.0423,-118.2561
2024-09-30 19:45:00,SHOPLIFTING-GRAND THEFT ($950.01 & OVER),Central,34.0483,-118.2631
2024-10-01 15:20:00,TRESPASSING,Central,34.0508,-118.2586
2024-10-02 04:30:00,VEHICLE - STOLEN,Central,34.0652,-118.2468
2024-09-25 16:00:00,"THEFT-GRAND ($950.01 & OVER)EXCPT,GUNS,FOWL,LIVESTK,PROD",Central,34.0396,-118.2726
2024-10-02 07:34:00,"VANDALISM - FELONY ($400 & OVER, ALL CHURCH VANDALISMS)",Central,34.0396,-118.259
2024-09-24 07:00:00,THEFT PLAIN - PETTY ($950 & UNDER),Central,34.0547,-118.2505
2024-08-24 07:00:00,THEFT PLAIN - PETTY ($950 & UNDER),Central,34.051,-118.248
2024-09-30 18:30:00,BURGLARY FROM VEHICLE,Central,34.0604,-118.2393
2024-10-02 11:45:00,THEFT FROM MOTOR VEHICLE - GRAND ($950.01 AND OVER),Central,34.0377,-118.2622
2024-10-02 07:55:00,THEFT PLAIN - PETTY ($950 & UNDER),Central,34.0557,-118.2488
2024-09-27 18:36:00,SHOPLIFTING - PETTY THEFT ($950 & UNDER),Central,34.0452,-118.2533
2024-09-28 10:01:00,SHOPLIFTING - PETTY THEFT ($950 & UNDER),Central,34.0452,-118.2533
2024-09-29 18:44:00,SHOPLIFTING - PETTY THEFT ($950 & UNDER),Central,34.0452,-118.2533
2024-10-02 10:30:00,VEHICLE - STOLEN,Central,34.0333,-118.2657
2024-09-30 19:30:00,VEHICLE - STOLEN,Central,34.0665,-118.2446
2024-10-01 20:30:00,VEHICLE - STOLEN,Central,34.0524,-118.2467
2024-09-30 22:00:00,"VEHICLE, STOLEN - OTHER (MOTORIZED SCOOTERS, BIKES, ETC)",Central,34.0452,-118.2569
2024-09-28 19:30:00,THEFT FROM MOTOR VEHICLE - PETTY ($950 & UNDER),Central,34.0446,-118.249
2024-09-25 18:00:00,VEHICLE - STOLEN,Central,34.0624,-118.2383
2024-10-01 00:30:00,THEFT PLAIN - PETTY ($950 & UNDER),Central,34.0401,-118.2533
2024-09-13 16:55:00,THEFT OF IDENTITY,Central,34.0493,-118.2417
2024-09-29 19:50:00,THEFT OF IDENTITY,Central,34.0445,-118.2523
2024-09-27 19:00:00,SHOPLIFTING - PETTY THEFT ($950 & UNDER),Central,34.0483,-118.2631
2024-09-29 01:15:00,PICKPOCKET,Central,34.0519,-118.2531
2024-08-02 12:00:00,THEFT PLAIN - PETTY ($950 & UNDER),Central,34.0519,-118.2531
2024-10-01 20:40:00,BURGLARY FROM VEHICLE,Central,34.0472,-118.2371
2024-09-20 21:15:00,"THEFT-GRAND ($950.01 & OVER)EXCPT,GUNS,FOWL,LIVESTK,PROD",Central,34.0477,-118.2394
2024-10-02 22:50:00,VANDALISM - MISDEAMEANOR ($399 OR UNDER),Central,34.0391,-118.2384
2024-10-03 06:30:00,TRESPASSING,Central,34.0338,-118.2706
2024-10-03 07:55:00,TRESPASSING,Central,34.0549,-118.2511
2024-10-03 06:55:00,TRESPASSING,Central,34.0549,-118.2511
2024-10-03 08:55:00,TRESPASSING,Central,34.0549,-118.2511
2024-10-03 06:20:00,TRESPASSING,Central,34.0338,-118.2706
2024-10-03 07:00:00,TRESPASSING,Central,34.0659,-118.2339
2024-10-03 07:40:00,TRESPASSING,Central,34.0508,-118.2586
2024-09-30 09:25:00,"VANDALISM - FELONY ($400 & OVER, ALL CHURCH VANDALISMS)",Central,34.0455,-118.2379
2024-09-15 15:58:00,SHOPLIFTING - PETTY THEFT ($950 & UNDER),Central,34.0504,-118.2409
2024-10-03 06:00:00,THEFT OF IDENTITY,Central,34.0452,-118.2569
2024-10-03 11:00:00,VEHICLE - STOLEN,Central,34.0366,-118.2643
2024-10-03 10:30:00,VEHICLE - STOLEN,Central,34.0388,-118.2677
2024-10-01 12:00:00,VEHICLE - STOLEN,Central,34.0382,-118.2417
2024-09-28 12:00:00,THEFT FROM MOTOR VEHICLE - PETTY ($950 & UNDER),Central,34.0423,-118.2561
2024-10-03 07:20:00,VEHICLE - STOLEN,Central,34.0452,-118.2569
2024-10-01 22:30:00,"THEFT-GRAND ($950.01 & OVER)EXCPT,GUNS,FOWL,LIVESTK,PROD",Central,34.0479,-118.2612
2024-10-03 14:10:00,OTHER ASSAULT,Central,34.045,-118.264
2024-10-03 17:10:00,TRESPASSING,Central,34.0549,-118.2511
2024-10-03 17:15:00,VEHICLE - STOLEN,Central,34.0388,-118.2717
2024-10-03 14:50:00,TRESPASSING,Central,34.0549,-118.2511
2024-10-03 14:30:00,TRESPASSING,Central,34.0549,-118.2511
2024-10-01 05:00:00,BURGLARY FROM VEHICLE,Central,34.0401,-118.2633
2024-10-01 22:35:00,BURGLARY FROM VEHICLE,Central,34.0381,-118.2511
2024-10-01 15:30:00,THEFT FROM MOTOR VEHICLE - PETTY ($950 & UNDER),Central,34.0462,-118.2585
2024-10-03 23:10:00,TRESPASSING,Central,34.0549,-118.2511
2024-10-03 22:00:00,TRESPASSING,Central,34.0549,-118.2511
2024-10-03 17:03:00,SHOPLIFTING - PETTY THEFT ($950 & UNDER),Central,34.0483,-118.2631
2024-10-03 17:00:00,VEHICLE - STOLEN,Central,34.0423,-118.2561
2024-08-26 10:00:00,THEFT FROM MOTOR VEHICLE - PETTY ($950 & UNDER),Central,34.043,-118.2606
2024-10-03 12:00:00,KIDNAPPING,Central,34.0388,-118.2717
2024-10-04 06:10:00,TRESPASSING,Central,34.0338,-118.2706
2024-10-04 05:50:00,TRESPASSING,Central,34.0338,-118.2706
2024-09-30 12:25:00,VEHICLE - ATTEMPT STOLEN,Central,34.0439,-118.2326
2024-10-04 05:55:00,TRESPASSING,Central,34.0524,-118.2467
2024-10-03 20:00:00,BURGLARY FROM VEHICLE,Central,34.0472,-118.2381
2024-10-03 11:30:00,BURGLARY FROM VEHICLE,Central,34.0384,-118.2571
2024-10-03 16:00:00,VEHICLE - STOLEN,Central,34.0498,-118.24
2024-10-03 20:15:00,"VANDALISM - FELONY ($400 & OVER, ALL CHURCH VANDALISMS)",Central,34.0473,-118.2425
2024-10-04 17:40:00,"VANDALISM - FELONY ($400 & OVER, ALL CHURCH VANDALISMS)",Central,34.0509,-118.2316
2024-10-04 18:00:00,THEFT PLAIN - PETTY ($950 & UNDER),Central,34.0473,-118.2566
2024-10-03 20:30:00,BURGLARY FROM VEHICLE,Central,34.0495,-118.2528
2024-10-04 15:35:00,THEFT OF IDENTITY,Central,34.0423,-118.2561
2024-10-03 12:00:00,BURGLARY FROM VEHICLE,Central,34.0584,-118.2331
2024-10-01 13:45:00,THEFT PLAIN - PETTY ($950 & UNDER),Central,34.0503,-118.2434
2024-09-26 20:45:00,BURGLARY FROM VEHICLE,Central,34.0531,-118.2478
2024-09-12 17:00:00,"VANDALISM - FELONY ($400 & OVER, ALL CHURCH VANDALISMS)",Central,34.0416,-118.255
2024-10-05 00:40:00,PICKPOCKET,Central,34.0647,-118.2376
2024-10-04 20:45:00,BURGLARY FROM VEHICLE,Central,34.0509,-118.2316
2024-10-04 19:00:00,VEHICLE - STOLEN,Central,34.0488,-118.2483
2024-10-04 06:15:00,TRESPASSING,Central,34.0635,-118.2357
2024-10-03 21:30:00,VEHICLE - STOLEN,Central,34.0416,-118.255
2024-10-05 00:50:00,VEHICLE - STOLEN,Central,34.042,-118.2625
2024-10-04 15:00:00,VEHICLE - STOLEN,Central,34.071,-118.2302
2024-10-04 00:30:00,VEHICLE - STOLEN,Central,34.0338,-118.2706
2024-08-30 12:10:00,THEFT PLAIN - PETTY ($950 & UNDER),Central,34.0446,-118.2507
2024-03-30 23:00:00,THEFT PLAIN - PETTY ($950 & UNDER),Central,34.0419,-118.2669
2024-10-04 23:00:00,BURGLARY FROM VEHICLE,Central,34.0337,-118.2665
2024-10-04 07:45:00,BURGLARY FROM VEHICLE,Central,34.043,-118.2571
2024-09-30 11:30:00,SHOPLIFTING - PETTY THEFT ($950 & UNDER),Central,34.0437,-118.2547
2024-10-05 07:15:00,TRESPASSING,Central,34.0508,-118.2586
2024-10-05 08:10:00,TRESPASSING,Central,34.0508,-118.2586
2024-10-04 19:30:00,VEHICLE - STOLEN,Central,34.0473,-118.2566
2024-10-05 10:00:00,TRESPASSING,Central,34.0508,-118.2586
2024-10-05 07:58:00,TRESPASSING,Central,34.0508,-118.2586
2024-10-05 09:26:00,TRESPASSING,Central,34.0508,-118.2586
2024-10-05 09:45:00,TRESPASSING,Central,34.0508,-118.2586
2024-10-05 08:45:00,TRESPASSING,Central,34.0508,-118.2586
2024-10-05 06:10:00,TRESPASSING,Central,34.0492,-118.2391
2024-10-05 06:40:00,TRESPASSING,Central,34.0492,-118.2391
2024-10-05 06:00:00,TRESPASSING,Central,34.0338,-118.2706
2024-10-02 12:40:00,"THEFT-GRAND ($950.01 & OVER)EXCPT,GUNS,FOWL,LIVESTK,PROD",Central,34.0449,-118.2458
2024-10-05 12:29:00,BURGLARY FROM VEHICLE,Central,34.0461,-118.2395
2024-10-04 21:30:00,VEHICLE - STOLEN,Central,34.0473,-118.2425
2024-10-03 11:40:00,THEFT PLAIN - PETTY ($950 & UNDER),Central,34.0532,-118.2425
2024-10-04 23:38:00,"THEFT-GRAND ($950.01 & OVER)EXCPT,GUNS,FOWL,LIVESTK,PROD",Central,34.0561,-118.2375
2024-10-05 14:10:00,"THEFT-GRAND ($950.01 & OVER)EXCPT,GUNS,FOWL,LIVESTK,PROD",Central,34.0419,-118.2523
2024-10-05 01:45:00,PICKPOCKET,Central,34.0384,-118.2571
2024-10-05 16:06:00,"VANDALISM - FELONY ($400 & OVER, ALL CHURCH VANDALISMS)",Central,34.0522,-118.2434
2024-10-05 12:00:00,VEHICLE - STOLEN,Central,34.0583,-118.2378
2024-10-05 11:35:00,"VEHICLE, STOLEN - OTHER (MOTORIZED SCOOTERS, BIKES, ETC)",Central,34.0478,-118.2484
2024-10-04 23:35:00,BURGLARY FROM VEHICLE,Central,34.0459,-118.2579
2024-10-04 19:20:00,PICKPOCKET,Central,34.0686,-118.2266
2024-10-05 20:50:00,"LETTERS, LEWD  -  TELEPHONE CALLS, LEWD",Central,34.0585,-118.2403
2024-10-05 22:05:00,ROBBERY,Central,34.0516,-118.2491
2024-10-06 01:00:00,VEHICLE - STOLEN,Central,34.0466,-118.259
2024-08-26 10:30:00,THEFT PLAIN - PETTY ($950 & UNDER),Central,34.0495,-118.2494
2024-10-05 06:30:00,BURGLARY FROM VEHICLE,Central,34.0509,-118.2515
2024-10-06 06:10:00,TRESPASSING,Central,34.0415,-118.2655
2024-10-06 10:30:00,"THEFT-GRAND ($950.01 & OVER)EXCPT,GUNS,FOWL,LIVESTK,PROD",Central,34.0431,-118.2692
2024-09-30 17:51:00,SHOPLIFTING - PETTY THEFT ($950 & UNDER),Central,34.0483,-118.2631
2024-10-05 17:00:00,PICKPOCKET,Central,34.042,-118.2712
2024-10-06 00:01:00,PICKPOCKET,Central,34.0652,-118.2369
2024-10-05 19:30:00,BURGLARY FROM VEHICLE,Central,34.044,-118.24
2024-10-05 17:00:00,PICKPOCKET,Central,34.0431,-118.2692
2024-09-28 14:30:00,SHOPLIFTING - PETTY THEFT ($950 & UNDER),Central,34.0483,-118.2631
2024-10-06 06:40:00,TRESPASSING,Central,34.0401,-118.2669
2024-10-06 15:10:00,TRESPASSING,Central,34.0549,-118.2511
2024-10-05 02:00:00,VEHICLE - STOLEN,Central,34.0345,-118.266
2024-10-06 15:40:00,TRESPASSING,Central,34.0549,-118.2511
2024-10-06 14:30:00,TRESPASSING,Central,34.0549,-118.2511
2024-10-06 16:35:00,TRESPASSING,Central,34.0549,-118.2511
2024-10-05 10:36:00,THEFT OF IDENTITY,Central,34.0394,-118.2623
2024-10-02 23:00:00,VANDALISM - MISDEAMEANOR ($399 OR UNDER),Central,34.0396,-118.259
2024-10-06 16:00:00,TRESPASSING,Central,34.0549,-118.2511
2024-10-05 21:05:00,VEHICLE - STOLEN,Central,34.0445,-118.2558
2024-10-01 12:00:00,THEFT PLAIN - PETTY ($950 & UNDER),Central,34.0564,-118.2499
2024-10-06 23:15:00,"VANDALISM - FELONY ($400 & OVER, ALL CHURCH VANDALISMS)",Central,34.0709,-118.2266
2024-10-06 23:00:00,VEHICLE - STOLEN,Central,34.0459,-118.2579
2024-10-06 17:00:00,BURGLARY FROM VEHICLE,Central,34.0677,-118.2259
2024-10-06 15:30:00,THEFT PLAIN - PETTY ($950 & UNDER),Central,34.0431,-118.2692
2024-10-06 17:00:00,VEHICLE - STOLEN,Central,34.0502,-118.2575
2024-10-06 13:00:00,VEHICLE - STOLEN,Central,34.0502,-118.2575
2024-10-06 21:50:00,VEHICLE - STOLEN,Central,34.0467,-118.2485
2024-10-06 16:00:00,VEHICLE - STOLEN,Central,34.0467,-118.2485
2024-10-06 18:00:00,BURGLARY FROM VEHICLE,Central,34.0498,-118.24
2024-10-04 00:30:00,BURGLARY FROM VEHICLE,Central,34.0409,-118.2574
2024-08-26 20:00:00,BURGLARY FROM VEHICLE,Central,34.0523,-118.2502
2024-10-07 09:45:00,VEHICLE - STOLEN,Central,34.0329,-118.2631
2024-10-05 12:30:00,"BUNCO, GRAND THEFT",Central,34.0488,-118.2518
2024-10-06 22:30:00,VEHICLE - STOLEN,Central,34.0433,-118.2577
2024-09-21 15:00:00,"LETTERS, LEWD  -  TELEPHONE CALLS, LEWD",Central,34.0607,-118.2494
2024-10-03 13:00:00,"THEFT-GRAND ($950.01 & OVER)EXCPT,GUNS,FOWL,LIVESTK,PROD",Central,34.064,-118.2375
2024-10-03 10:45:00,"THEFT-GRAND ($950.01 & OVER)EXCPT,GUNS,FOWL,LIVESTK,PROD",Central,34.0431,-118.2537
2024-10-05 22:00:00,BURGLARY FROM VEHICLE,Central,34.0475,-118.239
2024-10-04 01:40:00,"VANDALISM - FELONY ($400 & OVER, ALL CHURCH VANDALISMS)",Central,34.0423,-118.2561
2024-10-04 18:00:00,BURGLARY FROM VEHICLE,Central,34.0437,-118.2617
2024-10-07 16:00:00,SHOPLIFTING - PETTY THEFT ($950 & UNDER),Central,34.0483,-118.2631
2024-10-05 22:30:00,THEFT FROM MOTOR VEHICLE - GRAND ($950.01 AND OVER),Central,34.0419,-118.2669
2024-10-06 00:30:00,THEFT PLAIN - PETTY ($950 & UNDER),Central,34.0473,-118.2601
2024-10-07 14:05:00,TRESPASSING,Central,34.0549,-118.2511
2024-10-07 13:50:00,TRESPASSING,Central,34.0549,-118.2511
2024-10-07 16:00:00,TRESPASSING,Central,34.0549,-118.2511
2024-10-06 03:15:00,BIKE - STOLEN,Central,34.0503,-118.2434
2024-10-04 16:30:00,VANDALISM - MISDEAMEANOR ($399 OR UNDER),Central,34.0455,-118.2379
2024-10-08 00:15:00,TRESPASSING,Central,34.0561,-118.2375
2024-10-07 10:45:00,BATTERY - SIMPLE ASSAULT,Central,34.0435,-118.2471
2024-10-07 06:05:00,TRESPASSING,Central,34.0635,-118.2357
2024-10-07 22:35:00,TRESPASSING,Central,34.0549,-118.2511
2024-10-08 06:15:00,TRESPASSING,Central,34.0635,-118.2357
2024-10-08 06:30:00,TRESPASSING,Central,34.0635,-118.2357
2024-10-05 21:07:00,VANDALISM - MISDEAMEANOR ($399 OR UNDER),Central,34.0601,-118.2502
2024-10-07 20:00:00,BURGLARY FROM VEHICLE,Central,34.0454,-118.2333
2024-10-07 12:30:00,"THEFT-GRAND ($950.01 & OVER)EXCPT,GUNS,FOWL,LIVESTK,PROD",Central,34.046,-118.2493
2024-10-06 16:40:00,"VANDALISM - FELONY ($400 & OVER, ALL CHURCH VANDALISMS)",Central,34.042,-118.2625
2024-10-06 23:45:00,"VANDALISM - FELONY ($400 & OVER, ALL CHURCH VANDALISMS)",Central,34.0542,-118.2415
2024-10-05 16:00:00,THEFT PLAIN - PETTY ($950 & UNDER),Central,34.0495,-118.2494
2024-10-07 12:30:00,VEHICLE - STOLEN,Central,34.0381,-118.263
2024-10-08 12:40:00,SHOPLIFTING - PETTY THEFT ($950 & UNDER),Central,34.0466,-118.252
2024-10-07 22:00:00,TRESPASSING,Central,34.0549,-118.2511
2024-09-27 23:45:00,THEFT PLAIN - PETTY ($950 & UNDER),Central,34.0531,-118.2512
2024-10-04 19:45:00,THEFT PLAIN - PETTY ($950 & UNDER),Central,34.0545,-118.2499
2024-10-03 04:00:00,VANDALISM - MISDEAMEANOR ($399 OR UNDER),Central,34.0516,-118.2561
2024-10-08 08:30:00,"VANDALISM - FELONY ($400 & OVER, ALL CHURCH VANDALISMS)",Central,34.0483,-118.2631
2024-10-08 17:20:00,TRESPASSING,Central,34.0488,-118.2518
2024-10-08 15:10:00,TRESPASSING,Central,34.0488,-118.2518
2024-10-08 15:58:00,TRESPASSING,Central,34.0508,-118.2586
2024-10-06 22:40:00,BURGLARY FROM VEHICLE,Central,34.046,-118.251
2024-09-24 18:30:00,"VEHICLE, STOLEN - OTHER (MOTORIZED SCOOTERS, BIKES, ETC)",Central,34.0387,-118.2612
2024-10-05 23:59:00,BURGLARY FROM VEHICLE,Central,34.0446,-118.249
2024-10-07 10:00:00,"VEHICLE, STOLEN - OTHER (MOTORIZED SCOOTERS, BIKES, ETC)",Central,34.0452,-118.2569
2024-10-08 08:00:00,"VANDALISM - FELONY ($400 & OVER, ALL CHURCH VANDALISMS)",Central,34.0579,-118.2518
2024-09-25 14:15:00,THEFT PLAIN - PETTY ($950 & UNDER),Central,34.0615,-118.2412
2024-09-30 23:30:00,BURGLARY FROM VEHICLE,Central,34.0449,-118.2415
2024-10-09 08:20:00,TRESPASSING,Central,34.0504,-118.2409
2024-10-09 08:20:00,TRESPASSING,Central,34.0659,-118.2339
2024-10-09 06:15:00,TRESPASSING,Central,34.0659,-118.2339
2024-09-11 11:00:00,"THEFT-GRAND ($950.01 & OVER)EXCPT,GUNS,FOWL,LIVESTK,PROD",Central,34.0525,-118.2432
2024-10-08 12:00:00,VEHICLE - STOLEN,Central,34.037,-118.265
2024-09-29 20:08:00,"VANDALISM - FELONY ($400 & OVER, ALL CHURCH VANDALISMS)",Central,34.0516,-118.2491
2024-09-23 20:45:00,THEFT PLAIN - PETTY ($950 & UNDER),Central,34.0472,-118.2342
2024-10-09 11:20:00,BURGLARY FROM VEHICLE,Central,34.0495,-118.2458
2024-10-09 06:30:00,TRESPASSING,Central,34.0561,-118.2375
2024-10-09 07:00:00,TRESPASSING,Central,34.0561,-118.2375
2024-10-09 07:20:00,TRESPASSING,Central,34.0561,-118.2375
2024-10-09 07:50:00,TRESPASSING,Central,34.0561,-118.2375
2024-10-09 09:42:00,TRESPASSING,Central,34.0561,-118.2375
2024-10-09 08:00:00,TRESPASSING,Central,34.0561,-118.2375
2024-10-09 07:10:00,TRESPASSING,Central,34.0561,-118.2375
2024-10-09 08:10:00,TRESPASSING,Central,34.0561,-118.2375
2024-10-09 06:35:00,TRESPASSING,Central,34.0561,-118.2375
2024-10-03 15:59:00,BURGLARY FROM VEHICLE,Central,34.0373,-118.2588
2024-10-05 18:22:00,THEFT FROM MOTOR VEHICLE - PETTY ($950 & UNDER),Central,34.0322,-118.2637
2024-10-07 18:35:00,"THEFT-GRAND ($950.01 & OVER)EXCPT,GUNS,FOWL,LIVESTK,PROD",Central,34.0473,-118.2641
2024-10-07 08:18:00,THEFT PLAIN - PETTY ($950 & UNDER),Central,34.0516,-118.2561
2024-10-04 22:30:00,"THEFT-GRAND ($950.01 & OVER)EXCPT,GUNS,FOWL,LIVESTK,PROD",Central,34.0462,-118.2585
2024-09-28 22:26:00,PICKPOCKET,Central,34.0652,-118.2369
2024-10-09 12:00:00,THEFT PLAIN - PETTY ($950 & UNDER),Central,34.0462,-118.2585
2024-10-09 23:00:00,BURGLARY FROM VEHICLE,Central,34.0458,-118.2614
2024-10-09 10:08:00,TRESPASSING,Central,34.0561,-118.2375
2024-10-09 07:40:00,TRESPASSING,Central,34.0561,-118.2375
2024-10-09 10:20:00,TRESPASSING,Central,34.0561,-118.2375
2024-10-09 15:30:00,TRESPASSING,Central,34.0549,-118.2511
2024-10-10 05:20:00,VEHICLE - STOLEN,Central,34.0415,-118.262
2024-10-09 15:00:00,VEHICLE - STOLEN,Central,34.0547,-118.2505
2024-08-03 13:00:00,VEHICLE - STOLEN,Central,34.0495,-118.2459
2024-10-09 07:30:00,BURGLARY FROM VEHICLE,Central,34.0446,-118.249
2024-10-09 21:30:00,BURGLARY FROM VEHICLE,Central,34.0382,-118.2356
2024-10-07 17:20:00,"THEFT-GRAND ($950.01 & OVER)EXCPT,GUNS,FOWL,LIVESTK,PROD",Central,34.0419,-118.2523
2024-10-10 10:30:00,"VANDALISM - FELONY ($400 & OVER, ALL CHURCH VANDALISMS)",Central,34.0431,-118.2692
2024-10-10 02:15:00,THEFT FROM MOTOR VEHICLE - GRAND ($950.01 AND OVER),Central,34.0633,-118.2336
2024-10-09 16:00:00,"VANDALISM - FELONY ($400 & OVER, ALL CHURCH VANDALISMS)",Central,34.042,-118.2625
2024-10-10 07:45:00,TRESPASSING,Central,34.0547,-118.2505
2024-10-10 08:15:00,TRESPASSING,Central,34.0561,-118.2375
2024-10-10 07:25:00,TRESPASSING,Central,34.0561,-118.2375
2024-10-10 06:40:00,TRESPASSING,Central,34.0659,-118.2339
2024-10-10 07:40:00,TRESPASSING,Central,34.0524,-118.2467
2024-10-09 06:20:00,TRESPASSING,Central,34.0659,-118.2339
2024-10-09 23:00:00,BURGLARY FROM VEHICLE,Central,34.0453,-118.249
2024-10-10 10:30:00,BURGLARY FROM VEHICLE,Central,34.0493,-118.2417
2024-10-09 17:00:00,SHOPLIFTING - PETTY THEFT ($950 & UNDER),Central,34.0466,-118.252
2024-10-10 16:30:00,THEFT PLAIN - PETTY ($950 & UNDER),Central,34.0502,-118.2539
2024-10-09 22:30:00,BURGLARY FROM VEHICLE,Central,34.0501,-118.2558
2024-10-10 15:20:00,SHOPLIFTING-GRAND THEFT ($950.01 & OVER),Central,34.0483,-118.2631
2024-10-08 22:00:00,THEFT FROM MOTOR VEHICLE - PETTY ($950 & UNDER),Central,34.0488,-118.25
2024-10-03 04:00:00,BURGLARY FROM VEHICLE,Central,34.0637,-118.244
2024-09-22 15:00:00,BURGLARY FROM VEHICLE,Central,34.0463,-118.2402
2024-09-30 22:00:00,THEFT PLAIN - PETTY ($950 & UNDER),Central,34.0466,-118.2555
2024-10-09 23:30:00,"THEFT-GRAND ($950.01 & OVER)EXCPT,GUNS,FOWL,LIVESTK,PROD",Central,34.0566,-118.2531
2024-10-10 19:50:00,BURGLARY FROM VEHICLE,Central,34.0414,-118.2332
2024-10-10 19:45:00,THEFT PLAIN - PETTY ($950 & UNDER),Central,34.0479,-118.2612
2024-10-10 22:35:00,BURGLARY FROM VEHICLE,Central,34.049,-118.2381
2024-08-20 19:45:00,"VANDALISM - FELONY ($400 & OVER, ALL CHURCH VANDALISMS)",Central,34.0503,-118.247
2024-10-09 21:30:00,THEFT FROM MOTOR VEHICLE - PETTY ($950 & UNDER),Central,34.0487,-118.2553
2024-10-10 14:25:00,TRESPASSING,Central,34.0435,-118.2471
2024-10-04 10:00:00,THEFT FROM MOTOR VEHICLE - PETTY ($950 & UNDER),Central,34.0362,-118.2386
2024-10-10 08:00:00,TRESPASSING,Central,34.0524,-118.2467
2024-10-10 06:25:00,TRESPASSING,Central,34.0659,-118.2339
2024-10-11 06:45:00,ROBBERY,Central,34.0452,-118.2569
2024-10-09 12:20:00,VEHICLE - STOLEN,Central,34.0459,-118.2579
2024-10-06 17:00:00,VEHICLE - STOLEN,Central,34.0713,-118.2291
2024-10-11 15:23:00,SHOPLIFTING - PETTY THEFT ($950 & UNDER),Central,34.0483,-118.2631
2024-10-11 14:00:00,"VANDALISM - FELONY ($400 & OVER, ALL CHURCH VANDALISMS)",Central,34.0473,-118.2425
2024-10-10 22:00:00,BURGLARY FROM VEHICLE,Central,34.0472,-118.2342
2024-10-02 22:15:00,THEFT PLAIN - PETTY ($950 & UNDER),Central,34.0488,-118.2483
2024-10-10 21:30:00,BURGLARY FROM VEHICLE,Central,34.0509,-118.2515
2024-10-10 16:45:00,"THEFT-GRAND ($950.01 & OVER)EXCPT,GUNS,FOWL,LIVESTK,PROD",Central,34.0473,-118.2641
2024-10-08 22:27:00,THEFT PLAIN - PETTY ($950 & UNDER),Central,34.0508,-118.2586
2024-10-04 17:00:00,THEFT PLAIN - PETTY ($950 & UNDER),Central,34.0549,-118.2426
2024-10-12 03:25:00,ROBBERY,Central,34.0483,-118.2631
2024-10-12 02:50:00,VEHICLE - STOLEN,Central,34.0473,-118.2531
2024-10-12 09:55:00,VEHICLE - STOLEN,Central,34.0459,-118.2579
2024-10-12 10:00:00,VEHICLE - STOLEN,Central,34.0363,-118.2672
2024-10-13 00:50:00,VEHICLE - STOLEN,Central,34.0552,-118.2457
2024-10-12 11:00:00,TRESPASSING,Central,34.0488,-118.2518
2024-10-13 01:25:00,ROBBERY,Central,34.0519,-118.2531
2024-10-07 15:40:00,PICKPOCKET,Central,34.0431,-118.2692
2024-10-11 20:11:00,"VANDALISM - FELONY ($400 & OVER, ALL CHURCH VANDALISMS)",Central,34.0455,-118.2381
2024-10-12 11:40:00,TRESPASSING,Central,34.0488,-118.2518
2024-10-11 23:50:00,"THEFT-GRAND ($950.01 & OVER)EXCPT,GUNS,FOWL,LIVESTK,PROD",Central,34.0454,-118.2658
2024-10-12 11:15:00,TRESPASSING,Central,34.0488,-118.2518
2024-10-10 17:06:00,THEFT PLAIN - PETTY ($950 & UNDER),Central,34.0467,-118.252
2024-06-08 15:55:00,THEFT PLAIN - PETTY ($950 & UNDER),Central,34.0571,-118.2405
2024-10-11 16:32:00,"THEFT-GRAND ($950.01 & OVER)EXCPT,GUNS,FOWL,LIVESTK,PROD",Central,34.0388,-118.2574
2024-10-06 20:00:00,BURGLARY FROM VEHICLE,Central,34.0503,-118.2434
2024-10-12 14:20:00,TRESPASSING,Central,34.0429,-118.2462
2024-10-12 21:14:00,PICKPOCKET,Central,34.0661,-118.2335
2024-10-08 00:18:00,THEFT OF IDENTITY,Central,34.0467,-118.252
2024-10-13 05:30:00,VEHICLE - STOLEN,Central,34.0547,-118.2505
2024-10-13 06:45:00,VEHICLE - STOLEN,Central,34.0702,-118.2273
2024-10-13 11:20:00,VEHICLE - STOLEN,Central,34.0352,-118.2654
2024-10-11 02:00:00,THEFT PLAIN - PETTY ($950 & UNDER),Central,34.0419,-118.2669
2024-10-12 18:00:00,"VANDALISM - FELONY ($400 & OVER, ALL CHURCH VANDALISMS)",Central,34.0338,-118.2706
2024-10-12 02:30:00,THEFT PLAIN - PETTY ($950 & UNDER),Central,34.0491,-118.2558
2024-10-11 12:45:00,"THEFT-GRAND ($950.01 & OVER)EXCPT,GUNS,FOWL,LIVESTK,PROD",Central,34.0561,-118.2375
2024-10-13 09:10:00,"THEFT-GRAND ($950.01 & OVER)EXCPT,GUNS,FOWL,LIVESTK,PROD",Central,34.0606,-118.2439
2024-10-05 11:53:00,BURGLARY FROM VEHICLE,Central,34.0446,-118.2367
2024-10-13 06:50:00,TRESPASSING,Central,34.0559,-118.232
2024-10-13 07:20:00,TRESPASSING,Central,34.0559,-118.232
2024-10-13 07:35:00,TRESPASSING,Central,34.0561,-118.2375
2024-10-13 07:50:00,TRESPASSING,Central,34.0559,-118.232
2024-10-13 08:00:00,TRESPASSING,Central,34.0559,-118.232
2024-10-13 08:00:00,TRESPASSING,Central,34.0561,-118.2375
2024-10-13 05:30:00,ROBBERY,Central,34.0446,-118.2507
2024-10-13 05:30:00,BATTERY - SIMPLE ASSAULT,Central,34.0446,-118.2507
2024-08-02 20:02:00,"THEFT-GRAND ($950.01 & OVER)EXCPT,GUNS,FOWL,LIVESTK,PROD",Central,34.0423,-118.2561
2024-10-12 20:30:00,BURGLARY FROM VEHICLE,Central,34.0409,-118.2574
2024-10-12 13:30:00,THEFT PLAIN - PETTY ($950 & UNDER),Central,34.0561,-118.2375
2024-09-10 18:20:00,BURGLARY FROM VEHICLE,Central,34.0454,-118.2333
2024-10-12 22:00:00,"VANDALISM - FELONY ($400 & OVER, ALL CHURCH VANDALISMS)",Central,34.0495,-118.2459
2024-09-29 21:15:00,"VANDALISM - FELONY ($400 & OVER, ALL CHURCH VANDALISMS)",Central,34.046,-118.2493
2024-10-13 19:40:00,BURGLARY FROM VEHICLE,Central,34.0456,-118.2396
2024-10-13 09:30:00,VEHICLE - STOLEN,Central,34.0395,-118.2405
2024-10-13 22:30:00,VEHICLE - STOLEN,Central,34.0483,-118.2631
2024-10-12 01:30:00,BURGLARY FROM VEHICLE,Central,34.0519,-118.2506
2024-10-13 10:47:00,THEFT OF IDENTITY,Central,34.0423,-118.263
2024-10-08 13:30:00,THEFT OF IDENTITY,Central,34.0493,-118.2417
2024-10-13 21:15:00,THEFT OF IDENTITY,Central,34.0674,-118.2489
2024-10-13 06:25:00,TRESPASSING,Central,34.0561,-118.2375
2024-09-22 23:47:00,THEFT PLAIN - PETTY ($950 & UNDER),Central,34.0462,-118.2585
2024-10-13 22:00:00,VEHICLE - STOLEN,Central,34.0495,-118.2459
2024-08-09 15:30:00,BURGLARY FROM VEHICLE,Central,34.0382,-118.2316
2024-10-13 23:20:00,THEFT PLAIN - PETTY ($950 & UNDER),Central,34.0421,-118.2469
2024-10-11 19:00:00,BURGLARY FROM VEHICLE,Central,34.0383,-118.2305
2024-10-11 20:30:00,THEFT FROM MOTOR VEHICLE - GRAND ($950.01 AND OVER),Central,34.0376,-118.2593
2024-10-14 07:20:00,THEFT PLAIN - PETTY ($950 & UNDER),Central,34.0561,-118.2375
2024-10-14 03:50:00,VEHICLE - STOLEN,Central,34.0531,-118.2478
2024-10-14 06:50:00,TRESPASSING,Central,34.0561,-118.2375
2024-10-14 09:05:00,TRESPASSING,Central,34.0561,-118.2375
2024-10-14 08:20:00,TRESPASSING,Central,34.0561,-118.2375
2024-10-14 10:22:00,TRESPASSING,Central,34.0561,-118.2375
2024-10-14 08:00:00,TRESPASSING,Central,34.0561,-118.2375
2024-10-14 08:40:00,TRESPASSING,Central,34.0561,-118.2375
2024-10-12 19:05:00,"THEFT-GRAND ($950.01 & OVER)EXCPT,GUNS,FOWL,LIVESTK,PROD",Central,34.0479,-118.2612
2024-10-10 17:00:00,VEHICLE - STOLEN,Central,34.0458,-118.2614
2024-10-10 17:00:00,VEHICLE - STOLEN,Central,34.0462,-118.2623
2024-09-25 16:00:00,"VEHICLE, STOLEN - OTHER (MOTORIZED SCOOTERS, BIKES, ETC)",Central,34.0452,-118.2651
2024-10-11 22:30:00,BURGLARY FROM VEHICLE,Central,34.0453,-118.2499
2024-10-14 14:00:00,SHOPLIFTING - PETTY THEFT ($950 & UNDER),Central,34.0483,-118.2631
2024-10-12 04:20:00,"THEFT-GRAND ($950.01 & OVER)EXCPT,GUNS,FOWL,LIVESTK,PROD",Central,34.0384,-118.2571
2024-10-14 20:00:00,BURGLARY FROM VEHICLE,Central,34.0472,-118.2342
2024-10-13 16:31:00,THEFT PLAIN - PETTY ($950 & UNDER),Central,34.0423,-118.2561
2024-10-14 22:40:00,TRESPASSING,Central,34.0561,-118.2375
2024-10-15 00:30:00,VEHICLE - STOLEN,Central,34.0419,-118.2669
2024-10-15 00:45:00,VEHICLE - STOLEN,Central,34.0619,-118.2369
2024-08-25 15:26:00,THEFT PLAIN - PETTY ($950 & UNDER),Central,34.0473,-118.2566
2024-09-10 04:30:00,"LETTERS, LEWD  -  TELEPHONE CALLS, LEWD",Central,34.0494,-118.2599
2024-09-19 21:48:00,BURGLARY FROM VEHICLE,Central,34.0481,-118.2472
2024-09-13 11:20:00,BURGLARY FROM VEHICLE,Central,34.0633,-118.2336
2024-10-14 19:00:00,VEHICLE - STOLEN,Central,34.0479,-118.2612
2024-10-04 12:00:00,VEHICLE - STOLEN,Central,34.0431,-118.2692
2024-10-13 18:46:00,SHOPLIFTING - PETTY THEFT ($950 & UNDER),Central,34.0483,-118.2631
2024-10-13 14:38:00,SHOPLIFTING - PETTY THEFT ($950 & UNDER),Central,34.0483,-118.2631
2024-10-13 14:29:00,SHOPLIFTING - PETTY THEFT ($950 & UNDER),Central,34.0483,-118.2631
2024-10-15 14:20:00,SHOPLIFTING - PETTY THEFT ($950 & UNDER),Central,34.048,-118.2577
2024-10-15 01:00:00,VEHICLE - STOLEN,Central,34.0502,-118.2487
2024-10-14 11:35:00,VEHICLE - STOLEN,Central,34.0419,-118.2669
2024-10-15 09:00:00,BURGLARY FROM VEHICLE,Central,34.051,-118.2445
2024-10-15 17:20:00,VEHICLE - STOLEN,Central,34.0414,-118.2332
2024-10-10 22:40:00,VANDALISM - MISDEAMEANOR ($399 OR UNDER),Central,34.042,-118.2625
2024-10-15 10:30:00,BURGLARY FROM VEHICLE,Central,34.047,-118.2457
2024-10-14 13:00:00,THEFT FROM MOTOR VEHICLE - GRAND ($950.01 AND OVER),Central,34.0688,-118.2291
2024-10-13 02:00:00,PICKPOCKET,Central,34.0337,-118.2665
2024-10-15 18:40:00,"THEFT-GRAND ($950.01 & OVER)EXCPT,GUNS,FOWL,LIVESTK,PROD",Central,34.0483,-118.2631
2024-10-15 15:20:00,"LETTERS, LEWD  -  TELEPHONE CALLS, LEWD",Central,34.0445,-118.2523
2024-10-16 06:45:00,TRESPASSING,Central,34.0338,-118.2706
2024-10-15 16:00:00,TRESPASSING,Central,34.048,-118.2577
2024-10-14 10:00:00,VEHICLE - STOLEN,Central,34.0399,-118.2383
2024-10-01 21:00:00,BURGLARY FROM VEHICLE,Central,34.0435,-118.236
2024-10-15 22:45:00,VANDALISM - MISDEAMEANOR ($399 OR UNDER),Central,34.0473,-118.2425
2024-10-13 12:10:00,"VANDALISM - FELONY ($400 & OVER, ALL CHURCH VANDALISMS)",Central,34.0493,-118.2417
2024-10-14 15:10:00,"THEFT-GRAND ($950.01 & OVER)EXCPT,GUNS,FOWL,LIVESTK,PROD",Central,34.0485,-118.2421
2024-10-13 01:13:00,THEFT FROM MOTOR VEHICLE - GRAND ($950.01 AND OVER),Central,34.0454,-118.2422
2024-09-28 12:15:00,BURGLARY FROM VEHICLE,Central,34.0414,-118.2399
2024-09-03 09:30:00,"LETTERS, LEWD  -  TELEPHONE CALLS, LEWD",Central,34.0486,-118.2571
2024-10-13 12:03:00,THEFT OF IDENTITY,Central,34.0607,-118.2494
2024-10-16 18:10:00,VEHICLE - STOLEN,Central,34.0437,-118.2547
2024-10-17 00:10:00,VEHICLE - STOLEN,Central,34.0531,-118.2478
2024-10-16 18:30:00,ROBBERY,Central,34.0462,-118.2585
2024-10-16 10:20:00,SHOPLIFTING-GRAND THEFT ($950.01 & OVER),Central,34.0483,-118.2631
2024-10-15 17:20:00,"THEFT-GRAND ($950.01 & OVER)EXCPT,GUNS,FOWL,LIVESTK,PROD",Central,34.0561,-118.2375
2024-10-12 23:45:00,"VANDALISM - FELONY ($400 & OVER, ALL CHURCH VANDALISMS)",Central,34.0485,-118.2448
2024-10-16 14:15:00,SHOPLIFTING - PETTY THEFT ($950 & UNDER),Central,34.0483,-118.2631
2024-10-16 18:15:00,BURGLARY FROM VEHICLE,Central,34.0504,-118.2409
2024-10-16 21:15:00,BURGLARY FROM VEHICLE,Central,34.0473,-118.2462
2024-10-17 06:15:00,VEHICLE - STOLEN,Central,34.0401,-118.2633
2024-10-15 14:15:00,"VANDALISM - FELONY ($400 & OVER, ALL CHURCH VANDALISMS)",Central,34.0515,-118.238
2024-10-16 18:57:00,SHOPLIFTING - PETTY THEFT ($950 & UNDER),Central,34.0483,-118.2631
2024-09-02 00:30:00,THEFT OF IDENTITY,Central,34.0453,-118.249
2024-10-14 01:00:00,"THEFT-GRAND ($950.01 & OVER)EXCPT,GUNS,FOWL,LIVESTK,PROD",Central,34.0383,-118.2327
2024-10-17 07:00:00,VEHICLE - STOLEN,Central,34.0517,-118.2456
2024-10-16 23:00:00,VEHICLE - STOLEN,Central,34.0645,-118.2432
2024-10-09 00:01:00,BURGLARY,Central,34.0437,-118.2455
2024-10-16 16:30:00,VANDALISM - MISDEAMEANOR ($399 OR UNDER),Central,34.0455,-118.2379
2024-10-11 16:53:00,"THEFT-GRAND ($950.01 & OVER)EXCPT,GUNS,FOWL,LIVESTK,PROD",Central,34.0432,-118.2504
2024-10-12 22:00:00,BURGLARY FROM VEHICLE,Central,34.0635,-118.2458
2024-10-12 16:05:00,THEFT PLAIN - PETTY ($950 & UNDER),Central,34.0502,-118.2539
2024-10-10 15:15:00,SHOPLIFTING - PETTY THEFT ($950 & UNDER),Central,34.0483,-118.2631
2024-10-17 16:18:00,SHOPLIFTING - PETTY THEFT ($950 & UNDER),Central,34.0483,-118.2631
2024-10-17 03:00:00,"VANDALISM - FELONY ($400 & OVER, ALL CHURCH VANDALISMS)",Central,34.0437,-118.2455
2024-10-09 03:00:00,THEFT PLAIN - PETTY ($950 & UNDER),Central,34.0595,-118.2451
2024-10-13 11:25:00,SHOPLIFTING - PETTY THEFT ($950 & UNDER),Central,34.048,-118.2577
2024-10-18 07:40:00,VEHICLE - STOLEN,Central,34.037,-118.265
2024-10-18 17:00:00,BURGLARY FROM VEHICLE,Central,34.0363,-118.2314
2024-10-10 17:40:00,BURGLARY FROM VEHICLE,Central,34.0504,-118.2409
2024-10-17 23:50:00,BURGLARY FROM VEHICLE,Central,34.0509,-118.2515
2024-10-18 06:25:00,"VANDALISM - FELONY ($400 & OVER, ALL CHURCH VANDALISMS)",Central,34.0601,-118.2502
2024-10-10 15:30:00,"VANDALISM - FELONY ($400 & OVER, ALL CHURCH VANDALISMS)",Central,34.0539,-118.2436
2024-10-15 20:00:00,BURGLARY FROM VEHICLE,Central,34.0419,-118.2669
2024-10-18 11:50:00,"VANDALISM - FELONY ($400 & OVER, ALL CHURCH VANDALISMS)",Central,34.0455,-118.2381
2024-07-01 07:00:00,"VANDALISM - FELONY ($400 & OVER, ALL CHURCH VANDALISMS)",Central,34.0442,-118.2519
2024-10-17 20:36:00,THEFT FROM MOTOR VEHICLE - PETTY ($950 & UNDER),Central,34.0467,-118.252
2024-07-18 09:00:00,THEFT PLAIN - PETTY ($950 & UNDER),Central,34.0453,-118.2443
2024-09-24 05:40:00,PICKPOCKET,Central,34.0466,-118.252
2024-10-18 18:00:00,BURGLARY FROM VEHICLE,Central,34.0495,-118.2528
2024-10-18 18:00:00,"VANDALISM - FELONY ($400 & OVER, ALL CHURCH VANDALISMS)",Central,34.0408,-118.2644
2024-10-18 08:00:00,"VEHICLE, STOLEN - OTHER (MOTORIZED SCOOTERS, BIKES, ETC)",Central,34.0506,-118.2371
2024-10-12 08:00:00,THEFT FROM MOTOR VEHICLE - PETTY ($950 & UNDER),Central,34.0474,-118.2496
2024-10-18 21:10:00,THEFT PLAIN - PETTY ($950 & UNDER),Central,34.0659,-118.2339
2024-10-19 08:00:00,VEHICLE - STOLEN,Central,34.0426,-118.2528
2024-10-19 20:24:00,VEHICLE - STOLEN,Central,34.0452,-118.2533
2024-10-19 19:30:00,VEHICLE - STOLEN,Central,34.0517,-118.2474
2024-10-19 19:00:00,"VEHICLE, STOLEN - OTHER (MOTORIZED SCOOTERS, BIKES, ETC)",Central,34.0494,-118.2599
2024-10-20 12:00:00,VEHICLE - STOLEN,Central,34.0387,-118.2335
2024-10-19 06:40:00,TRESPASSING,Central,34.0561,-118.2375
2024-10-18 18:25:00,TRESPASSING,Central,34.048,-118.2577
2024-10-02 12:31:00,"THEFT-GRAND ($950.01 & OVER)EXCPT,GUNS,FOWL,LIVESTK,PROD",Central,34.0401,-118.2633
2024-10-18 20:30:00,THEFT PLAIN - PETTY ($950 & UNDER),Central,34.0561,-118.2375
2024-10-21 01:19:00,BURGLARY FROM VEHICLE,Central,34.0419,-118.2669
2024-10-19 03:00:00,THEFT PLAIN - PETTY ($950 & UNDER),Central,34.0561,-118.2375
2024-10-19 23:00:00,THEFT PLAIN - PETTY ($950 & UNDER),Central,34.0659,-118.2339
2024-10-10 17:18:00,THEFT PLAIN - PETTY ($950 & UNDER),Central,34.0615,-118.247
2024-10-20 04:00:00,BURGLARY FROM VEHICLE,Central,34.048,-118.2577
2024-10-19 02:55:00,PICKPOCKET,Central,34.0384,-118.2571
2024-10-18 18:17:00,BURGLARY FROM VEHICLE,Central,34.0462,-118.2585
2024-09-01 00:45:00,THEFT PLAIN - PETTY ($950 & UNDER),Central,34.064,-118.2375
2024-10-20 22:05:00,"VANDALISM - FELONY ($400 & OVER, ALL CHURCH VANDALISMS)",Central,34.0517,-118.2456
2024-10-17 14:06:00,SHOPLIFTING - PETTY THEFT ($950 & UNDER),Central,34.0483,-118.2631
2024-10-16 19:40:00,BURGLARY FROM VEHICLE,Central,34.0492,-118.2391
2024-10-19 20:00:00,BURGLARY FROM VEHICLE,Central,34.0414,-118.2332
2024-10-19 00:01:00,PICKPOCKET,Central,34.0456,-118.2504
2024-10-18 18:30:00,BURGLARY FROM VEHICLE,Central,34.0503,-118.2434
2024-10-19 01:12:00,PICKPOCKET,Central,34.0456,-118.2504
2024-10-18 18:00:00,SHOPLIFTING - PETTY THEFT ($950 & UNDER),Central,34.048,-118.2542
2024-10-19 16:05:00,THEFT PLAIN - PETTY ($950 & UNDER),Central,34.0388,-118.2574
2024-10-19 14:19:00,BURGLARY FROM VEHICLE,Central,34.0341,-118.2591
2024-10-19 09:40:00,THEFT FROM MOTOR VEHICLE - GRAND ($950.01 AND OVER),Central,34.0473,-118.2425
2024-10-18 21:00:00,PICKPOCKET,Central,34.0659,-118.2339
2024-10-08 18:35:00,"LETTERS, LEWD  -  TELEPHONE CALLS, LEWD",Central,34.0503,-118.2434
2024-10-19 17:15:00,"THEFT-GRAND ($950.01 & OVER)EXCPT,GUNS,FOWL,LIVESTK,PROD",Central,34.0702,-118.2273
2024-10-19 22:30:00,THEFT PLAIN - PETTY ($950 & UNDER),Central,34.0659,-118.2339
2024-10-19 15:20:00,"THEFT-GRAND ($950.01 & OVER)EXCPT,GUNS,FOWL,LIVESTK,PROD",Central,34.0467,-118.247
2024-10-19 23:20:00,PICKPOCKET,Central,34.0516,-118.2491
2024-10-19 15:38:00,SHOPLIFTING - PETTY THEFT ($950 & UNDER),Central,34.0483,-118.2631
2024-10-19 22:30:00,"VANDALISM - FELONY ($400 & OVER, ALL CHURCH VANDALISMS)",Central,34.0582,-118.2387
2024-10-19 13:54:00,SHOPLIFTING - PETTY THEFT ($950 & UNDER),Central,34.0483,-118.2631
2024-10-16 13:00:00,BURGLARY FROM VEHICLE,Central,34.051,-118.2445
2024-10-19 13:30:00,PICKPOCKET,Central,34.064,-118.2375
2024-10-18 11:34:00,THEFT PLAIN - PETTY ($950 & UNDER),Central,34.0615,-118.247
2024-10-19 09:30:00,BATTERY - SIMPLE ASSAULT,Central,34.0437,-118.2455
2024-10-19 11:05:00,TRESPASSING,Central,34.048,-118.2577
2024-10-19 08:20:00,TRESPASSING,Central,34.0438,-118.2416
2024-10-20 21:30:00,VEHICLE - STOLEN,Central,34.0671,-118.2498
2024-09-07 07:00:00,"VEHICLE, STOLEN - OTHER (MOTORIZED SCOOTERS, BIKES, ETC)",Central,34.0627,-118.2463
2024-10-20 21:30:00,BURGLARY FROM VEHICLE,Central,34.043,-118.2571
2024-10-20 12:30:00,BURGLARY FROM VEHICLE,Central,34.0447,-118.2643
2024-10-20 16:56:00,SHOPLIFTING - PETTY THEFT ($950 & UNDER),Central,34.0483,-118.2631
2024-10-21 11:00:00,VEHICLE - STOLEN,Central,34.043,-118.2606
2024-10-20 00:10:00,VEHICLE - STOLEN,Central,34.0615,-118.247
2024-10-20 14:00:00,VEHICLE - STOLEN,Central,34.0615,-118.247
2024-10-17 20:00:00,THEFT FROM MOTOR VEHICLE - PETTY ($950 & UNDER),Central,34.0652,-118.2468
2024-10-05 08:00:00,THEFT FROM MOTOR VEHICLE - PETTY ($950 & UNDER),Central,34.0362,-118.2386
2024-10-20 22:35:00,"VANDALISM - FELONY ($400 & OVER, ALL CHURCH VANDALISMS)",Central,34.0473,-118.2425
2024-10-17 02:00:00,THEFT PLAIN - PETTY ($950 & UNDER),Central,34.0487,-118.2588
2024-10-01 23:10:00,"THEFT-GRAND ($950.01 & OVER)EXCPT,GUNS,FOWL,LIVESTK,PROD",Central,34.0494,-118.2599
2024-10-21 13:00:00,VEHICLE - STOLEN,Central,34.0472,-118.2352
2024-10-21 14:45:00,VEHICLE - STOLEN,Central,34.0671,-118.2483
2024-10-18 21:15:00,BURGLARY FROM VEHICLE,Central,34.0495,-118.2459
2024-10-20 00:01:00,"THEFT-GRAND ($950.01 & OVER)EXCPT,GUNS,FOWL,LIVESTK,PROD",Central,34.0503,-118.2434
2024-10-21 15:40:00,"VANDALISM - FELONY ($400 & OVER, ALL CHURCH VANDALISMS)",Central,34.0655,-118.2489
2024-10-06 00:01:00,THEFT PLAIN - PETTY ($950 & UNDER),Central,34.046,-118.251
2024-10-21 20:00:00,VEHICLE - STOLEN,Central,34.0382,-118.2316
2024-10-20 16:15:00,THEFT FROM MOTOR VEHICLE - GRAND ($950.01 AND OVER),Central,34.0517,-118.2474
2024-10-21 19:20:00,VEHICLE - STOLEN,Central,34.0409,-118.2574
2024-10-02 08:00:00,"LETTERS, LEWD  -  TELEPHONE CALLS, LEWD",Central,34.0362,-118.2386
2024-10-21 10:00:00,VEHICLE - STOLEN,Central,34.0358,-118.2345
2024-10-21 22:00:00,VEHICLE - STOLEN,Central,34.046,-118.251
2024-10-22 06:15:00,BATTERY - SIMPLE ASSAULT,Central,34.0491,-118.2558
2024-10-22 11:03:00,SHOPLIFTING - PETTY THEFT ($950 & UNDER),Central,34.0483,-118.2631
2024-10-21 22:05:00,VANDALISM - MISDEAMEANOR ($399 OR UNDER),Central,34.0473,-118.2425
2024-10-21 05:00:00,VEHICLE - STOLEN,Central,34.0396,-118.2558
2024-10-22 19:34:00,THEFT PLAIN - PETTY ($950 & UNDER),Central,34.0573,-118.2474
2024-10-18 22:40:00,THEFT PLAIN - PETTY ($950 & UNDER),Central,34.0502,-118.2504
2024-10-22 10:00:00,BURGLARY FROM VEHICLE,Central,34.0414,-118.2332
2024-09-16 22:44:00,BURGLARY FROM VEHICLE,Central,34.0495,-118.2494
2024-10-22 21:30:00,BURGLARY FROM VEHICLE,Central,34.0504,-118.2409
2024-10-18 21:40:00,THEFT FROM MOTOR VEHICLE - PETTY ($950 & UNDER),Central,34.042,-118.2625
2024-10-22 09:47:00,BURGLARY FROM VEHICLE,Central,34.0436,-118.2354
2024-10-16 22:05:00,BURGLARY FROM VEHICLE,Central,34.0426,-118.2528
2024-09-28 17:03:00,BURGLARY FROM VEHICLE,Central,34.0409,-118.2574
2024-10-19 23:00:00,"THEFT-GRAND ($950.01 & OVER)EXCPT,GUNS,FOWL,LIVESTK,PROD",Central,34.0516,-118.2491
2024-10-23 04:40:00,VEHICLE - STOLEN,Central,34.0599,-118.2426
2024-09-28 05:03:00,"VEHICLE, STOLEN - OTHER (MOTORIZED SCOOTERS, BIKES, ETC)",Central,34.0409,-118.2574
2024-10-22 19:00:00,BURGLARY FROM VEHICLE,Central,34.0437,-118.2652
2024-10-22 17:00:00,VEHICLE - STOLEN,Central,34.0684,-118.2449
2024-10-23 07:00:00,TRESPASSING,Central,34.0508,-118.2586
2024-10-22 17:48:00,"VEHICLE, STOLEN - OTHER (MOTORIZED SCOOTERS, BIKES, ETC)",Central,34.0508,-118.2586
2024-10-22 12:14:00,SHOPLIFTING - PETTY THEFT ($950 & UNDER),Central,34.0496,-118.2603
2024-10-23 16:13:00,SHOPLIFTING - PETTY THEFT ($950 & UNDER),Central,34.0483,-118.2631
2024-08-10 15:15:00,"THEFT-GRAND ($950.01 & OVER)EXCPT,GUNS,FOWL,LIVESTK,PROD",Central,34.0437,-118.2455
2024-09-30 15:15:00,"THEFT-GRAND ($950.01 & OVER)EXCPT,GUNS,FOWL,LIVESTK,PROD",Central,34.0437,-118.2455
2024-10-23 11:00:00,"VANDALISM - FELONY ($400 & OVER, ALL CHURCH VANDALISMS)",Central,34.0542,-118.2415
2024-10-23 18:30:00,BURGLARY FROM VEHICLE,Central,34.0487,-118.2362
2024-10-22 16:30:00,CHILD NEGLECT (SEE 300 W.I.C.),Central,34.049,-118.2381
2024-10-23 06:03:00,VANDALISM - MISDEAMEANOR ($399 OR UNDER),Central,34.0355,-118.2625
2024-10-17 10:31:00,THEFT PLAIN - PETTY ($950 & UNDER),Central,34.0615,-118.247
2024-10-22 17:00:00,VEHICLE - STOLEN,Central,34.0493,-118.2417
2024-08-17 15:00:00,BURGLARY FROM VEHICLE,Central,34.0401,-118.2459
2024-10-23 22:19:00,BURGLARY FROM VEHICLE,Central,34.0453,-118.2499
2024-10-23 19:00:00,BURGLARY FROM VEHICLE,Central,34.0428,-118.2532
2024-10-23 22:20:00,BURGLARY FROM VEHICLE,Central,34.064,-118.2375
2024-10-23 11:34:00,THEFT OF IDENTITY,Central,34.0561,-118.2375
2024-10-08 00:11:00,"VANDALISM - FELONY ($400 & OVER, ALL CHURCH VANDALISMS)",Central,34.0459,-118.2545
2024-10-23 10:10:00,"VANDALISM - FELONY ($400 & OVER, ALL CHURCH VANDALISMS)",Central,34.0635,-118.2458
2024-10-24 10:05:00,TRESPASSING,Central,34.0508,-118.2586
2024-10-24 08:40:00,TRESPASSING,Central,34.0508,-118.2586
2024-10-24 09:00:00,TRESPASSING,Central,34.0508,-118.2586
2024-10-22 17:45:00,BURGLARY FROM VEHICLE,Central,34.0461,-118.2395
2024-10-23 09:30:00,BURGLARY FROM VEHICLE,Central,34.048,-118.2577
2024-10-24 20:30:00,"VANDALISM - FELONY ($400 & OVER, ALL CHURCH VANDALISMS)",Central,34.0461,-118.2395
2024-07-20 22:00:00,THEFT PLAIN - PETTY ($950 & UNDER),Central,34.0516,-118.2491
2024-10-24 19:00:00,BURGLARY FROM VEHICLE,Central,34.0454,-118.2333
2024-10-25 00:01:00,VEHICLE - STOLEN,Central,34.046,-118.2493
2024-10-24 10:00:00,VEHICLE - STOLEN,Central,34.0517,-118.2456
2024-10-24 17:00:00,VEHICLE - STOLEN,Central,34.0409,-118.2574
2024-10-24 21:15:00,VEHICLE - STOLEN,Central,34.0466,-118.2555
2024-10-24 22:00:00,VEHICLE - STOLEN,Central,34.0337,-118.2665
2024-10-24 08:00:00,VEHICLE - STOLEN,Central,34.0541,-118.2451
2024-10-23 20:00:00,VEHICLE - STOLEN,Central,34.0444,-118.2628
2024-10-26 00:01:00,VEHICLE - STOLEN,Central,34.0391,-118.2582
2024-10-25 20:00:00,BURGLARY FROM VEHICLE,Central,34.0453,-118.249
2024-10-25 14:00:00,THEFT PLAIN - PETTY ($950 & UNDER),Central,34.051,-118.248
2024-10-19 01:10:00,"THEFT-GRAND ($950.01 & OVER)EXCPT,GUNS,FOWL,LIVESTK,PROD",Central,34.0337,-118.2665
2024-10-25 14:06:00,SHOPLIFTING - PETTY THEFT ($950 & UNDER),Central,34.0466,-118.252
2024-10-24 20:00:00,BURGLARY FROM VEHICLE,Central,34.044,-118.24
2024-09-18 23:45:00,BURGLARY FROM VEHICLE,Central,34.0453,-118.249
2024-10-05 14:00:00,"THEFT-GRAND ($950.01 & OVER)EXCPT,GUNS,FOWL,LIVESTK,PROD",Central,34.0561,-118.2375
2024-10-24 21:00:00,BURGLARY FROM VEHICLE,Central,34.046,-118.251
2024-10-24 22:00:00,BURGLARY FROM VEHICLE,Central,34.051,-118.248
2024-10-24 20:34:00,BURGLARY FROM VEHICLE,Central,34.0655,-118.2489
2024-10-22 18:05:00,BURGLARY FROM VEHICLE,Central,34.0409,-118.2609
2024-10-24 18:30:00,BURGLARY FROM VEHICLE,Central,34.0461,-118.2395
2024-10-25 01:00:00,"THEFT-GRAND ($950.01 & OVER)EXCPT,GUNS,FOWL,LIVESTK,PROD",Central,34.0417,-118.2584
2024-10-26 08:55:00,ROBBERY,Central,34.0349,-118.2668
2024-10-25 16:00:00,VEHICLE - STOLEN,Central,34.0423,-118.2561
2024-10-22 20:30:00,VEHICLE - STOLEN,Central,34.0599,-118.2426
2024-10-23 20:00:00,VEHICLE - STOLEN,Central,34.0425,-118.2493
2024-10-26 12:15:00,VEHICLE - STOLEN,Central,34.0408,-118.2644
2024-10-26 04:00:00,VEHICLE - STOLEN,Central,34.0615,-118.247
2024-10-26 18:30:00,BURGLARY FROM VEHICLE,Central,34.0436,-118.234
2024-10-25 20:30:00,BURGLARY FROM VEHICLE,Central,34.0569,-118.254
2024-10-25 11:00:00,BURGLARY FROM VEHICLE,Central,34.0454,-118.2333
2024-10-25 19:30:00,BURGLARY FROM VEHICLE,Central,34.0615,-118.2412
2024-10-26 02:00:00,BURGLARY FROM VEHICLE,Central,34.0519,-118.2531
2024-10-26 09:17:00,THEFT PLAIN - PETTY ($950 & UNDER),Central,34.0485,-118.2448
2024-10-26 11:10:00,THEFT PLAIN - PETTY ($950 & UNDER),Central,34.0519,-118.2531
2024-10-26 15:00:00,THEFT PLAIN - PETTY ($950 & UNDER),Central,34.0502,-118.2539
2024-08-14 19:50:00,"VANDALISM - FELONY ($400 & OVER, ALL CHURCH VANDALISMS)",Central,34.0436,-118.2354
2024-10-25 12:15:00,VANDALISM - MISDEAMEANOR ($399 OR UNDER),Central,34.0488,-118.25
2024-10-26 14:00:00,VEHICLE - STOLEN,Central,34.0482,-118.2326
2024-10-26 10:30:00,KIDNAPPING,Central,34.0488,-118.2518
2024-09-08 15:30:00,"EMBEZZLEMENT, GRAND THEFT ($950.01 & OVER)",Central,34.0542,-118.2566
2024-10-27 21:15:00,BURGLARY FROM VEHICLE,Central,34.0455,-118.2379
2024-10-26 22:10:00,"THEFT-GRAND ($950.01 & OVER)EXCPT,GUNS,FOWL,LIVESTK,PROD",Central,34.0493,-118.2582
2024-10-17 21:45:00,PICKPOCKET,Central,34.0502,-118.2504
2024-10-27 20:30:00,BIKE - STOLEN,Central,34.0536,-118.2455
2024-10-11 12:01:00,"THEFT-GRAND ($950.01 & OVER)EXCPT,GUNS,FOWL,LIVESTK,PROD",Central,34.043,-118.2606
2024-10-24 18:00:00,THEFT FROM MOTOR VEHICLE - PETTY ($950 & UNDER),Central,34.0487,-118.2627
2024-10-26 18:00:00,BURGLARY FROM VEHICLE,Central,34.048,-118.2577
2024-10-26 11:15:00,"THEFT-GRAND ($950.01 & OVER)EXCPT,GUNS,FOWL,LIVESTK,PROD",Central,34.0435,-118.2427
2024-10-26 23:45:00,THEFT PLAIN - PETTY ($950 & UNDER),Central,34.0466,-118.252
2024-10-16 13:09:00,BURGLARY FROM VEHICLE,Central,34.0396,-118.2726
2024-10-27 00:20:00,"THEFT-GRAND ($950.01 & OVER)EXCPT,GUNS,FOWL,LIVESTK,PROD",Central,34.0456,-118.2504
2024-10-27 03:00:00,"THEFT-GRAND ($950.01 & OVER)EXCPT,GUNS,FOWL,LIVESTK,PROD",Central,34.0573,-118.2474
2024-10-15 18:45:00,BURGLARY FROM VEHICLE,Central,34.048,-118.2577
2024-10-27 17:15:00,SHOPLIFTING - PETTY THEFT ($950 & UNDER),Central,34.0466,-118.252
2024-10-27 17:05:00,TRESPASSING,Central,34.048,-118.2577
2024-10-25 11:30:00,THEFT FROM MOTOR VEHICLE - PETTY ($950 & UNDER),Central,34.0423,-118.2561
2024-10-26 15:30:00,VEHICLE - STOLEN,Central,34.0459,-118.2669
2024-10-28 08:30:00,TRESPASSING,Central,34.0561,-118.2375
2024-10-28 07:10:00,TRESPASSING,Central,34.0561,-118.2375
2024-10-26 01:00:00,VEHICLE - STOLEN,Central,34.0454,-118.2333
2024-10-26 10:00:00,VEHICLE - STOLEN,Central,34.0487,-118.2553
2024-10-25 17:00:00,BURGLARY FROM VEHICLE,Central,34.0409,-118.2609
2024-07-31 14:53:00,THEFT PLAIN - PETTY ($950 & UNDER),Central,34.0473,-118.2566
2024-10-27 03:15:00,VANDALISM - MISDEAMEANOR ($399 OR UNDER),Central,34.042,-118.2625
2024-10-26 15:00:00,THEFT PLAIN - PETTY ($950 & UNDER),Central,34.0421,-118.2469
2024-10-28 10:20:00,THEFT OF IDENTITY,Central,34.0462,-118.2628
2024-10-28 18:24:00,VANDALISM - MISDEAMEANOR ($399 OR UNDER),Central,34.042,-118.2625
2024-10-26 15:00:00,"THEFT-GRAND ($950.01 & OVER)EXCPT,GUNS,FOWL,LIVESTK,PROD",Central,34.0613,-118.2353
2024-10-24 09:12:00,"VANDALISM - FELONY ($400 & OVER, ALL CHURCH VANDALISMS)",Central,34.0466,-118.2555
2024-10-27 03:00:00,PICKPOCKET,Central,34.0369,-118.2583
2024-10-27 00:03:00,BURGLARY FROM VEHICLE,Central,34.0363,-118.2573
2024-10-28 10:20:00,BURGLARY FROM VEHICLE,Central,34.0626,-118.2434
2024-10-27 21:10:00,BURGLARY FROM VEHICLE,Central,34.0408,-118.2644
2024-10-28 09:50:00,"THEFT-GRAND ($950.01 & OVER)EXCPT,GUNS,FOWL,LIVESTK,PROD",Central,34.0391,-118.269
2024-10-27 00:30:00,BURGLARY FROM VEHICLE,Central,34.0413,-118.2517
2024-10-27 22:31:00,"THEFT-GRAND ($950.01 & OVER)EXCPT,GUNS,FOWL,LIVESTK,PROD",Central,34.0454,-118.2658
2024-10-28 05:00:00,VANDALISM - MISDEAMEANOR ($399 OR UNDER),Central,34.0425,-118.2493
2024-10-28 12:50:00,SHOPLIFTING - PETTY THEFT ($950 & UNDER),Central,34.0493,-118.2417
2024-10-25 19:00:00,BURGLARY FROM VEHICLE,Central,34.0452,-118.2569
2024-10-28 22:00:00,VEHICLE - STOLEN,Central,34.0419,-118.2669
2024-10-25 12:00:00,THEFT FROM MOTOR VEHICLE - PETTY ($950 & UNDER),Central,34.0467,-118.247
2024-10-20 20:40:00,BURGLARY FROM VEHICLE,Central,34.0414,-118.2332
2024-10-24 23:00:00,BURGLARY FROM VEHICLE,Central,34.0524,-118.2467
2024-10-21 15:50:00,ROBBERY,Central,34.0487,-118.2627
2024-10-28 08:30:00,BURGLARY FROM VEHICLE,Central,34.0517,-118.2474
2024-10-14 20:10:00,THEFT PLAIN - PETTY ($950 & UNDER),Central,34.0519,-118.2531
2024-10-29 03:00:00,VEHICLE - STOLEN,Central,34.0459,-118.2579
2024-10-26 16:15:00,THEFT FROM MOTOR VEHICLE - PETTY ($950 & UNDER),Central,34.0452,-118.2569
2024-10-28 18:00:00,"VANDALISM - FELONY ($400 & OVER, ALL CHURCH VANDALISMS)",Central,34.0532,-118.2425
2024-10-24 16:22:00,SHOPLIFTING - PETTY THEFT ($950 & UNDER),Central,34.0483,-118.2631
2024-10-20 16:23:00,THEFT PLAIN - PETTY ($950 & UNDER),Central,34.0474,-118.2496
2024-10-28 22:00:00,"VANDALISM - FELONY ($400 & OVER, ALL CHURCH VANDALISMS)",Central,34.0487,-118.2627
2024-10-25 23:00:00,VANDALISM - MISDEAMEANOR ($399 OR UNDER),Central,34.043,-118.242
2024-10-29 12:00:00,SHOPLIFTING - PETTY THEFT ($950 & UNDER),Central,34.048,-118.2577
2024-10-28 17:00:00,BURGLARY FROM VEHICLE,Central,34.0477,-118.2394
2024-10-26 16:05:00,SHOPLIFTING - PETTY THEFT ($950 & UNDER),Central,34.0483,-118.2631
2024-09-07 20:10:00,PICKPOCKET,Central,34.0573,-118.2474
2024-10-23 18:55:00,"THEFT-GRAND ($950.01 & OVER)EXCPT,GUNS,FOWL,LIVESTK,PROD",Central,34.0423,-118.2561
2024-10-23 04:05:00,VANDALISM - MISDEAMEANOR ($399 OR UNDER),Central,34.0452,-118.2533
2024-10-30 00:01:00,VEHICLE - STOLEN,Central,34.042,-118.2625
2024-10-29 19:30:00,VEHICLE - STOLEN,Central,34.037,-118.2688
2024-10-30 04:00:00,VEHICLE - STOLEN,Central,34.0452,-118.2569
2024-10-29 15:58:00,BURGLARY FROM VEHICLE,Central,34.0474,-118.2496
2024-10-30 13:15:00,VEHICLE - STOLEN,Central,34.0394,-118.2623
2024-10-29 22:15:00,BURGLARY FROM VEHICLE,Central,34.0438,-118.2547
2024-10-29 18:30:00,BURGLARY FROM VEHICLE,Central,34.048,-118.2438
2024-10-14 04:15:00,VEHICLE - STOLEN,Central,34.0383,-118.2633
2024-10-26 01:40:00,"THEFT-GRAND ($950.01 & OVER)EXCPT,GUNS,FOWL,LIVESTK,PROD",Central,34.0453,-118.2499
2024-10-29 09:00:00,VANDALISM - MISDEAMEANOR ($399 OR UNDER),Central,34.0452,-118.2533
2024-10-29 23:30:00,BURGLARY FROM VEHICLE,Central,34.0423,-118.263
2024-10-30 22:30:00,BURGLARY FROM VEHICLE,Central,34.0472,-118.2371
2024-10-30 17:25:00,"ASSAULT WITH DEADLY WEAPON, AGGRAVATED ASSAULT",Central,34.0601,-118.2502
2024-10-27 17:15:00,"THEFT-GRAND ($950.01 & OVER)EXCPT,GUNS,FOWL,LIVESTK,PROD",Central,34.048,-118.2577
2024-10-29 19:15:00,VEHICLE - STOLEN,Central,34.0348,-118.2688
2024-10-29 21:00:00,BURGLARY FROM VEHICLE,Central,34.0585,-118.2403
2024-10-30 20:45:00,VEHICLE - STOLEN,Central,34.0452,-118.2569
2024-10-27 15:00:00,THEFT PLAIN - PETTY ($950 & UNDER),Central,34.0562,-118.2397
2024-10-30 23:20:00,"VANDALISM - FELONY ($400 & OVER, ALL CHURCH VANDALISMS)",Central,34.0737,-118.2504
2024-10-31 09:40:00,TRESPASSING,Central,34.0524,-118.2467
2024-10-31 08:10:00,TRESPASSING,Central,34.0488,-118.2518
2024-10-31 01:14:00,BURGLARY FROM VEHICLE,Central,34.0476,-118.2477
2024-10-31 09:20:00,TRESPASSING,Central,34.0561,-118.2375
2024-10-31 08:00:00,TRESPASSING,Central,34.0561,-118.2375
2024-10-31 07:20:00,TRESPASSING,Central,34.0561,-118.2375
2024-10-30 21:30:00,BURGLARY FROM VEHICLE,Central,34.0509,-118.2515
2024-10-31 09:00:00,TRESPASSING,Central,34.0561,-118.2375
2024-10-31 07:45:00,TRESPASSING,Central,34.0561,-118.2375
2024-10-31 07:05:00,TRESPASSING,Central,34.0561,-118.2375
2024-11-01 02:00:00,VEHICLE - STOLEN,Central,34.0359,-118.2648
2024-10-25 17:00:00,VEHICLE - STOLEN,Central,34.0408,-118.2428
2024-11-01 10:30:00,"VEHICLE, STOLEN - OTHER (MOTORIZED SCOOTERS, BIKES, ETC)",Central,34.0494,-118.2599
2024-10-24 16:00:00,BURGLARY FROM VEHICLE,Central,34.0459,-118.2579
2024-10-30 19:00:00,VEHICLE - STOLEN,Central,34.048,-118.2577
2024-11-01 11:05:00,TRESPASSING,Central,34.0561,-118.2375
2024-10-30 22:05:00,VANDALISM - MISDEAMEANOR ($399 OR UNDER),Central,34.0473,-118.2425
2024-10-30 22:28:00,"VANDALISM - FELONY ($400 & OVER, ALL CHURCH VANDALISMS)",Central,34.0487,-118.2588
2024-10-31 13:00:00,THEFT PLAIN - PETTY ($950 & UNDER),Central,34.0431,-118.2537
2024-11-01 13:55:00,"VANDALISM - FELONY ($400 & OVER, ALL CHURCH VANDALISMS)",Central,34.0483,-118.2631
2024-11-01 19:10:00,THEFT PLAIN - PETTY ($950 & UNDER),Central,34.0643,-118.2286
2024-07-20 13:00:00,THEFT PLAIN - PETTY ($950 & UNDER),Central,34.0539,-118.2436
2024-10-31 20:30:00,BURGLARY FROM VEHICLE,Central,34.0467,-118.2411
2024-11-01 12:55:00,"VANDALISM - FELONY ($400 & OVER, ALL CHURCH VANDALISMS)",Central,34.0473,-118.2601
2024-11-01 03:36:00,"VANDALISM - FELONY ($400 & OVER, ALL CHURCH VANDALISMS)",Central,34.0431,-118.2537
2024-10-29 21:03:00,"THEFT-GRAND ($950.01 & OVER)EXCPT,GUNS,FOWL,LIVESTK,PROD",Central,34.0551,-118.2322
2024-11-01 12:34:00,SHOPLIFTING - PETTY THEFT ($950 & UNDER),Central,34.0483,-118.2631
2024-10-30 20:04:00,BURGLARY FROM VEHICLE,Central,34.0387,-118.2612
2024-10-27 00:06:00,BURGLARY FROM VEHICLE,Central,34.0468,-118.2415
2024-10-31 17:39:00,"VANDALISM - FELONY ($400 & OVER, ALL CHURCH VANDALISMS)",Central,34.042,-118.2712
2024-11-01 02:00:00,VANDALISM - MISDEAMEANOR ($399 OR UNDER),Central,34.0446,-118.245
2024-10-28 22:00:00,BURGLARY FROM VEHICLE,Central,34.0423,-118.263
2024-10-31 18:15:00,BURGLARY FROM VEHICLE,Central,34.058,-118.241
2024-10-30 22:00:00,BURGLARY FROM VEHICLE,Central,34.0406,-118.268
2024-05-20 05:00:00,THEFT OF IDENTITY,Central,34.0569,-118.254
2024-09-27 14:00:00,"VEHICLE, STOLEN - OTHER (MOTORIZED SCOOTERS, BIKES, ETC)",Central,34.0466,-118.259
2024-10-30 17:30:00,THEFT FROM MOTOR VEHICLE - GRAND ($950.01 AND OVER),Central,34.0439,-118.2479
2024-11-01 21:00:00,VEHICLE - STOLEN,Central,34.0488,-118.25
2024-10-31 17:00:00,VEHICLE - STOLEN,Central,34.0415,-118.262
2024-11-01 21:30:00,VEHICLE - STOLEN,Central,34.048,-118.2577
2024-10-30 12:00:00,BURGLARY FROM VEHICLE,Central,34.0517,-118.2456
2024-11-01 08:45:00,BURGLARY FROM VEHICLE,Central,34.0458,-118.2614
2024-11-01 21:00:00,"VANDALISM - FELONY ($400 & OVER, ALL CHURCH VANDALISMS)",Central,34.0423,-118.2595
2024-10-30 16:45:00,THEFT OF IDENTITY,Central,34.0635,-118.2458
2024-11-01 20:20:00,BURGLARY FROM VEHICLE,Central,34.0461,-118.2395
2024-11-01 19:00:00,VEHICLE - STOLEN,Central,34.0615,-118.247
2024-10-27 19:00:00,BURGLARY FROM VEHICLE,Central,34.0504,-118.2409
2024-10-31 00:25:00,PICKPOCKET,Central,34.0582,-118.2387
2024-10-26 20:45:00,BURGLARY FROM VEHICLE,Central,34.0455,-118.2381
2024-11-02 14:00:00,VEHICLE - STOLEN,Central,34.0637,-118.244
2024-10-31 21:45:00,BURGLARY FROM VEHICLE,Central,34.0458,-118.2614
2024-10-19 01:00:00,PICKPOCKET,Central,34.0337,-118.2665
2024-11-02 14:30:00,TRESPASSING,Central,34.0549,-118.2511
2024-11-02 07:10:00,"VANDALISM - FELONY ($400 & OVER, ALL CHURCH VANDALISMS)",Central,34.0467,-118.247
2024-09-28 16:00:00,THEFT OF IDENTITY,Central,34.0364,-118.2677
2024-11-02 13:13:00,VEHICLE - STOLEN,Central,34.0335,-118.2619
2024-10-31 14:35:00,BURGLARY FROM VEHICLE,Central,34.0354,-118.2714
2024-11-02 17:55:00,VEHICLE - STOLEN,Central,34.0585,-118.2403
2024-11-02 19:00:00,VEHICLE - STOLEN,Central,34.071,-118.2302
2024-11-02 18:00:00,VEHICLE - STOLEN,Central,34.0454,-118.2333
2024-11-02 18:50:00,"BURGLARY FROM VEHICLE, ATTEMPTED",Central,34.0517,-118.2456
2024-11-02 19:40:00,BURGLARY FROM VEHICLE,Central,34.0409,-118.2609
2024-10-29 18:40:00,BURGLARY FROM VEHICLE,Central,34.0474,-118.2496
2024-11-02 11:55:00,BURGLARY FROM VEHICLE,Central,34.0466,-118.252
2024-11-02 00:20:00,PICKPOCKET,Central,34.0582,-118.2387
2024-11-03 03:00:00,BURGLARY FROM VEHICLE,Central,34.0466,-118.259
2024-10-12 17:55:00,BURGLARY FROM VEHICLE,Central,34.0445,-118.2523
2024-11-03 20:51:00,FAILURE TO YIELD,Central,34.0457,-118.2665
2024-11-04 00:26:00,VEHICLE - STOLEN,Central,34.0459,-118.2579
2024-11-01 22:00:00,PICKPOCKET,Central,34.046,-118.2493
2024-10-13 20:00:00,BURGLARY FROM VEHICLE,Central,34.0426,-118.2528
2024-11-03 21:40:00,TRESPASSING,Central,34.0408,-118.2428
2024-11-03 21:40:00,BURGLARY FROM VEHICLE,Central,34.0461,-118.2395
2024-11-02 19:45:00,BURGLARY FROM VEHICLE,Central,34.0504,-118.2409
2024-10-18 23:00:00,BURGLARY FROM VEHICLE,Central,34.0459,-118.2352
2024-11-02 00:01:00,THEFT OF IDENTITY,Central,34.0467,-118.252
2024-10-29 18:36:00,"LETTERS, LEWD  -  TELEPHONE CALLS, LEWD",Central,34.0561,-118.2375
2024-11-04 07:45:00,TRESPASSING,Central,34.0508,-118.2586
2024-11-04 08:58:00,TRESPASSING,Central,34.0497,-118.2381
2024-11-03 02:00:00,VEHICLE - STOLEN,Central,34.0431,-118.2537
2024-11-02 18:30:00,VEHICLE - STOLEN,Central,34.0569,-118.254
2024-11-03 18:00:00,VEHICLE - STOLEN,Central,34.0437,-118.2582
2024-11-04 11:00:00,VEHICLE - STOLEN,Central,34.0393,-118.2405
2024-10-24 19:00:00,DRUNK ROLL,Central,34.0502,-118.2539
2024-10-31 01:25:00,"VANDALISM - FELONY ($400 & OVER, ALL CHURCH VANDALISMS)",Central,34.0483,-118.2631
2024-11-01 17:30:00,BURGLARY FROM VEHICLE,Central,34.0494,-118.2599
2024-10-26 21:30:00,PICKPOCKET,Central,34.0573,-118.2474
2024-11-02 22:30:00,"VANDALISM - FELONY ($400 & OVER, ALL CHURCH VANDALISMS)",Central,34.0446,-118.2507
2024-11-01 10:30:00,"THEFT-GRAND ($950.01 & OVER)EXCPT,GUNS,FOWL,LIVESTK,PROD",Central,34.0573,-118.2474
2024-11-04 15:56:00,SHOPLIFTING - PETTY THEFT ($950 & UNDER),Central,34.0483,-118.2631
2024-11-02 19:00:00,THEFT FROM MOTOR VEHICLE - GRAND ($950.01 AND OVER),Central,34.0347,-118.2646
2024-11-04 10:00:00,THEFT PLAIN - PETTY ($950 & UNDER),Central,34.0561,-118.2375
2024-11-04 06:35:00,TRESPASSING,Central,34.0635,-118.2357
2024-10-25 09:00:00,VEHICLE - STOLEN,Central,34.0316,-118.2641
2024-11-04 05:00:00,THEFT OF IDENTITY,Central,34.0473,-118.2566
2024-10-28 19:00:00,"VANDALISM - FELONY ($400 & OVER, ALL CHURCH VANDALISMS)",Central,34.0452,-118.2533
2024-10-07 18:00:00,THEFT PLAIN - PETTY ($950 & UNDER),Central,34.0569,-118.254
2024-10-12 23:59:00,TRESPASSING,Central,34.0448,-118.2474
2024-11-04 17:30:00,VEHICLE - STOLEN,Central,34.0452,-118.2569
2024-11-03 22:00:00,VEHICLE - STOLEN,Central,34.0364,-118.2677
2024-11-04 01:20:00,BURGLARY FROM VEHICLE,Central,34.0415,-118.262
2024-11-04 21:30:00,BURGLARY FROM VEHICLE,Central,34.043,-118.2571
2024-10-27 23:00:00,BURGLARY FROM VEHICLE,Central,34.0372,-118.2694
2024-11-05 10:00:00,TRESPASSING,Central,34.0508,-118.2586
2024-10-25 14:30:00,PICKPOCKET,Central,34.0572,-118.2481
2024-11-03 02:57:00,THEFT PLAIN - PETTY ($950 & UNDER),Central,34.0644,-118.2387
2024-09-28 12:00:00,SEX OFFENDER REGISTRANT OUT OF COMPLIANCE,Central,34.0448,-118.2474
2024-11-04 19:41:00,BURGLARY FROM VEHICLE,Central,34.0423,-118.2561
2024-10-25 12:00:00,"THEFT-GRAND ($950.01 & OVER)EXCPT,GUNS,FOWL,LIVESTK,PROD",Central,34.0376,-118.2593
2024-11-03 20:03:00,"LETTERS, LEWD  -  TELEPHONE CALLS, LEWD",Central,34.0406,-118.268
2024-11-04 19:00:00,BURGLARY FROM VEHICLE,Central,34.0504,-118.2409
2024-10-30 23:30:00,BURGLARY FROM VEHICLE,Central,34.0502,-118.2487
2024-11-03 19:00:00,"VANDALISM - FELONY ($400 & OVER, ALL CHURCH VANDALISMS)",Central,34.0462,-118.2585
2024-11-03 01:00:00,PICKPOCKET,Central,34.0516,-118.2491
2024-10-30 03:45:00,THEFT PLAIN - PETTY ($950 & UNDER),Central,34.0474,-118.2496
2024-10-31 14:21:00,THEFT OF IDENTITY,Central,34.0452,-118.2533
2024-11-03 23:51:00,THEFT PLAIN - PETTY ($950 & UNDER),Central,34.0599,-118.2426
2024-11-04 17:00:00,BURGLARY FROM VEHICLE,Central,34.0467,-118.2485
2024-11-05 12:20:00,TRESPASSING,Central,34.0502,-118.2539
2024-11-04 05:30:00,THEFT FROM MOTOR VEHICLE - PETTY ($950 & UNDER),Central,34.0416,-118.244
2024-10-22 19:40:00,BURGLARY FROM VEHICLE,Central,34.0414,-118.2332
2024-10-30 22:00:00,BURGLARY FROM VEHICLE,Central,34.048,-118.2577
2024-11-05 19:37:00,SHOPLIFTING - PETTY THEFT ($950 & UNDER),Central,34.048,-118.2577
2024-10-29 18:30:00,BURGLARY FROM VEHICLE,Central,34.0473,-118.2601
2024-11-03 20:00:00,BURGLARY FROM VEHICLE,Central,34.0569,-118.254
2024-11-02 04:00:00,BURGLARY FROM VEHICLE,Central,34.0582,-118.242
2024-11-06 07:00:00,VEHICLE - STOLEN,Central,34.0387,-118.2612
2024-11-05 16:10:00,SHOPLIFTING - PETTY THEFT ($950 & UNDER),Central,34.0483,-118.2631
2024-11-05 16:30:00,BURGLARY FROM VEHICLE,Central,34.0377,-118.2622
2024-11-06 07:15:00,"ASSAULT WITH DEADLY WEAPON, AGGRAVATED ASSAULT",Central,34.0535,-118.2491
2024-10-27 20:35:00,PICKPOCKET,Central,34.045,-118.264
2024-10-29 16:03:00,BURGLARY FROM VEHICLE,Central,34.0423,-118.2561
2024-11-06 13:15:00,PICKPOCKET,Central,34.051,-118.248
2024-11-04 18:30:00,THEFT FROM MOTOR VEHICLE - PETTY ($950 & UNDER),Central,34.0511,-118.2334
2024-10-19 22:02:00,BURGLARY FROM VEHICLE,Central,34.0391,-118.269
2024-11-06 12:45:00,VEHICLE - STOLEN,Central,34.0585,-118.2403
2024-11-06 14:25:00,BATTERY - SIMPLE ASSAULT,Central,34.0491,-118.2558
2024-11-06 22:15:00,"VANDALISM - FELONY ($400 & OVER, ALL CHURCH VANDALISMS)",Central,34.0435,-118.2366
2024-10-31 07:30:00,"THEFT-GRAND ($950.01 & OVER)EXCPT,GUNS,FOWL,LIVESTK,PROD",Central,34.0561,-118.2375
2024-11-06 18:30:00,BURGLARY FROM VEHICLE,Central,34.0474,-118.2496
2024-11-07 02:30:00,BURGLARY FROM VEHICLE,Central,34.0423,-118.2561
2024-11-07 00:20:00,"THEFT-GRAND ($950.01 & OVER)EXCPT,GUNS,FOWL,LIVESTK,PROD",Central,34.0467,-118.252
2024-10-31 07:30:00,THEFT PLAIN - PETTY ($950 & UNDER),Central,34.0561,-118.2375
2024-11-05 08:00:00,VEHICLE - STOLEN,Central,34.0517,-118.2474
2024-11-07 09:00:00,"VEHICLE, STOLEN - OTHER (MOTORIZED SCOOTERS, BIKES, ETC)",Central,34.0446,-118.249
2024-11-08 00:30:00,VEHICLE - STOLEN,Central,34.0452,-118.2569
2024-10-31 13:10:00,"THEFT-GRAND ($950.01 & OVER)EXCPT,GUNS,FOWL,LIVESTK,PROD",Central,34.0671,-118.2498
2024-08-20 12:00:00,"THEFT-GRAND ($950.01 & OVER)EXCPT,GUNS,FOWL,LIVESTK,PROD",Central,34.0444,-118.2628
2024-11-04 15:00:00,BIKE - STOLEN,Central,34.0633,-118.2336
2024-11-07 19:00:00,BURGLARY FROM VEHICLE,Central,34.0443,-118.2364
2024-11-08 12:10:00,VEHICLE - STOLEN,Central,34.0354,-118.2714
2024-11-04 17:00:00,THEFT FROM MOTOR VEHICLE - PETTY ($950 & UNDER),Central,34.0511,-118.2334
2024-11-07 20:45:00,BURGLARY FROM VEHICLE,Central,34.0461,-118.2395
2024-11-07 19:00:00,BURGLARY FROM VEHICLE,Central,34.0461,-118.2395
2024-03-05 08:00:00,THEFT PLAIN - PETTY ($950 & UNDER),Central,34.0483,-118.2631
2024-10-21 07:30:00,"THEFT-GRAND ($950.01 & OVER)EXCPT,GUNS,FOWL,LIVESTK,PROD",Central,34.0462,-118.2585
2024-10-31 10:24:00,THEFT PLAIN - PETTY ($950 & UNDER),Central,34.0459,-118.2352
2024-11-07 19:00:00,BURGLARY FROM VEHICLE,Central,34.0487,-118.2588
2024-10-23 10:00:00,THEFT PLAIN - PETTY ($950 & UNDER),Central,34.0364,-118.2677
2024-11-03 20:00:00,VANDALISM - MISDEAMEANOR ($399 OR UNDER),Central,34.0432,-118.2504
2024-11-08 03:00:00,"VANDALISM - FELONY ($400 & OVER, ALL CHURCH VANDALISMS)",Central,34.0341,-118.2591
2024-10-16 02:40:00,VANDALISM - MISDEAMEANOR ($399 OR UNDER),Central,34.0401,-118.2533
2024-11-09 02:15:00,TRESPASSING,Central,34.0547,-118.2335
2024-11-07 11:00:00,VEHICLE - STOLEN,Central,34.0519,-118.2531
2024-11-06 16:00:00,VEHICLE - STOLEN,Central,34.048,-118.2577
2024-11-07 23:00:00,VEHICLE - STOLEN,Central,34.043,-118.2341
2024-11-09 01:00:00,VEHICLE - STOLEN,Central,34.0408,-118.2644
2024-11-08 17:00:00,THEFT FROM MOTOR VEHICLE - PETTY ($950 & UNDER),Central,34.0607,-118.2405
2024-10-23 10:00:00,THEFT FROM MOTOR VEHICLE - GRAND ($950.01 AND OVER),Central,34.0467,-118.2485
2024-11-07 21:30:00,BURGLARY FROM VEHICLE,Central,34.0532,-118.2425
2024-10-24 09:00:00,"THEFT-GRAND ($950.01 & OVER)EXCPT,GUNS,FOWL,LIVESTK,PROD",Central,34.0438,-118.2547
2024-11-04 07:30:00,"VANDALISM - FELONY ($400 & OVER, ALL CHURCH VANDALISMS)",Central,34.0467,-118.247
2024-10-27 10:40:00,BURGLARY FROM VEHICLE,Central,34.0415,-118.262
2024-10-23 19:55:00,BURGLARY FROM VEHICLE,Central,34.0444,-118.2628
2024-11-08 22:00:00,THEFT PLAIN - PETTY ($950 & UNDER),Central,34.0542,-118.2415
2024-11-05 12:46:00,THEFT PLAIN - PETTY ($950 & UNDER),Central,34.046,-118.2493
2024-11-08 09:50:00,BATTERY - SIMPLE ASSAULT,Central,34.0329,-118.2631
2024-11-07 12:45:00,THEFT PLAIN - PETTY ($950 & UNDER),Central,34.0481,-118.2507
2024-11-09 12:00:00,"THEFT-GRAND ($950.01 & OVER)EXCPT,GUNS,FOWL,LIVESTK,PROD",Central,34.0518,-118.2493
2024-11-09 00:30:00,VEHICLE - STOLEN,Central,34.0612,-118.2417
2024-11-06 11:14:00,"THEFT-GRAND ($950.01 & OVER)EXCPT,GUNS,FOWL,LIVESTK,PROD",Central,34.0497,-118.2381
2024-11-09 16:15:00,BURGLARY FROM VEHICLE,Central,34.0461,-118.2395
2024-10-31 22:00:00,BURGLARY FROM VEHICLE,Central,34.0406,-118.268
2024-11-09 14:00:00,BURGLARY FROM VEHICLE,Central,34.0435,-118.236
2024-11-09 14:00:00,BURGLARY FROM VEHICLE,Central,34.0467,-118.2411
2024-11-09 17:47:00,THEFT FROM MOTOR VEHICLE - PETTY ($950 & UNDER),Central,34.0517,-118.2456
2024-11-09 19:00:00,VEHICLE - STOLEN,Central,34.0372,-118.2654
2024-11-10 07:50:00,VEHICLE - STOLEN,Central,34.0413,-118.2517
2024-09-24 12:00:00,THEFT PLAIN - PETTY ($950 & UNDER),Central,34.0446,-118.2507
2024-10-31 23:30:00,BURGLARY FROM VEHICLE,Central,34.0582,-118.2387
2024-11-09 16:00:00,THEFT FROM MOTOR VEHICLE - PETTY ($950 & UNDER),Central,34.0451,-118.2701
2024-11-07 20:00:00,BURGLARY FROM VEHICLE,Central,34.0488,-118.2518
2024-11-09 01:40:00,"VANDALISM - FELONY ($400 & OVER, ALL CHURCH VANDALISMS)",Central,34.0509,-118.2515
2024-11-09 22:00:00,VEHICLE - STOLEN,Central,34.0342,-118.2636
2024-11-08 13:50:00,"LETTERS, LEWD  -  TELEPHONE CALLS, LEWD",Central,34.0454,-118.2658
2024-11-08 10:23:00,BURGLARY FROM VEHICLE,Central,34.0467,-118.2485
2024-11-07 11:00:00,VEHICLE - STOLEN,Central,34.0438,-118.2547
2024-11-10 15:00:00,BURGLARY FROM VEHICLE,Central,34.0479,-118.2612
2024-11-10 08:00:00,"THEFT-GRAND ($950.01 & OVER)EXCPT,GUNS,FOWL,LIVESTK,PROD",Central,34.0466,-118.252
2024-11-09 15:34:00,SHOPLIFTING - PETTY THEFT ($950 & UNDER),Central,34.0483,-118.2631
2024-11-08 17:05:00,"THEFT-GRAND ($950.01 & OVER)EXCPT,GUNS,FOWL,LIVESTK,PROD",Central,34.0671,-118.2498
2024-11-10 06:04:00,THEFT OF IDENTITY,Central,34.0578,-118.252
2024-11-11 17:00:00,VEHICLE - STOLEN,Central,34.0516,-118.244
2024-11-10 19:00:00,VEHICLE - STOLEN,Central,34.0409,-118.2609
2024-11-09 18:30:00,"VANDALISM - FELONY ($400 & OVER, ALL CHURCH VANDALISMS)",Central,34.0446,-118.2507
2024-11-10 22:30:00,"VANDALISM - FELONY ($400 & OVER, ALL CHURCH VANDALISMS)",Central,34.0473,-118.2425
2024-11-10 23:00:00,VEHICLE - STOLEN,Central,34.0445,-118.2523
2024-11-11 06:25:00,TRESPASSING,Central,34.0549,-118.2511
2024-11-09 20:00:00,VEHICLE - STOLEN,Central,34.0437,-118.2582
2024-09-19 00:01:00,VEHICLE - STOLEN,Central,34.0502,-118.2575
2024-11-08 19:00:00,THEFT FROM MOTOR VEHICLE - PETTY ($950 & UNDER),Central,34.0395,-118.2657
2024-11-10 22:00:00,THEFT FROM MOTOR VEHICLE - PETTY ($950 & UNDER),Central,34.0437,-118.2582
2024-11-09 00:05:00,BURGLARY FROM VEHICLE,Central,34.0415,-118.262
2024-11-11 08:40:00,BURGLARY FROM VEHICLE,Central,34.0539,-118.2436
2024-11-09 20:30:00,BURGLARY FROM VEHICLE,Central,34.0477,-118.2467
2024-11-10 12:45:00,BURGLARY FROM VEHICLE,Central,34.0463,-118.2402
2024-11-10 08:45:00,BURGLARY FROM VEHICLE,Central,34.0467,-118.252
2024-11-10 18:00:00,BURGLARY FROM VEHICLE,Central,34.0395,-118.2657
2024-11-08 16:50:00,"ASSAULT WITH DEADLY WEAPON, AGGRAVATED ASSAULT",Central,34.0483,-118.2631
2024-11-09 23:50:00,PICKPOCKET,Central,34.046,-118.251
2024-11-11 13:15:00,"VANDALISM - FELONY ($400 & OVER, ALL CHURCH VANDALISMS)",Central,34.0635,-118.2458
2024-11-08 14:00:00,"THEFT-GRAND ($950.01 & OVER)EXCPT,GUNS,FOWL,LIVESTK,PROD",Central,34.0483,-118.2631
2024-10-02 12:01:00,THEFT OF IDENTITY,Central,34.0408,-118.2644
2024-11-11 14:57:00,SHOPLIFTING - PETTY THEFT ($950 & UNDER),Central,34.0483,-118.2631
2024-11-11 01:00:00,VANDALISM - MISDEAMEANOR ($399 OR UNDER),Central,34.0516,-118.2561
2024-11-07 22:00:00,THEFT PLAIN - PETTY ($950 & UNDER),Central,34.0607,-118.2494
2024-09-24 12:00:00,THEFT OF IDENTITY,Central,34.043,-118.2606
2024-11-09 20:00:00,THEFT FROM MOTOR VEHICLE - PETTY ($950 & UNDER),Central,34.0437,-118.2582
2024-11-11 13:00:00,VEHICLE - STOLEN,Central,34.0615,-118.247
2024-11-11 19:00:00,VEHICLE - STOLEN,Central,34.058,-118.241
2024-11-10 19:40:00,BURGLARY FROM VEHICLE,Central,34.0485,-118.2326
2024-11-12 07:30:00,TRESPASSING,Central,34.0561,-118.2375
2024-11-12 06:45:00,TRESPASSING,Central,34.0559,-118.232
2024-11-12 10:30:00,TRESPASSING,Central,34.0547,-118.2335
2024-11-09 21:00:00,VEHICLE - STOLEN,Central,34.0393,-118.2659
2024-11-11 16:50:00,VEHICLE - STOLEN,Central,34.0473,-118.2566
2024-11-12 06:00:00,"VANDALISM - FELONY ($400 & OVER, ALL CHURCH VANDALISMS)",Central,34.0395,-118.2405
2024-11-12 16:12:00,"THEFT-GRAND ($950.01 & OVER)EXCPT,GUNS,FOWL,LIVESTK,PROD",Central,34.042,-118.2712
2024-11-09 18:00:00,SHOPLIFTING - PETTY THEFT ($950 & UNDER),Central,34.0483,-118.2631
2024-11-12 11:42:00,THEFT PLAIN - PETTY ($950 & UNDER),Central,34.0561,-118.2375
2024-11-11 17:10:00,"VANDALISM - FELONY ($400 & OVER, ALL CHURCH VANDALISMS)",Central,34.0503,-118.2434
2024-11-08 16:15:00,BIKE - STOLEN,Central,34.0653,-118.2293
2024-09-17 15:00:00,"THEFT-GRAND ($950.01 & OVER)EXCPT,GUNS,FOWL,LIVESTK,PROD",Central,34.0615,-118.247
2024-11-12 18:00:00,BIKE - STOLEN,Central,34.0391,-118.2582
2024-11-12 23:00:00,PICKPOCKET,Central,34.0419,-118.2669
2024-11-12 12:00:00,TRESPASSING,Central,34.0508,-118.2586
2024-11-13 02:30:00,VEHICLE - STOLEN,Central,34.0561,-118.2375
2024-11-12 11:05:00,BATTERY - SIMPLE ASSAULT,Central,34.0561,-118.2375
2024-11-12 17:00:00,TRESPASSING,Central,34.0487,-118.2588
2024-11-12 07:00:00,TRESPASSING,Central,34.0569,-118.254
2024-11-12 22:46:00,TRESPASSING,Central,34.0453,-118.2499
2024-11-12 14:10:00,"VANDALISM - FELONY ($400 & OVER, ALL CHURCH VANDALISMS)",Central,34.0395,-118.2405
2024-11-12 03:35:00,BURGLARY FROM VEHICLE,Central,34.0466,-118.259
2024-10-24 01:00:00,PICKPOCKET,Central,34.0456,-118.2504
2024-11-11 16:29:00,SHOPLIFTING - PETTY THEFT ($950 & UNDER),Central,34.0483,-118.2631
2024-11-13 00:01:00,BURGLARY FROM VEHICLE,Central,34.0423,-118.2561
2024-11-12 17:00:00,BURGLARY FROM VEHICLE,Central,34.0547,-118.2505
2024-11-13 16:20:00,ARSON,Central,34.0713,-118.2291
2024-11-01 08:00:00,THEFT FROM MOTOR VEHICLE - PETTY ($950 & UNDER),Central,34.0502,-118.2539
2024-11-07 18:55:00,BURGLARY FROM VEHICLE,Central,34.0459,-118.2579
2024-11-09 19:00:00,BURGLARY FROM VEHICLE,Central,34.0531,-118.2478
2024-11-13 13:15:00,SHOPLIFTING - PETTY THEFT ($950 & UNDER),Central,34.0415,-118.2655
2024-11-06 19:25:00,THEFT FROM MOTOR VEHICLE - GRAND ($950.01 AND OVER),Central,34.0329,-118.2631
2024-11-11 18:00:00,BURGLARY FROM VEHICLE,Central,34.0473,-118.2425
2024-11-12 11:30:00,VANDALISM - MISDEAMEANOR ($399 OR UNDER),Central,34.0502,-118.2539
2024-11-12 12:00:00,THEFT FROM MOTOR VEHICLE - PETTY ($950 & UNDER),Central,34.0677,-118.2259
2024-11-05 12:00:00,VEHICLE - STOLEN,Central,34.0382,-118.2417
2024-11-01 10:00:00,VEHICLE - STOLEN,Central,34.0477,-118.2394
2024-09-16 19:00:00,BURGLARY FROM VEHICLE,Central,34.0527,-118.2398
2024-11-13 19:27:00,BURGLARY FROM VEHICLE,Central,34.0461,-118.2395
2024-11-11 10:00:00,BURGLARY FROM VEHICLE,Central,34.051,-118.2445
2024-11-01 00:21:00,"THEFT-GRAND ($950.01 & OVER)EXCPT,GUNS,FOWL,LIVESTK,PROD",Central,34.0658,-118.2366
2024-11-13 22:00:00,THEFT PLAIN - PETTY ($950 & UNDER),Central,34.0491,-118.2558
2024-11-02 23:05:00,BURGLARY FROM VEHICLE,Central,34.0599,-118.2379
2024-11-14 06:50:00,TRESPASSING,Central,34.0488,-118.2518
2024-11-13 20:35:00,BURGLARY FROM VEHICLE,Central,34.0415,-118.262
2024-11-14 16:35:00,VEHICLE - STOLEN,Central,34.0419,-118.2669
2024-11-06 08:10:00,THEFT FROM MOTOR VEHICLE - GRAND ($950.01 AND OVER),Central,34.0569,-118.254
2024-10-18 17:00:00,THEFT PLAIN - PETTY ($950 & UNDER),Central,34.0408,-118.2644
2024-11-14 02:00:00,BURGLARY FROM VEHICLE,Central,34.0423,-118.2561
2024-11-12 16:30:00,"THEFT-GRAND ($950.01 & OVER)EXCPT,GUNS,FOWL,LIVESTK,PROD",Central,34.0487,-118.2627
2024-11-15 02:00:00,VEHICLE - STOLEN,Central,34.0671,-118.2498
2024-11-13 18:45:00,VEHICLE - STOLEN,Central,34.0612,-118.2417
2024-11-14 22:30:00,VEHICLE - STOLEN,Central,34.0439,-118.2326
2024-11-08 14:29:00,SHOPLIFTING - PETTY THEFT ($950 & UNDER),Central,34.0483,-118.2631
2024-10-18 17:00:00,"VANDALISM - FELONY ($400 & OVER, ALL CHURCH VANDALISMS)",Central,34.0408,-118.2644
2024-11-15 07:45:00,THEFT OF IDENTITY,Central,34.0478,-118.2484
2024-11-14 19:30:00,BURGLARY FROM VEHICLE,Central,34.0536,-118.2455
2024-11-15 11:00:00,SHOPLIFTING - PETTY THEFT ($950 & UNDER),Central,34.0401,-118.2533
2024-11-14 18:15:00,BURGLARY FROM VEHICLE,Central,34.048,-118.2577
2024-11-15 06:30:00,"VANDALISM - FELONY ($400 & OVER, ALL CHURCH VANDALISMS)",Central,34.0439,-118.2709
2024-11-15 02:00:00,VIOLATION OF COURT ORDER,Central,34.0671,-118.2498
2024-11-15 07:04:00,BURGLARY FROM VEHICLE,Central,34.0409,-118.2609
2024-11-15 22:22:00,BURGLARY FROM VEHICLE,Central,34.048,-118.2577
2024-11-15 18:03:00,"VANDALISM - FELONY ($400 & OVER, ALL CHURCH VANDALISMS)",Central,34.0494,-118.2599
2024-11-15 16:00:00,BURGLARY FROM VEHICLE,Central,34.0363,-118.2325
2024-11-15 16:50:00,THEFT OF IDENTITY,Central,34.0466,-118.259
2024-11-15 20:30:00,VEHICLE - STOLEN,Central,34.0361,-118.2634
2024-11-15 18:00:00,OTHER ASSAULT,Central,34.0561,-118.2375
2024-10-15 12:25:00,THEFT PLAIN - PETTY ($950 & UNDER),Central,34.0431,-118.2692
2024-11-15 18:30:00,BURGLARY FROM VEHICLE,Central,34.0376,-118.2593
2024-11-16 01:00:00,BURGLARY FROM VEHICLE,Central,34.0423,-118.263
2024-11-12 17:27:00,BURGLARY FROM VEHICLE,Central,34.0461,-118.2395
2024-11-16 06:56:00,TRESPASSING,Central,34.0549,-118.2511
2024-11-16 13:22:00,"THEFT-GRAND ($950.01 & OVER)EXCPT,GUNS,FOWL,LIVESTK,PROD",Central,34.0494,-118.2599
2024-11-15 16:20:00,VANDALISM - MISDEAMEANOR ($399 OR UNDER),Central,34.0446,-118.249
2024-11-16 15:10:00,SHOPLIFTING-GRAND THEFT ($950.01 & OVER),Central,34.0483,-118.2631
2024-06-10 11:00:00,"THEFT-GRAND ($950.01 & OVER)EXCPT,GUNS,FOWL,LIVESTK,PROD",Central,34.0483,-118.2631
2024-11-16 19:40:00,"VANDALISM - FELONY ($400 & OVER, ALL CHURCH VANDALISMS)",Central,34.0431,-118.2537
2024-11-16 19:30:00,BURGLARY FROM VEHICLE,Central,34.0463,-118.2402
2024-11-16 19:30:00,VEHICLE - STOLEN,Central,34.0457,-118.2665
2024-11-16 17:25:00,BURGLARY FROM VEHICLE,Central,34.0371,-118.2611
2024-11-16 14:31:00,SHOPLIFTING - PETTY THEFT ($950 & UNDER),Central,34.0388,-118.2717
2024-11-16 12:00:00,VEHICLE - STOLEN,Central,34.0523,-118.2342
2024-11-01 13:30:00,VEHICLE - STOLEN,Central,34.0371,-118.2611
2024-11-17 00:29:00,OTHER MISCELLANEOUS CRIME,Central,34.0388,-118.2574
2024-11-17 02:05:00,"THEFT-GRAND ($950.01 & OVER)EXCPT,GUNS,FOWL,LIVESTK,PROD",Central,34.046,-118.251
2024-11-17 03:35:00,BURGLARY FROM VEHICLE,Central,34.0423,-118.2561
2024-11-17 11:00:00,BURGLARY FROM VEHICLE,Central,34.0488,-118.2483
2024-11-17 08:25:00,BURGLARY FROM VEHICLE,Central,34.0494,-118.2599
2024-11-17 12:30:00,THEFT FROM MOTOR VEHICLE - PETTY ($950 & UNDER),Central,34.0413,-118.2517
2024-11-16 17:06:00,SHOPLIFTING - PETTY THEFT ($950 & UNDER),Central,34.0483,-118.2631
2024-11-16 17:00:00,VEHICLE - STOLEN,Central,34.047,-118.2647
2024-11-17 14:00:00,THEFT FROM MOTOR VEHICLE - PETTY ($950 & UNDER),Central,34.0509,-118.239
2024-11-16 23:25:00,BURGLARY FROM VEHICLE,Central,34.0459,-118.2579
2024-11-17 06:50:00,VEHICLE - STOLEN,Central,34.0493,-118.2417
2024-11-18 06:00:00,VEHICLE - STOLEN,Central,34.0528,-118.2325
2024-11-17 13:00:00,THEFT FROM MOTOR VEHICLE - PETTY ($950 & UNDER),Central,34.053,-118.2512
2024-11-16 18:00:00,"VANDALISM - FELONY ($400 & OVER, ALL CHURCH VANDALISMS)",Central,34.0439,-118.2326
2024-10-27 01:00:00,BURGLARY FROM VEHICLE,Central,34.0463,-118.2402
2024-11-07 18:30:00,BURGLARY FROM VEHICLE,Central,34.0438,-118.2397
2024-11-18 04:00:00,VEHICLE - STOLEN,Central,34.042,-118.2485
2024-11-14 11:00:00,VEHICLE - STOLEN,Central,34.0504,-118.2409
2024-11-18 12:00:00,VEHICLE - STOLEN,Central,34.0377,-118.2622
2024-11-18 17:10:00,SHOPLIFTING - PETTY THEFT ($950 & UNDER),Central,34.048,-118.2577
2024-11-17 14:30:00,BURGLARY FROM VEHICLE,Central,34.0485,-118.2448
2024-11-17 19:30:00,BURGLARY FROM VEHICLE,Central,34.0463,-118.2402
2024-11-14 20:40:00,BURGLARY FROM VEHICLE,Central,34.0346,-118.2323
2024-11-18 10:30:00,BURGLARY FROM VEHICLE,Central,34.0423,-118.2561
2024-11-10 20:00:00,BURGLARY FROM VEHICLE,Central,34.0461,-118.2395
2024-11-17 20:00:00,BURGLARY FROM VEHICLE,Central,34.0473,-118.2425
2024-11-17 20:00:00,BURGLARY FROM VEHICLE,Central,34.0484,-118.2339
2024-11-06 20:00:00,BURGLARY FROM VEHICLE,Central,34.0406,-118.268
2024-11-16 22:00:00,BURGLARY FROM VEHICLE,Central,34.048,-118.2577
2024-11-18 00:18:00,BURGLARY FROM VEHICLE,Central,34.0413,-118.2517
2024-11-16 21:55:00,PICKPOCKET,Central,34.0686,-118.2266
2024-11-17 20:45:00,PICKPOCKET,Central,34.0454,-118.2333
2024-11-16 23:00:00,PICKPOCKET,Central,34.0493,-118.2582
2024-11-15 00:01:00,PICKPOCKET,Central,34.07,-118.2261
2024-11-16 17:24:00,PICKPOCKET,Central,34.048,-118.2577
2024-11-16 23:00:00,PICKPOCKET,Central,34.0467,-118.2485
2024-11-18 20:30:00,BURGLARY FROM VEHICLE,Central,34.0504,-118.2409
2024-11-16 23:40:00,PICKPOCKET,Central,34.0417,-118.2584
2024-11-18 21:30:00,BURGLARY FROM VEHICLE,Central,34.0504,-118.2409
2024-11-17 14:30:00,BURGLARY FROM VEHICLE,Central,34.051,-118.2445
2024-11-18 05:11:00,DRUNK ROLL,Central,34.0494,-118.2599
2024-11-05 18:31:00,THEFT PLAIN - PETTY ($950 & UNDER),Central,34.0432,-118.2504
2024-11-18 13:30:00,"VANDALISM - FELONY ($400 & OVER, ALL CHURCH VANDALISMS)",Central,34.0409,-118.2574
2024-11-18 06:45:00,VANDALISM - MISDEAMEANOR ($399 OR UNDER),Central,34.0473,-118.2425
2024-03-03 08:00:00,THEFT OF IDENTITY,Central,34.0421,-118.2469
2024-11-07 23:45:00,"THEFT-GRAND ($950.01 & OVER)EXCPT,GUNS,FOWL,LIVESTK,PROD",Central,34.0419,-118.2669
2024-11-18 15:27:00,SHOPLIFTING - PETTY THEFT ($950 & UNDER),Central,34.0483,-118.2631
2024-11-17 00:30:00,"THEFT-GRAND ($950.01 & OVER)EXCPT,GUNS,FOWL,LIVESTK,PROD",Central,34.046,-118.251
2024-11-18 12:45:00,SHOPLIFTING - PETTY THEFT ($950 & UNDER),Central,34.0483,-118.2631
2024-11-19 00:30:00,"THEFT-GRAND ($950.01 & OVER)EXCPT,GUNS,FOWL,LIVESTK,PROD",Central,34.0535,-118.256
2024-11-18 16:55:00,"VANDALISM - FELONY ($400 & OVER, ALL CHURCH VANDALISMS)",Central,34.0604,-118.2393
2024-11-14 05:40:00,"VEHICLE, STOLEN - OTHER (MOTORIZED SCOOTERS, BIKES, ETC)",Central,34.0415,-118.262
2024-11-18 17:10:00,BATTERY - SIMPLE ASSAULT,Central,34.048,-118.2577
2024-11-18 08:20:00,TRESPASSING,Central,34.0561,-118.2375
2024-11-15 18:00:00,VEHICLE - STOLEN,Central,34.0498,-118.24
2024-11-17 17:00:00,VEHICLE - STOLEN,Central,34.0353,-118.2699
2024-11-09 18:30:00,BURGLARY FROM VEHICLE,Central,34.0453,-118.2499
2024-11-18 16:45:00,BURGLARY FROM VEHICLE,Central,34.0446,-118.2507
2024-11-07 18:00:00,"VEHICLE, STOLEN - OTHER (MOTORIZED SCOOTERS, BIKES, ETC)",Central,34.0352,-118.2654
2024-11-19 12:00:00,SEX OFFENDER REGISTRANT OUT OF COMPLIANCE,Central,34.0448,-118.2474
2024-11-17 08:45:00,"THEFT-GRAND ($950.01 & OVER)EXCPT,GUNS,FOWL,LIVESTK,PROD",Central,34.0559,-118.232
2024-11-18 23:25:00,BURGLARY FROM VEHICLE,Central,34.0457,-118.2665
2024-11-19 09:40:00,THEFT PLAIN - PETTY ($950 & UNDER),Central,34.0454,-118.2333
2024-11-19 09:00:00,"THEFT-GRAND ($950.01 & OVER)EXCPT,GUNS,FOWL,LIVESTK,PROD",Central,34.0396,-118.2726
2024-11-19 09:45:00,OTHER ASSAULT,Central,34.0415,-118.2655
2024-11-18 16:02:00,THEFT PLAIN - PETTY ($950 & UNDER),Central,34.0439,-118.2479
2024-11-11 13:20:00,THEFT PLAIN - PETTY ($950 & UNDER),Central,34.0539,-118.2436
2024-11-19 15:09:00,SHOPLIFTING - PETTY THEFT ($950 & UNDER),Central,34.0483,-118.2631
2024-11-19 17:31:00,SHOPLIFTING - PETTY THEFT ($950 & UNDER),Central,34.0483,-118.2631
2024-11-19 15:20:00,BURGLARY FROM VEHICLE,Central,34.0382,-118.2356
2024-11-19 19:30:00,BURGLARY FROM VEHICLE,Central,34.0457,-118.2665
2024-11-14 15:25:00,THEFT PLAIN - PETTY ($950 & UNDER),Central,34.0466,-118.259
2024-11-12 18:30:00,BURGLARY FROM VEHICLE,Central,34.0459,-118.2579
2024-11-19 03:30:00,THEFT FROM MOTOR VEHICLE - PETTY ($950 & UNDER),Central,34.0473,-118.2566
2024-11-18 17:30:00,BIKE - STOLEN,Central,34.0462,-118.2585
2024-11-19 10:00:00,BURGLARY FROM VEHICLE,Central,34.0433,-118.2488
2024-11-19 13:40:00,"VANDALISM - FELONY ($400 & OVER, ALL CHURCH VANDALISMS)",Central,34.0495,-118.2458
2024-11-19 16:30:00,VEHICLE - STOLEN,Central,34.0473,-118.2641
2024-11-19 01:00:00,VEHICLE - STOLEN,Central,34.0536,-118.2455
2024-11-20 03:25:00,VEHICLE - STOLEN,Central,34.0466,-118.259
2024-11-18 22:30:00,VEHICLE - STOLEN,Central,34.0364,-118.2659
2024-11-20 02:00:00,BURGLARY FROM VEHICLE,Central,34.0491,-118.2558
2024-11-19 22:35:00,VANDALISM - MISDEAMEANOR ($399 OR UNDER),Central,34.0473,-118.2425
2024-11-19 22:53:00,THEFT OF IDENTITY,Central,34.0453,-118.2443
2024-11-03 04:10:00,"VANDALISM - FELONY ($400 & OVER, ALL CHURCH VANDALISMS)",Central,34.051,-118.2551
2024-11-19 12:30:00,BURGLARY FROM VEHICLE,Central,34.0517,-118.2456
2024-11-16 06:40:00,"THEFT-GRAND ($950.01 & OVER)EXCPT,GUNS,FOWL,LIVESTK,PROD",Central,34.0615,-118.2412
2024-11-18 22:30:00,THEFT PLAIN - PETTY ($950 & UNDER),Central,34.0561,-118.2375
2024-08-01 23:05:00,THEFT OF IDENTITY,Central,34.0458,-118.2614
2024-11-19 23:30:00,VEHICLE - STOLEN,Central,34.0396,-118.255
2024-11-18 22:00:00,VEHICLE - STOLEN,Central,34.0615,-118.247
2024-11-16 14:30:00,THEFT FROM MOTOR VEHICLE - PETTY ($950 & UNDER),Central,34.048,-118.2542
2024-11-20 12:00:00,BURGLARY FROM VEHICLE,Central,34.0502,-118.2336
2024-11-14 21:00:00,BURGLARY FROM VEHICLE,Central,34.0462,-118.2585
2024-11-20 23:45:00,ROBBERY,Central,34.0417,-118.2584
2024-11-14 17:45:00,THEFT PLAIN - PETTY ($950 & UNDER),Central,34.0439,-118.2514
2024-11-13 11:42:00,"THEFT-GRAND ($950.01 & OVER)EXCPT,GUNS,FOWL,LIVESTK,PROD",Central,34.0449,-118.2458
2024-11-09 11:05:00,THEFT PLAIN - PETTY ($950 & UNDER),Central,34.0435,-118.2427
2024-11-17 12:45:00,"VANDALISM - FELONY ($400 & OVER, ALL CHURCH VANDALISMS)",Central,34.0502,-118.2487
2024-11-19 18:25:00,"BURGLARY FROM VEHICLE, ATTEMPTED",Central,34.0362,-118.2386
2024-11-21 08:05:00,VEHICLE - STOLEN,Central,34.0454,-118.2465
2024-11-20 23:00:00,VEHICLE - STOLEN,Central,34.0409,-118.2574
2024-11-20 19:00:00,VEHICLE - STOLEN,Central,34.0438,-118.2547
2024-11-20 13:00:00,VEHICLE - STOLEN,Central,34.0431,-118.2537
2024-11-19 19:30:00,SHOPLIFTING - PETTY THEFT ($950 & UNDER),Central,34.048,-118.2577
2024-11-20 10:45:00,BIKE - STOLEN,Central,34.0487,-118.2588
2024-11-18 20:00:00,BURGLARY FROM VEHICLE,Central,34.0419,-118.2669
2024-11-21 01:00:00,VANDALISM - MISDEAMEANOR ($399 OR UNDER),Central,34.0419,-118.2351
2024-10-26 23:00:00,"THEFT-GRAND ($950.01 & OVER)EXCPT,GUNS,FOWL,LIVESTK,PROD",Central,34.046,-118.251
2024-11-14 17:13:00,SHOPLIFTING - PETTY THEFT ($950 & UNDER),Central,34.0483,-118.2631
2024-11-17 13:47:00,SHOPLIFTING - PETTY THEFT ($950 & UNDER),Central,34.0483,-118.2631
2024-10-07 13:00:00,"THEFT-GRAND ($950.01 & OVER)EXCPT,GUNS,FOWL,LIVESTK,PROD",Central,34.0487,-118.2588
2024-11-15 16:45:00,THEFT PLAIN - PETTY ($950 & UNDER),Central,34.0524,-118.2467
2024-11-20 18:30:00,BURGLARY FROM VEHICLE,Central,34.0462,-118.2371
2024-11-19 15:00:00,"THEFT-GRAND ($950.01 & OVER)EXCPT,GUNS,FOWL,LIVESTK,PROD",Central,34.0472,-118.2443
2024-11-21 23:25:00,BATTERY WITH SEXUAL CONTACT,Central,34.0421,-118.2469
2024-11-17 03:00:00,"THEFT-GRAND ($950.01 & OVER)EXCPT,GUNS,FOWL,LIVESTK,PROD",Central,34.0337,-118.2665
2024-11-20 04:00:00,VEHICLE - STOLEN,Central,34.0462,-118.2585
2024-11-21 06:20:00,VEHICLE - STOLEN,Central,34.0416,-118.255
2024-11-07 11:30:00,VEHICLE - STOLEN,Central,34.0414,-118.2382
2024-11-22 06:40:00,TRESPASSING,Central,34.0635,-118.2357
2024-10-01 12:00:00,THEFT FROM MOTOR VEHICLE - PETTY ($950 & UNDER),Central,34.0437,-118.2547
2024-11-21 22:30:00,BURGLARY FROM VEHICLE,Central,34.0462,-118.2585
2024-11-22 02:14:00,BURGLARY FROM VEHICLE,Central,34.0354,-118.264
2024-10-17 21:25:00,PICKPOCKET,Central,34.0419,-118.2669
2024-11-18 17:00:00,"VEHICLE, STOLEN - OTHER (MOTORIZED SCOOTERS, BIKES, ETC)",Central,34.0677,-118.2259
2024-11-21 18:30:00,BURGLARY FROM VEHICLE,Central,34.0461,-118.2395
2024-11-21 00:15:00,PICKPOCKET,Central,34.0497,-118.2587
2024-11-20 11:51:00,THEFT PLAIN - PETTY ($950 & UNDER),Central,34.0467,-118.252
2024-11-22 12:20:00,OTHER MISCELLANEOUS CRIME,Central,34.0501,-118.2558
2024-11-22 13:55:00,SHOPLIFTING - PETTY THEFT ($950 & UNDER),Central,34.0483,-118.2631
2024-11-22 13:17:00,SHOPLIFTING - PETTY THEFT ($950 & UNDER),Central,34.0483,-118.2631
2024-11-22 15:30:00,THEFT PLAIN - PETTY ($950 & UNDER),Central,34.0508,-118.2586
2024-11-21 11:30:00,"THEFT-GRAND ($950.01 & OVER)EXCPT,GUNS,FOWL,LIVESTK,PROD",Central,34.0487,-118.2546
2024-11-20 12:44:00,THEFT PLAIN - PETTY ($950 & UNDER),Central,34.0459,-118.2545
2024-11-22 15:46:00,SHOPLIFTING - PETTY THEFT ($950 & UNDER),Central,34.0483,-118.2631
2024-11-22 18:00:00,BURGLARY FROM VEHICLE,Central,34.0453,-118.236
2024-11-22 18:30:00,"VANDALISM - FELONY ($400 & OVER, ALL CHURCH VANDALISMS)",Central,34.071,-118.2302
2024-11-22 17:30:00,BURGLARY FROM VEHICLE,Central,34.0396,-118.259
2024-11-22 23:50:00,BURGLARY FROM VEHICLE,Central,34.0452,-118.2569
2024-11-22 23:41:00,BURGLARY FROM VEHICLE,Central,34.0524,-118.2467
2024-11-22 16:00:00,VEHICLE - STOLEN,Central,34.042,-118.2625
2024-11-22 19:00:00,THEFT FROM MOTOR VEHICLE - PETTY ($950 & UNDER),Central,34.0392,-118.2363
2024-09-11 15:00:00,VEHICLE - STOLEN,Central,34.0408,-118.2644
2024-11-22 21:00:00,VEHICLE - STOLEN,Central,34.0635,-118.2416
2024-11-23 06:50:00,TRESPASSING,Central,34.0561,-118.2375
2024-11-23 12:00:00,THEFT FROM MOTOR VEHICLE - PETTY ($950 & UNDER),Central,34.0662,-118.2476
2024-11-22 22:30:00,"VEHICLE, STOLEN - OTHER (MOTORIZED SCOOTERS, BIKES, ETC)",Central,34.0437,-118.2455
2024-11-22 21:00:00,BURGLARY FROM VEHICLE,Central,34.0446,-118.249
2024-11-22 05:45:00,THEFT PLAIN - PETTY ($950 & UNDER),Central,34.039,-118.24
2024-11-16 17:00:00,THEFT FROM MOTOR VEHICLE - PETTY ($950 & UNDER),Central,34.0358,-118.2345
2024-11-22 21:00:00,THEFT OF IDENTITY,Central,34.0458,-118.2614
2024-11-09 13:13:00,SHOPLIFTING-GRAND THEFT ($950.01 & OVER),Central,34.0483,-118.2631
2024-11-22 15:57:00,SHOPLIFTING - PETTY THEFT ($950 & UNDER),Central,34.0483,-118.2631
2024-11-22 20:00:00,THEFT PLAIN - PETTY ($950 & UNDER),Central,34.045,-118.264
2024-11-23 17:45:00,VEHICLE - STOLEN,Central,34.048,-118.2577
2024-11-24 00:01:00,VEHICLE - STOLEN,Central,34.0459,-118.2579
2024-11-24 12:00:00,VEHICLE - STOLEN,Central,34.0494,-118.2599
2024-11-24 08:00:00,VEHICLE - STOLEN,Central,34.0652,-118.2468
2024-11-23 05:40:00,VEHICLE - STOLEN,Central,34.0487,-118.2588
2024-11-23 22:00:00,VEHICLE - STOLEN,Central,34.0591,-118.2412
2024-11-23 18:30:00,VEHICLE - STOLEN,Central,34.0515,-118.2424
2024-11-22 19:09:00,"VANDALISM - FELONY ($400 & OVER, ALL CHURCH VANDALISMS)",Central,34.0444,-118.2628
2024-11-23 15:00:00,"THEFT-GRAND ($950.01 & OVER)EXCPT,GUNS,FOWL,LIVESTK,PROD",Central,34.0468,-118.2415
2024-11-23 13:00:00,BURGLARY FROM VEHICLE,Central,34.043,-118.2341
2024-11-20 18:20:00,BURGLARY FROM VEHICLE,Central,34.0504,-118.2409
2024-11-23 14:47:00,SHOPLIFTING - PETTY THEFT ($950 & UNDER),Central,34.0483,-118.2631
2024-11-23 15:00:00,THEFT FROM MOTOR VEHICLE - GRAND ($950.01 AND OVER),Central,34.0633,-118.2336
2024-11-23 14:40:00,BURGLARY FROM VEHICLE,Central,34.0455,-118.2379
2024-11-05 17:49:00,THEFT PLAIN - PETTY ($950 & UNDER),Central,34.0467,-118.2485
2024-11-23 17:00:00,BURGLARY FROM VEHICLE,Central,34.0462,-118.2585
2024-11-03 15:21:00,THEFT PLAIN - PETTY ($950 & UNDER),Central,34.0467,-118.2485
2024-11-24 10:00:00,BURGLARY FROM VEHICLE,Central,34.0462,-118.2585
2024-11-21 00:01:00,"THEFT-GRAND ($950.01 & OVER)EXCPT,GUNS,FOWL,LIVESTK,PROD",Central,34.0493,-118.2582
2024-11-23 18:00:00,VANDALISM - MISDEAMEANOR ($399 OR UNDER),Central,34.0461,-118.2395
2024-11-23 01:52:00,BATTERY POLICE (SIMPLE),Central,34.0337,-118.2665
2024-11-24 07:00:00,TRESPASSING,Central,34.0508,-118.2586
2024-11-24 11:00:00,TRESPASSING,Central,34.0508,-118.2586
2024-11-11 16:30:00,"THEFT-GRAND ($950.01 & OVER)EXCPT,GUNS,FOWL,LIVESTK,PROD",Central,34.0462,-118.2371
2024-11-24 12:00:00,BURGLARY FROM VEHICLE,Central,34.0443,-118.2364
2024-11-24 14:21:00,THEFT PLAIN - PETTY ($950 & UNDER),Central,34.0661,-118.2335
2024-11-24 00:01:00,VEHICLE - STOLEN,Central,34.0428,-118.2532
2024-11-24 14:45:00,BURGLARY FROM VEHICLE,Central,34.0438,-118.2397
2024-11-24 21:45:00,ROBBERY,Central,34.0473,-118.2566
2024-11-24 13:00:00,TRESPASSING,Central,34.0488,-118.2518
2024-11-24 18:30:00,VANDALISM - MISDEAMEANOR ($399 OR UNDER),Central,34.0456,-118.2396
2024-11-24 08:15:00,BURGLARY FROM VEHICLE,Central,34.0494,-118.2599
2024-11-24 13:00:00,"VANDALISM - FELONY ($400 & OVER, ALL CHURCH VANDALISMS)",Central,34.048,-118.2577
2024-11-23 11:30:00,"VANDALISM - FELONY ($400 & OVER, ALL CHURCH VANDALISMS)",Central,34.057,-118.2437
2024-11-20 08:30:00,PICKPOCKET,Central,34.0372,-118.2654
2024-11-24 18:00:00,THEFT PLAIN - PETTY ($950 & UNDER),Central,34.0431,-118.2692
2024-11-20 18:00:00,"THEFT-GRAND ($950.01 & OVER)EXCPT,GUNS,FOWL,LIVESTK,PROD",Central,34.0408,-118.2644
2024-11-24 22:30:00,BURGLARY FROM VEHICLE,Central,34.0401,-118.2633
2024-10-27 23:00:00,BURGLARY FROM VEHICLE,Central,34.0401,-118.2669
2024-11-09 20:10:00,BURGLARY FROM VEHICLE,Central,34.0502,-118.2504
2024-11-23 19:15:00,SHOPLIFTING - PETTY THEFT ($950 & UNDER),Central,34.0483,-118.2631
2024-11-24 23:40:00,THEFT PLAIN - PETTY ($950 & UNDER),Central,34.0561,-118.2375
2024-11-24 20:00:00,BURGLARY FROM VEHICLE,Central,34.042,-118.2625
2024-11-24 18:30:00,BURGLARY FROM VEHICLE,Central,34.0463,-118.2402
2024-11-25 18:20:00,VEHICLE - STOLEN,Central,34.048,-118.2577
2024-11-24 10:00:00,VEHICLE - STOLEN,Central,34.0453,-118.2499
2024-11-24 22:20:00,"VEHICLE, STOLEN - OTHER (MOTORIZED SCOOTERS, BIKES, ETC)",Central,34.0491,-118.2558
2024-11-24 12:00:00,VEHICLE - STOLEN,Central,34.0431,-118.2692
2024-11-25 14:00:00,BIKE - STOLEN,Central,34.0502,-118.2539
2024-11-19 19:10:00,BURGLARY FROM VEHICLE,Central,34.0457,-118.2665
2024-11-21 20:15:00,BURGLARY FROM VEHICLE,Central,34.0461,-118.2395
2024-11-25 03:47:00,"VANDALISM - FELONY ($400 & OVER, ALL CHURCH VANDALISMS)",Central,34.0423,-118.2595
2024-11-23 15:00:00,VANDALISM - MISDEAMEANOR ($399 OR UNDER),Central,34.0516,-118.2561
2024-11-22 17:00:00,VANDALISM - MISDEAMEANOR ($399 OR UNDER),Central,34.046,-118.251
2024-11-25 13:30:00,TRESPASSING,Central,34.0488,-118.2518
2024-11-24 17:32:00,SHOPLIFTING - PETTY THEFT ($950 & UNDER),Central,34.0483,-118.2631
2024-11-26 06:00:00,TRESPASSING,Central,34.0508,-118.2586
2024-11-26 10:30:00,VEHICLE - STOLEN,Central,34.0572,-118.2481
2024-11-22 12:00:00,VEHICLE - STOLEN,Central,34.0585,-118.2403
2024-11-21 23:55:00,THEFT PLAIN - PETTY ($950 & UNDER),Central,34.0582,-118.2387
2024-11-25 17:50:00,THEFT PLAIN - PETTY ($950 & UNDER),Central,34.0467,-118.252
2024-11-23 15:06:00,SHOPLIFTING - PETTY THEFT ($950 & UNDER),Central,34.0483,-118.2631
2024-11-24 23:45:00,BURGLARY FROM VEHICLE,Central,34.0473,-118.2601
2024-11-22 08:50:00,"VANDALISM - FELONY ($400 & OVER, ALL CHURCH VANDALISMS)",Central,34.0463,-118.2402
2024-11-25 11:00:00,"VANDALISM - FELONY ($400 & OVER, ALL CHURCH VANDALISMS)",Central,34.0408,-118.2644
2024-11-26 11:45:00,SHOPLIFTING - PETTY THEFT ($950 & UNDER),Central,34.0483,-118.2631
2024-11-26 00:30:00,VANDALISM - MISDEAMEANOR ($399 OR UNDER),Central,34.0516,-118.2561
2024-11-26 13:24:00,SHOPLIFTING - PETTY THEFT ($950 & UNDER),Central,34.0483,-118.2631
2024-11-21 20:30:00,BURGLARY FROM VEHICLE,Central,34.052,-118.2332
2024-11-24 15:50:00,SHOPLIFTING - PETTY THEFT ($950 & UNDER),Central,34.0483,-118.2631
2024-11-11 09:00:00,THEFT FROM MOTOR VEHICLE - PETTY ($950 & UNDER),Central,34.0423,-118.2561
2024-11-26 17:15:00,THEFT PLAIN - PETTY ($950 & UNDER),Central,34.0383,-118.2305
2024-11-25 14:45:00,VANDALISM - MISDEAMEANOR ($399 OR UNDER),Central,34.0423,-118.2595
2024-11-23 00:31:00,PICKPOCKET,Central,34.0516,-118.2491
2024-11-27 13:30:00,VEHICLE - STOLEN,Central,34.042,-118.2625
2024-11-25 13:38:00,THEFT PLAIN - PETTY ($950 & UNDER),Central,34.0421,-118.2469
2024-11-21 17:40:00,BURGLARY FROM VEHICLE,Central,34.0461,-118.2395
2024-11-23 18:55:00,THEFT OF IDENTITY,Central,34.0503,-118.2434
2024-11-12 22:40:00,VANDALISM - MISDEAMEANOR ($399 OR UNDER),Central,34.0516,-118.2561
2024-08-24 14:00:00,THEFT FROM MOTOR VEHICLE - PETTY ($950 & UNDER),Central,34.0494,-118.2599
2024-01-07 18:30:00,"EMBEZZLEMENT, GRAND THEFT ($950.01 & OVER)",Central,34.0487,-118.2588
2024-11-27 08:30:00,BURGLARY FROM VEHICLE,Central,34.0473,-118.2601
2024-11-05 13:57:00,BURGLARY FROM VEHICLE,Central,34.0337,-118.261
2024-11-27 07:50:00,TRESPASSING,Central,34.0561,-118.2375
2024-11-27 15:00:00,"THEFT-GRAND ($950.01 & OVER)EXCPT,GUNS,FOWL,LIVESTK,PROD",Central,34.0431,-118.2692
2024-11-26 20:00:00,BURGLARY FROM VEHICLE,Central,34.0414,-118.2332
2024-11-27 11:30:00,THEFT FROM MOTOR VEHICLE - GRAND ($950.01 AND OVER),Central,34.0423,-118.2595
2024-11-01 07:00:00,VANDALISM - MISDEAMEANOR ($399 OR UNDER),Central,34.0516,-118.2561
2024-11-27 15:42:00,VEHICLE - STOLEN,Central,34.0466,-118.259
2024-11-02 21:16:00,THEFT PLAIN - PETTY ($950 & UNDER),Central,34.0421,-118.2469
2024-11-26 16:30:00,"VANDALISM - FELONY ($400 & OVER, ALL CHURCH VANDALISMS)",Central,34.0455,-118.2379
2024-11-27 17:40:00,THEFT PLAIN - PETTY ($950 & UNDER),Central,34.0473,-118.2566
2024-11-27 21:00:00,"VANDALISM - FELONY ($400 & OVER, ALL CHURCH VANDALISMS)",Central,34.0504,-118.2409
2024-10-01 22:24:00,"LETTERS, LEWD  -  TELEPHONE CALLS, LEWD",Central,34.0607,-118.2494
2024-11-27 19:20:00,BURGLARY FROM VEHICLE,Central,34.0504,-118.2409
2024-11-27 17:10:00,BURGLARY FROM VEHICLE,Central,34.048,-118.2438
2024-11-24 14:30:00,THEFT FROM MOTOR VEHICLE - GRAND ($950.01 AND OVER),Central,34.0466,-118.259
2024-11-27 08:00:00,THEFT FROM MOTOR VEHICLE - PETTY ($950 & UNDER),Central,34.0555,-118.232
2024-11-27 16:00:00,VEHICLE - STOLEN,Central,34.0437,-118.2617
2024-11-28 11:10:00,TRESPASSING,Central,34.0561,-118.2375
2024-11-28 07:50:00,TRESPASSING,Central,34.0561,-118.2375
2024-07-27 18:00:00,"THEFT-GRAND ($950.01 & OVER)EXCPT,GUNS,FOWL,LIVESTK,PROD",Central,34.0431,-118.2692
2024-11-27 20:00:00,BURGLARY FROM VEHICLE,Central,34.0435,-118.2366
2024-11-04 11:06:00,"VANDALISM - FELONY ($400 & OVER, ALL CHURCH VANDALISMS)",Central,34.042,-118.2625
2024-11-26 00:01:00,BURGLARY FROM VEHICLE,Central,34.0539,-118.2436
2024-11-26 13:12:00,BURGLARY FROM VEHICLE,Central,34.0408,-118.2644
2024-11-26 14:00:00,"VANDALISM - FELONY ($400 & OVER, ALL CHURCH VANDALISMS)",Central,34.0419,-118.2669
2024-11-13 18:30:00,THEFT OF IDENTITY,Central,34.0599,-118.2426
2024-11-23 12:30:00,"THEFT-GRAND ($950.01 & OVER)EXCPT,GUNS,FOWL,LIVESTK,PROD",Central,34.043,-118.2606
2024-11-28 08:00:00,TRESPASSING,Central,34.0561,-118.2375
2024-11-28 21:15:00,THEFT OF IDENTITY,Central,34.0406,-118.268
2024-11-28 15:30:00,VEHICLE - STOLEN,Central,34.0488,-118.25
2024-11-28 11:05:00,TRESPASSING,Central,34.0561,-118.2375
2024-11-29 06:30:00,VEHICLE - STOLEN,Central,34.0473,-118.2566
2024-11-27 13:00:00,VEHICLE - STOLEN,Central,34.0652,-118.2468
2024-11-28 13:30:00,VEHICLE - STOLEN,Central,34.0461,-118.2674
2024-11-29 10:55:00,TRESPASSING,Central,34.0508,-118.2586
2024-11-27 10:15:00,TRESPASSING,Central,34.0508,-118.2586
2024-11-29 09:15:00,TRESPASSING,Central,34.0508,-118.2586
2024-11-29 15:00:00,SHOPLIFTING - PETTY THEFT ($950 & UNDER),Central,34.048,-118.2577
2024-11-26 18:10:00,BURGLARY FROM VEHICLE,Central,34.0409,-118.2609
2024-09-20 00:01:00,THEFT PLAIN - PETTY ($950 & UNDER),Central,34.0455,-118.2452
2024-11-29 05:19:00,THEFT OF IDENTITY,Central,34.0423,-118.2595
2024-11-25 20:30:00,BURGLARY FROM VEHICLE,Central,34.0543,-118.2535
2024-11-23 10:35:00,BURGLARY FROM VEHICLE,Central,34.0401,-118.2533
2024-11-23 18:55:00,BURGLARY FROM VEHICLE,Central,34.0498,-118.24
2024-11-27 20:00:00,BURGLARY FROM VEHICLE,Central,34.0409,-118.2574
2024-11-23 12:35:00,THEFT OF IDENTITY,Central,34.0438,-118.2547
2024-11-25 17:00:00,OTHER ASSAULT,Central,34.0561,-118.2375
2024-11-19 22:40:00,"VANDALISM - FELONY ($400 & OVER, ALL CHURCH VANDALISMS)",Central,34.0409,-118.2574
2024-10-01 17:55:00,THEFT OF IDENTITY,Central,34.0419,-118.2669
2024-11-22 18:30:00,BURGLARY FROM VEHICLE,Central,34.048,-118.2577
2024-11-29 21:30:00,BURGLARY FROM VEHICLE,Central,34.0363,-118.2672
2024-09-07 22:00:00,THEFT PLAIN - PETTY ($950 & UNDER),Central,34.0502,-118.2504
2024-11-29 11:13:00,VANDALISM - MISDEAMEANOR ($399 OR UNDER),Central,34.0431,-118.2692
2024-11-11 19:30:00,BURGLARY FROM VEHICLE,Central,34.0504,-118.2409
2024-11-28 13:30:00,BURGLARY FROM VEHICLE,Central,34.0498,-118.24
2024-11-22 12:25:00,THEFT PLAIN - PETTY ($950 & UNDER),Central,34.0419,-118.2669
2024-11-22 13:39:00,"LETTERS, LEWD  -  TELEPHONE CALLS, LEWD",Central,34.0504,-118.2409
2024-11-30 06:45:00,TRESPASSING,Central,34.0635,-118.2357
2024-11-29 18:28:00,THEFT PLAIN - PETTY ($950 & UNDER),Central,34.0439,-118.2326
2024-11-30 13:25:00,BURGLARY FROM VEHICLE,Central,34.0516,-118.2491
2024-11-30 06:00:00,VEHICLE - STOLEN,Central,34.0445,-118.2558
2024-12-01 01:30:00,VEHICLE - STOLEN,Central,34.0387,-118.2612
2024-12-01 04:00:00,VEHICLE - STOLEN,Central,34.0502,-118.2539
2024-11-30 14:00:00,BURGLARY FROM VEHICLE,Central,34.0463,-118.2402
2024-11-30 15:59:00,SHOPLIFTING - PETTY THEFT ($950 & UNDER),Central,34.0483,-118.2631
2024-11-17 13:59:00,THEFT PLAIN - PETTY ($950 & UNDER),Central,34.051,-118.2445
2024-11-30 18:05:00,BURGLARY FROM VEHICLE,Central,34.0363,-118.2604
2024-11-27 23:50:00,"THEFT-GRAND ($950.01 & OVER)EXCPT,GUNS,FOWL,LIVESTK,PROD",Central,34.0473,-118.2425
2024-12-01 00:08:00,BURGLARY FROM VEHICLE,Central,34.0582,-118.2387
2024-11-29 21:15:00,THEFT PLAIN - PETTY ($950 & UNDER),Central,34.0431,-118.2692
2024-12-01 10:09:00,THEFT OF IDENTITY,Central,34.0467,-118.2485
2024-12-01 13:08:00,BURGLARY FROM VEHICLE,Central,34.0569,-118.254
2024-12-01 06:50:00,VEHICLE - STOLEN,Central,34.0523,-118.2502
2024-12-01 08:00:00,TRESPASSING,Central,34.0561,-118.2375
2024-12-01 06:50:00,TRESPASSING,Central,34.0561,-118.2375
2024-11-26 12:47:00,THEFT PLAIN - PETTY ($950 & UNDER),Central,34.0684,-118.2449
2024-12-01 00:01:00,"VANDALISM - FELONY ($400 & OVER, ALL CHURCH VANDALISMS)",Central,34.049,-118.2381
2024-12-01 15:00:00,VEHICLE - STOLEN,Central,34.0473,-118.2531
2024-12-01 18:40:00,VEHICLE - STOLEN,Central,34.0488,-118.25
2024-12-01 18:46:00,BURGLARY FROM VEHICLE,Central,34.0461,-118.2395
2024-11-03 00:32:00,BURGLARY FROM VEHICLE,Central,34.0599,-118.2379
2024-11-29 18:00:00,BURGLARY FROM VEHICLE,Central,34.0569,-118.254
2024-11-21 18:00:00,BURGLARY FROM VEHICLE,Central,34.0585,-118.2403
2024-11-18 19:09:00,SHOPLIFTING - PETTY THEFT ($950 & UNDER),Central,34.0483,-118.2631
2024-11-30 22:00:00,PICKPOCKET,Central,34.0516,-118.2491
2024-11-30 20:30:00,THEFT PLAIN - PETTY ($950 & UNDER),Central,34.0479,-118.2612
2024-11-02 19:30:00,BURGLARY FROM VEHICLE,Central,34.0661,-118.2335
2024-12-01 19:00:00,BURGLARY FROM VEHICLE,Central,34.048,-118.2577
2024-12-01 21:55:00,VEHICLE - STOLEN,Central,34.0468,-118.2605
2024-11-30 20:30:00,OTHER MISCELLANEOUS CRIME,Central,34.0488,-118.2518
2024-12-01 11:00:00,OTHER MISCELLANEOUS CRIME,Central,34.042,-118.2625
2024-12-01 22:00:00,VEHICLE - STOLEN,Central,34.0491,-118.2558
2024-12-02 06:30:00,VEHICLE - STOLEN,Central,34.0446,-118.2507
2024-11-08 22:00:00,BURGLARY FROM VEHICLE,Central,34.0488,-118.25
2024-11-30 10:00:00,BURGLARY FROM VEHICLE,Central,34.0394,-118.2623
2024-12-01 19:25:00,VANDALISM - MISDEAMEANOR ($399 OR UNDER),Central,34.0473,-118.2425
2024-11-08 16:00:00,VEHICLE - STOLEN,Central,34.0542,-118.2566
2024-11-29 20:00:00,PICKPOCKET,Central,34.0431,-118.2692
2024-11-30 23:30:00,BURGLARY FROM VEHICLE,Central,34.0396,-118.259
2024-12-02 11:30:00,VEHICLE - STOLEN,Central,34.0473,-118.2601
2024-11-29 21:18:00,"THEFT-GRAND ($950.01 & OVER)EXCPT,GUNS,FOWL,LIVESTK,PROD",Central,34.0466,-118.252
2024-03-12 17:30:00,"THEFT-GRAND ($950.01 & OVER)EXCPT,GUNS,FOWL,LIVESTK,PROD",Central,34.0435,-118.2427
2024-12-02 13:30:00,ROBBERY,Central,34.0485,-118.2448
2024-11-22 12:00:00,THEFT FROM MOTOR VEHICLE - PETTY ($950 & UNDER),Central,34.0663,-118.2442
2024-04-07 02:00:00,"VEHICLE, STOLEN - OTHER (MOTORIZED SCOOTERS, BIKES, ETC)",Central,34.0473,-118.2601
2024-12-02 15:09:00,THEFT PLAIN - PETTY ($950 & UNDER),Central,34.0437,-118.2547
2024-12-02 17:50:00,TRESPASSING,Central,34.0546,-118.2447
2024-12-01 14:30:00,THEFT FROM MOTOR VEHICLE - GRAND ($950.01 AND OVER),Central,34.042,-118.2625
2024-11-29 17:00:00,THEFT OF IDENTITY,Central,34.0423,-118.2561
2024-11-27 10:00:00,"VANDALISM - FELONY ($400 & OVER, ALL CHURCH VANDALISMS)",Central,34.0628,-118.2396
2024-12-01 21:40:00,BURGLARY FROM VEHICLE,Central,34.0494,-118.2599
2024-12-01 14:23:00,THEFT PLAIN - PETTY ($950 & UNDER),Central,34.0415,-118.2655
2024-12-01 18:35:00,THEFT FROM MOTOR VEHICLE - GRAND ($950.01 AND OVER),Central,34.0401,-118.2633
2024-11-27 13:09:00,"THEFT-GRAND ($950.01 & OVER)EXCPT,GUNS,FOWL,LIVESTK,PROD",Central,34.0402,-118.2598
2024-12-02 20:30:00,BURGLARY FROM VEHICLE,Central,34.0472,-118.2362
2024-12-02 21:35:00,BIKE - STOLEN,Central,34.0446,-118.2507
2024-12-03 06:10:00,"THEFT-GRAND ($950.01 & OVER)EXCPT,GUNS,FOWL,LIVESTK,PROD",Central,34.0543,-118.2466
2024-11-01 11:46:00,"VANDALISM - FELONY ($400 & OVER, ALL CHURCH VANDALISMS)",Central,34.0601,-118.2502
2024-11-25 20:00:00,VEHICLE - STOLEN,Central,34.0408,-118.2644
2024-09-26 11:40:00,THEFT OF IDENTITY,Central,34.0452,-118.2533
2024-12-02 21:00:00,VEHICLE - STOLEN,Central,34.058,-118.241
2024-12-03 04:35:00,TRESPASSING,Central,34.0635,-118.2357
2024-12-03 08:40:00,TRESPASSING,Central,34.0635,-118.2357
2024-12-02 22:55:00,TRESPASSING,Central,34.0508,-118.2586
2024-11-24 14:54:00,BURGLARY FROM VEHICLE,Central,34.0431,-118.2692
2024-11-30 19:05:00,VEHICLE - STOLEN,Central,34.0459,-118.2579
2024-11-21 15:00:00,VANDALISM - MISDEAMEANOR ($399 OR UNDER),Central,34.0423,-118.2561
2024-11-18 19:30:00,BURGLARY FROM VEHICLE,Central,34.0473,-118.2425
2024-12-02 20:30:00,BURGLARY FROM VEHICLE,Central,34.0414,-118.2332
2024-12-03 10:16:00,TRESPASSING,Central,34.0508,-118.2586
2024-12-03 09:10:00,VEHICLE - STOLEN,Central,34.0485,-118.2448
2024-12-03 15:10:00,TRESPASSING,Central,34.0635,-118.2357
2024-11-30 10:33:00,BURGLARY FROM VEHICLE,Central,34.0379,-118.2598
2024-12-03 09:50:00,SHOPLIFTING - PETTY THEFT ($950 & UNDER),Central,34.0483,-118.2631
2024-12-02 12:00:00,VEHICLE - STOLEN,Central,34.0607,-118.2494
2024-11-27 17:30:00,BURGLARY FROM VEHICLE,Central,34.0358,-118.2345
2024-12-03 07:30:00,VANDALISM - MISDEAMEANOR ($399 OR UNDER),Central,34.0455,-118.2379
2024-12-02 13:49:00,THEFT PLAIN - PETTY ($950 & UNDER),Central,34.0485,-118.2448
2024-12-03 17:30:00,VEHICLE - STOLEN,Central,34.0491,-118.2558
2024-12-03 08:00:00,BIKE - STOLEN,Central,34.0483,-118.2631
2024-12-03 23:20:00,BATTERY - SIMPLE ASSAULT,Central,34.0545,-118.2499
2024-12-03 15:15:00,VEHICLE - STOLEN,Central,34.0502,-118.2487
2024-09-17 23:00:00,BURGLARY FROM VEHICLE,Central,34.042,-118.2625
2024-12-03 18:00:00,BURGLARY FROM VEHICLE,Central,34.0532,-118.2425
2024-12-03 23:00:00,VEHICLE - STOLEN,Central,34.0607,-118.2435
2024-12-03 10:25:00,THEFT OF IDENTITY,Central,34.0414,-118.2399
2024-12-03 20:15:00,"LETTERS, LEWD  -  TELEPHONE CALLS, LEWD",Central,34.042,-118.2625
2024-10-25 12:00:00,"VANDALISM - FELONY ($400 & OVER, ALL CHURCH VANDALISMS)",Central,34.0502,-118.2487
2024-12-01 23:59:00,"VANDALISM - FELONY ($400 & OVER, ALL CHURCH VANDALISMS)",Central,34.0408,-118.2644
2024-11-30 23:45:00,THEFT PLAIN - PETTY ($950 & UNDER),Central,34.0491,-118.2558
2024-12-02 09:00:00,BURGLARY FROM VEHICLE,Central,34.0437,-118.2582
2024-12-03 20:30:00,BURGLARY FROM VEHICLE,Central,34.042,-118.2625
2024-12-04 18:05:00,OTHER MISCELLANEOUS CRIME,Central,34.0508,-118.2586
2024-12-03 16:30:00,"VEHICLE, STOLEN - OTHER (MOTORIZED SCOOTERS, BIKES, ETC)",Central,34.0454,-118.2333
2024-11-19 08:00:00,THEFT PLAIN - PETTY ($950 & UNDER),Central,34.0685,-118.246
2024-12-04 18:00:00,BURGLARY FROM VEHICLE,Central,34.0439,-118.2338
2024-12-04 20:00:00,SHOPLIFTING-GRAND THEFT ($950.01 & OVER),Central,34.048,-118.2577
2024-12-04 19:30:00,BURGLARY FROM VEHICLE,Central,34.0504,-118.2409
2024-12-03 15:30:00,THEFT PLAIN - PETTY ($950 & UNDER),Central,34.0419,-118.2523
2024-12-04 19:00:00,BURGLARY FROM VEHICLE,Central,34.0443,-118.2364
2024-12-04 06:30:00,VEHICLE - STOLEN,Central,34.0383,-118.2327
2024-12-04 21:56:00,BURGLARY FROM VEHICLE,Central,34.048,-118.2577
2024-12-01 20:30:00,BURGLARY FROM VEHICLE,Central,34.0524,-118.2467
2024-11-23 18:31:00,BURGLARY FROM VEHICLE,Central,34.0442,-118.2681
2024-12-04 23:05:00,BURGLARY FROM VEHICLE,Central,34.048,-118.2577
2024-12-03 15:00:00,BURGLARY FROM VEHICLE,Central,34.0495,-118.2528
2024-12-03 09:50:00,THEFT PLAIN - PETTY ($950 & UNDER),Central,34.0451,-118.2604
2024-12-04 14:00:00,VEHICLE - STOLEN,Central,34.0639,-118.2447
2024-12-04 19:30:00,THEFT PLAIN - PETTY ($950 & UNDER),Central,34.0495,-118.2459
2024-11-18 10:00:00,THEFT PLAIN - PETTY ($950 & UNDER),Central,34.0495,-118.2528
2024-12-04 19:10:00,SHOPLIFTING-GRAND THEFT ($950.01 & OVER),Central,34.0483,-118.2631
2024-12-04 16:20:00,SHOPLIFTING - PETTY THEFT ($950 & UNDER),Central,34.0483,-118.2631
2024-10-15 02:00:00,THEFT FROM MOTOR VEHICLE - GRAND ($950.01 AND OVER),Central,34.0513,-118.2451
2024-12-04 20:00:00,BURGLARY FROM VEHICLE,Central,34.0607,-118.2494
2024-05-04 11:10:00,"THEFT-GRAND ($950.01 & OVER)EXCPT,GUNS,FOWL,LIVESTK,PROD",Central,34.0453,-118.2443
2024-04-25 15:00:00,"EMBEZZLEMENT, GRAND THEFT ($950.01 & OVER)",Central,34.0473,-118.2641
2024-11-30 06:00:00,VEHICLE - STOLEN,Central,34.0643,-118.2286
2024-12-05 13:00:00,BURGLARY FROM VEHICLE,Central,34.0478,-118.2484
2024-12-04 21:45:00,"THEFT-GRAND ($950.01 & OVER)EXCPT,GUNS,FOWL,LIVESTK,PROD",Central,34.0462,-118.2628
2024-12-03 18:25:00,THEFT PLAIN - PETTY ($950 & UNDER),Central,34.0458,-118.2614
2024-12-05 14:20:00,TRESPASSING,Central,34.0635,-118.2357
2024-12-05 17:30:00,BURGLARY FROM VEHICLE,Central,34.0472,-118.2342
2024-12-03 20:45:00,BURGLARY FROM VEHICLE,Central,34.0414,-118.2332
2024-12-06 04:50:00,VEHICLE - STOLEN,Central,34.0327,-118.2647
2024-12-02 19:00:00,VEHICLE - STOLEN,Central,34.0423,-118.2561
2024-12-06 07:45:00,VEHICLE - STOLEN,Central,34.0396,-118.2558
2024-12-06 02:10:00,VEHICLE - STOLEN,Central,34.0428,-118.2532
2024-12-06 16:10:00,VEHICLE - STOLEN,Central,34.0351,-118.2614
2024-12-05 19:50:00,THEFT PLAIN - PETTY ($950 & UNDER),Central,34.051,-118.248
2024-12-05 18:40:00,BURGLARY FROM VEHICLE,Central,34.0432,-118.2504
2024-11-21 06:50:00,THEFT PLAIN - PETTY ($950 & UNDER),Central,34.0439,-118.2479
2024-11-19 09:00:00,THEFT OF IDENTITY,Central,34.0487,-118.2362
2024-12-04 15:00:00,THEFT PLAIN - PETTY ($950 & UNDER),Central,34.0431,-118.2692
2024-12-05 22:30:00,PICKPOCKET,Central,34.0417,-118.2584
2024-11-26 20:50:00,"VANDALISM - FELONY ($400 & OVER, ALL CHURCH VANDALISMS)",Central,34.043,-118.2606
2024-12-06 13:10:00,SHOPLIFTING - PETTY THEFT ($950 & UNDER),Central,34.0496,-118.2603
2024-12-04 09:00:00,"VANDALISM - FELONY ($400 & OVER, ALL CHURCH VANDALISMS)",Central,34.0452,-118.2533
2024-12-06 06:55:00,TRESPASSING,Central,34.0635,-118.2357
2024-12-06 11:10:00,TRESPASSING,Central,34.0491,-118.2558
2024-12-06 08:00:00,TRESPASSING,Central,34.0491,-118.2558
2024-12-06 15:15:00,BRANDISH WEAPON,Central,34.0444,-118.2407
2024-12-06 18:40:00,"VANDALISM - FELONY ($400 & OVER, ALL CHURCH VANDALISMS)",Central,34.0462,-118.2585
2024-12-05 21:30:00,THEFT FROM MOTOR VEHICLE - GRAND ($950.01 AND OVER),Central,34.048,-118.2577
2024-12-04 12:00:00,"LETTERS, LEWD  -  TELEPHONE CALLS, LEWD",Central,34.0557,-118.2488
2024-12-02 23:00:00,BURGLARY FROM VEHICLE,Central,34.0458,-118.2614
2024-11-21 20:30:00,THEFT FROM MOTOR VEHICLE - GRAND ($950.01 AND OVER),Central,34.0481,-118.2507
2024-12-06 07:45:00,TRESPASSING,Central,34.0471,-118.2474
2024-12-06 22:52:00,BURGLARY FROM VEHICLE,Central,34.0435,-118.236
2024-12-06 18:00:00,BURGLARY FROM VEHICLE,Central,34.051,-118.2445
2024-12-07 04:30:00,VEHICLE - STOLEN,Central,34.0407,-118.2468
2024-12-04 15:14:00,"THEFT-GRAND ($950.01 & OVER)EXCPT,GUNS,FOWL,LIVESTK,PROD",Central,34.0439,-118.2326
2024-11-09 14:00:00,BURGLARY FROM VEHICLE,Central,34.0453,-118.2499
2024-12-07 12:36:00,THEFT PLAIN - PETTY ($950 & UNDER),Central,34.0477,-118.2394
2024-12-06 15:00:00,"THEFT-GRAND ($950.01 & OVER)EXCPT,GUNS,FOWL,LIVESTK,PROD",Central,34.0437,-118.2547
2024-12-07 17:30:00,SHOPLIFTING - PETTY THEFT ($950 & UNDER),Central,34.0483,-118.2631
2024-12-07 15:30:00,VEHICLE - STOLEN,Central,34.0511,-118.238
2024-12-06 17:30:00,VEHICLE - STOLEN,Central,34.0615,-118.247
2024-12-07 22:00:00,VEHICLE - STOLEN,Central,34.0531,-118.2478
2024-12-07 00:01:00,VEHICLE - STOLEN,Central,34.046,-118.2493
2024-12-07 07:00:00,VEHICLE - STOLEN,Central,34.0438,-118.2416
2024-12-05 19:30:00,THEFT FROM MOTOR VEHICLE - PETTY ($950 & UNDER),Central,34.0472,-118.2342
2024-12-07 03:00:00,VEHICLE - STOLEN,Central,34.0459,-118.2579
2024-12-07 18:00:00,BURGLARY FROM VEHICLE,Central,34.0473,-118.2425
2024-12-06 22:00:00,BURGLARY FROM VEHICLE,Central,34.0395,-118.2657
2024-12-07 15:40:00,BIKE - STOLEN,Central,34.0679,-118.2405
2024-12-07 19:40:00,THEFT PLAIN - PETTY ($950 & UNDER),Central,34.0627,-118.2463
2024-12-02 14:30:00,THEFT PLAIN - PETTY ($950 & UNDER),Central,34.0615,-118.247
2024-12-07 23:00:00,BURGLARY FROM VEHICLE,Central,34.048,-118.2577
2024-12-07 17:30:00,BURGLARY FROM VEHICLE,Central,34.0473,-118.2641
2024-11-13 17:00:00,BIKE - STOLEN,Central,34.0561,-118.2375
2024-12-06 18:30:00,BURGLARY FROM VEHICLE,Central,34.0409,-118.2574
2024-12-06 20:00:00,PICKPOCKET,Central,34.0419,-118.2669
2024-12-08 15:40:00,SHOPLIFTING - PETTY THEFT ($950 & UNDER),Central,34.0493,-118.2417
2024-08-15 12:30:00,"VANDALISM - FELONY ($400 & OVER, ALL CHURCH VANDALISMS)",Central,34.0419,-118.2669
2024-12-07 10:10:00,VEHICLE - STOLEN,Central,34.0458,-118.2614
2024-11-29 15:00:00,THEFT FROM MOTOR VEHICLE - PETTY ($950 & UNDER),Central,34.0383,-118.2327
2024-12-08 02:56:00,VANDALISM - MISDEAMEANOR ($399 OR UNDER),Central,34.0402,-118.2598
2024-12-05 18:30:00,BURGLARY FROM VEHICLE,Central,34.0472,-118.2342
2024-12-08 20:30:00,BURGLARY FROM VEHICLE,Central,34.0383,-118.2327
2024-12-07 22:00:00,BURGLARY FROM VEHICLE,Central,34.0473,-118.2425
2024-12-08 06:35:00,TRESPASSING,Central,34.0401,-118.2669
2024-12-08 07:20:00,TRESPASSING,Central,34.0488,-118.2518
2024-12-08 06:50:00,TRESPASSING,Central,34.0488,-118.2518
2024-12-08 07:50:00,TRESPASSING,Central,34.0488,-118.2518
2024-12-08 15:30:00,BURGLARY FROM VEHICLE,Central,34.0503,-118.2346
2024-12-08 07:10:00,TRESPASSING,Central,34.0488,-118.2518
2024-12-08 12:30:00,TRESPASSING,Central,34.0635,-118.2357
2024-11-30 20:00:00,THEFT PLAIN - PETTY ($950 & UNDER),Central,34.0401,-118.2633
2024-12-03 08:05:00,THEFT FROM MOTOR VEHICLE - GRAND ($950.01 AND OVER),Central,34.0525,-118.2432
2024-12-04 10:20:00,THEFT PLAIN - PETTY ($950 & UNDER),Central,34.0601,-118.2502
2024-12-08 14:25:00,BURGLARY FROM VEHICLE,Central,34.0517,-118.2456
2024-12-08 16:00:00,"VANDALISM - FELONY ($400 & OVER, ALL CHURCH VANDALISMS)",Central,34.0423,-118.2561
2024-12-07 22:54:00,"VANDALISM - FELONY ($400 & OVER, ALL CHURCH VANDALISMS)",Central,34.0501,-118.2593
2024-12-09 02:00:00,BURGLARY FROM VEHICLE,Central,34.0454,-118.2333
2024-12-09 11:15:00,THEFT PLAIN - PETTY ($950 & UNDER),Central,34.0449,-118.2458
2024-12-08 21:15:00,BURGLARY FROM VEHICLE,Central,34.0494,-118.2599
2024-12-08 21:00:00,BURGLARY FROM VEHICLE,Central,34.0494,-118.2599
2024-12-08 18:30:00,BURGLARY FROM VEHICLE,Central,34.0435,-118.2366
2024-11-29 11:40:00,THEFT PLAIN - PETTY ($950 & UNDER),Central,34.0421,-118.2469
2024-12-01 08:00:00,VEHICLE - STOLEN,Central,34.051,-118.2445
2024-12-08 18:30:00,THEFT FROM MOTOR VEHICLE - GRAND ($950.01 AND OVER),Central,34.0357,-118.2663
2024-10-24 13:10:00,DRUNK ROLL,Central,34.0488,-118.2518
2024-12-08 18:20:00,SHOPLIFTING - PETTY THEFT ($950 & UNDER),Central,34.0496,-118.2603
2024-12-08 01:15:00,BURGLARY FROM VEHICLE,Central,34.048,-118.2577
2024-12-07 01:00:00,THEFT FROM MOTOR VEHICLE - GRAND ($950.01 AND OVER),Central,34.0368,-118.2412
2024-12-04 18:44:00,THEFT PLAIN - PETTY ($950 & UNDER),Central,34.0439,-118.2326
2024-12-08 16:09:00,"VANDALISM - FELONY ($400 & OVER, ALL CHURCH VANDALISMS)",Central,34.0473,-118.2425
2024-12-09 00:43:00,"VANDALISM - FELONY ($400 & OVER, ALL CHURCH VANDALISMS)",Central,34.0473,-118.2425
2024-11-24 12:33:00,VANDALISM - MISDEAMEANOR ($399 OR UNDER),Central,34.0473,-118.2425
2024-12-08 20:00:00,VANDALISM - MISDEAMEANOR ($399 OR UNDER),Central,34.0663,-118.2442
2024-12-06 20:25:00,"VANDALISM - FELONY ($400 & OVER, ALL CHURCH VANDALISMS)",Central,34.0466,-118.2555
2024-12-07 01:24:00,VEHICLE - STOLEN,Central,34.0459,-118.2545
2024-12-09 07:45:00,TRESPASSING,Central,34.0488,-118.2518
2024-12-09 06:45:00,TRESPASSING,Central,34.0488,-118.2518
2024-12-09 08:55:00,TRESPASSING,Central,34.0488,-118.2518
2024-12-09 10:35:00,BATTERY - SIMPLE ASSAULT,Central,34.0568,-118.2441
2024-12-09 14:25:00,THEFT PLAIN - PETTY ($950 & UNDER),Central,34.0417,-118.2444
2024-09-08 20:00:00,"THEFT-GRAND ($950.01 & OVER)EXCPT,GUNS,FOWL,LIVESTK,PROD",Central,34.0442,-118.2439
2024-12-08 19:30:00,BURGLARY FROM VEHICLE,Central,34.0461,-118.2395
2024-12-07 13:16:00,THEFT PLAIN - PETTY ($950 & UNDER),Central,34.0413,-118.2517
2024-12-08 01:46:00,"VANDALISM - FELONY ($400 & OVER, ALL CHURCH VANDALISMS)",Central,34.0408,-118.2644
2024-12-09 18:00:00,VEHICLE - STOLEN,Central,34.0472,-118.2352
2024-12-09 21:20:00,"THEFT-GRAND ($950.01 & OVER)EXCPT,GUNS,FOWL,LIVESTK,PROD",Central,34.0483,-118.2631
2024-12-08 18:10:00,THEFT PLAIN - PETTY ($950 & UNDER),Central,34.0431,-118.2692
2024-11-23 18:40:00,THEFT PLAIN - PETTY ($950 & UNDER),Central,34.0466,-118.259
2024-12-07 22:30:00,"THEFT-GRAND ($950.01 & OVER)EXCPT,GUNS,FOWL,LIVESTK,PROD",Central,34.0396,-118.259
2024-12-09 20:00:00,BURGLARY FROM VEHICLE,Central,34.0409,-118.2609
2024-10-01 06:43:00,"THEFT-GRAND ($950.01 & OVER)EXCPT,GUNS,FOWL,LIVESTK,PROD",Central,34.0502,-118.2575
2024-12-01 17:30:00,THEFT PLAIN - PETTY ($950 & UNDER),Central,34.0413,-118.2517
2024-12-09 17:08:00,SHOPLIFTING - PETTY THEFT ($950 & UNDER),Central,34.0483,-118.2631
2024-12-02 22:30:00,VANDALISM - MISDEAMEANOR ($399 OR UNDER),Central,34.0355,-118.2625
2024-11-30 09:00:00,"VANDALISM - FELONY ($400 & OVER, ALL CHURCH VANDALISMS)",Central,34.0477,-118.2394
2024-11-12 09:00:00,PICKPOCKET,Central,34.0659,-118.2339
2024-12-07 06:55:00,BURGLARY FROM VEHICLE,Central,34.0419,-118.2351
2024-12-09 21:00:00,VEHICLE - STOLEN,Central,34.0452,-118.2569
2024-12-10 10:15:00,THEFT OF IDENTITY,Central,34.0607,-118.2494
2024-11-28 21:30:00,THEFT OF IDENTITY,Central,34.0462,-118.2585
2024-12-09 11:25:00,VANDALISM - MISDEAMEANOR ($399 OR UNDER),Central,34.0455,-118.2379
2024-12-10 10:00:00,THEFT FROM MOTOR VEHICLE - PETTY ($950 & UNDER),Central,34.0599,-118.2379
2024-10-19 08:00:00,"EMBEZZLEMENT, GRAND THEFT ($950.01 & OVER)",Central,34.0479,-118.2612
2024-12-09 20:00:00,BURGLARY FROM VEHICLE,Central,34.0436,-118.2354
2024-10-26 22:00:00,PICKPOCKET,Central,34.0495,-118.2528
2024-12-08 17:10:00,THEFT PLAIN - PETTY ($950 & UNDER),Central,34.0495,-118.2494
2024-12-08 09:05:00,THEFT FROM MOTOR VEHICLE - PETTY ($950 & UNDER),Central,34.0459,-118.2579
2024-11-05 14:15:00,THEFT PLAIN - PETTY ($950 & UNDER),Central,34.0453,-118.2499
2024-12-06 07:15:00,THEFT PLAIN - PETTY ($950 & UNDER),Central,34.0495,-118.2494
2024-12-10 11:00:00,THEFT FROM MOTOR VEHICLE - PETTY ($950 & UNDER),Central,34.0517,-118.2474
2024-12-03 23:10:00,"THEFT-GRAND ($950.01 & OVER)EXCPT,GUNS,FOWL,LIVESTK,PROD",Central,34.046,-118.251
2024-12-09 22:00:00,VEHICLE - STOLEN,Central,34.0643,-118.2286
2024-12-10 18:50:00,"VANDALISM - FELONY ($400 & OVER, ALL CHURCH VANDALISMS)",Central,34.0413,-118.2694
2024-12-09 16:00:00,THEFT FROM MOTOR VEHICLE - PETTY ($950 & UNDER),Central,34.0408,-118.2644
2024-12-10 18:15:00,SHOPLIFTING - PETTY THEFT ($950 & UNDER),Central,34.0466,-118.252
2024-10-24 09:00:00,THEFT FROM MOTOR VEHICLE - GRAND ($950.01 AND OVER),Central,34.0445,-118.2523
2024-12-10 20:30:00,VANDALISM - MISDEAMEANOR ($399 OR UNDER),Central,34.042,-118.2712
2024-12-10 22:20:00,TRESPASSING,Central,34.0488,-118.2518
2024-12-10 13:50:00,TRESPASSING,Central,34.0488,-118.2518
2024-12-11 01:00:00,TRESPASSING,Central,34.0559,-118.232
2024-12-10 18:30:00,THEFT PLAIN - PETTY ($950 & UNDER),Central,34.064,-118.2375
2024-12-11 06:45:00,TRESPASSING,Central,34.0549,-118.2511
2024-10-20 20:15:00,THEFT FROM MOTOR VEHICLE - GRAND ($950.01 AND OVER),Central,34.0457,-118.2365
2024-12-10 20:05:00,BURGLARY FROM VEHICLE,Central,34.0463,-118.2402
2024-11-27 03:09:00,THEFT PLAIN - PETTY ($950 & UNDER),Central,34.0423,-118.2561
2024-12-10 08:45:00,THEFT PLAIN - PETTY ($950 & UNDER),Central,34.0549,-118.2426
2024-12-03 10:00:00,PICKPOCKET,Central,34.0498,-118.24
2024-12-10 02:55:00,BURGLARY FROM VEHICLE,Central,34.0446,-118.2507
2024-12-11 09:20:00,TRESPASSING,Central,34.0488,-118.2518
2024-12-05 15:50:00,THEFT PLAIN - PETTY ($950 & UNDER),Central,34.0561,-118.2375
2024-12-11 08:00:00,TRESPASSING,Central,34.0488,-118.2518
2024-12-11 07:15:00,TRESPASSING,Central,34.0488,-118.2518
2024-12-11 11:20:00,TRESPASSING,Central,34.0488,-118.2518
2024-12-11 10:10:00,BURGLARY FROM VEHICLE,Central,34.0462,-118.2585
2024-12-11 17:17:00,SHOPLIFTING - PETTY THEFT ($950 & UNDER),Central,34.0483,-118.2631
2024-12-09 20:00:00,"THEFT-GRAND ($950.01 & OVER)EXCPT,GUNS,FOWL,LIVESTK,PROD",Central,34.0459,-118.2545
2024-12-11 18:30:00,BURGLARY FROM VEHICLE,Central,34.0461,-118.2395
2024-12-11 19:00:00,BURGLARY FROM VEHICLE,Central,34.0463,-118.2402
2024-12-12 01:40:00,ROBBERY,Central,34.071,-118.2456
2024-12-11 18:30:00,VEHICLE - STOLEN,Central,34.0468,-118.2415
2024-12-11 09:30:00,VEHICLE - STOLEN,Central,34.0487,-118.2588
2024-12-11 08:00:00,VEHICLE - STOLEN,Central,34.0432,-118.2504
2024-12-11 22:30:00,"ASSAULT WITH DEADLY WEAPON, AGGRAVATED ASSAULT",Central,34.046,-118.251
2024-12-09 00:01:00,VEHICLE - STOLEN,Central,34.0467,-118.2485
2024-12-07 17:00:00,VEHICLE - STOLEN,Central,34.0593,-118.2368
2024-11-27 00:01:00,BURGLARY FROM VEHICLE,Central,34.0466,-118.2555
2024-12-12 03:35:00,"VANDALISM - FELONY ($400 & OVER, ALL CHURCH VANDALISMS)",Central,34.0481,-118.2507
2024-10-25 23:40:00,BURGLARY FROM VEHICLE,Central,34.0569,-118.254
2024-12-12 07:40:00,"VANDALISM - FELONY ($400 & OVER, ALL CHURCH VANDALISMS)",Central,34.0401,-118.2633
2024-12-12 01:10:00,"VANDALISM - FELONY ($400 & OVER, ALL CHURCH VANDALISMS)",Central,34.0495,-118.2494
2024-12-07 19:14:00,"THEFT-GRAND ($950.01 & OVER)EXCPT,GUNS,FOWL,LIVESTK,PROD",Central,34.0437,-118.2547
2024-12-11 18:09:00,"THEFT-GRAND ($950.01 & OVER)EXCPT,GUNS,FOWL,LIVESTK,PROD",Central,34.0561,-118.2375
2024-12-12 06:10:00,"VANDALISM - FELONY ($400 & OVER, ALL CHURCH VANDALISMS)",Central,34.0473,-118.2566
2024-12-08 18:43:00,THEFT PLAIN - PETTY ($950 & UNDER),Central,34.0437,-118.2547
2024-12-09 12:14:00,SHOPLIFTING-GRAND THEFT ($950.01 & OVER),Central,34.0437,-118.2547
2024-12-01 12:00:00,"THEFT-GRAND ($950.01 & OVER)EXCPT,GUNS,FOWL,LIVESTK,PROD",Central,34.057,-118.2508
2024-12-12 12:30:00,VEHICLE - STOLEN,Central,34.0459,-118.2352
2024-12-11 22:00:00,VEHICLE - STOLEN,Central,34.058,-118.241
2024-11-29 03:55:00,BURGLARY FROM VEHICLE,Central,34.0439,-118.2514
2024-11-26 17:21:00,THEFT PLAIN - PETTY ($950 & UNDER),Central,34.042,-118.2625
2024-12-10 20:30:00,BURGLARY FROM VEHICLE,Central,34.0452,-118.2569
2024-12-11 19:15:00,BURGLARY FROM VEHICLE,Central,34.0462,-118.2371
2024-12-11 20:30:00,BURGLARY FROM VEHICLE,Central,34.0425,-118.2493
2024-12-12 17:00:00,VANDALISM - MISDEAMEANOR ($399 OR UNDER),Central,34.0404,-118.233
2024-12-12 19:40:00,VANDALISM - MISDEAMEANOR ($399 OR UNDER),Central,34.0402,-118.2598
2024-11-29 21:10:00,"THEFT-GRAND ($950.01 & OVER)EXCPT,GUNS,FOWL,LIVESTK,PROD",Central,34.0559,-118.232
2024-12-12 19:50:00,BURGLARY FROM VEHICLE,Central,34.0468,-118.2415
2024-12-12 15:00:00,VEHICLE - STOLEN,Central,34.0736,-118.2312
2024-12-11 16:15:00,THEFT FROM MOTOR VEHICLE - GRAND ($950.01 AND OVER),Central,34.0409,-118.2574
2024-10-05 07:35:00,THEFT FROM MOTOR VEHICLE - GRAND ($950.01 AND OVER),Central,34.0409,-118.2609
2024-12-01 09:07:00,THEFT OF IDENTITY,Central,34.0437,-118.2455
2024-12-12 10:15:00,VEHICLE - STOLEN,Central,34.0444,-118.2628
2024-12-12 20:30:00,BURGLARY FROM VEHICLE,Central,34.0513,-118.2344
2024-12-13 13:10:00,THEFT PLAIN - PETTY ($950 & UNDER),Central,34.0473,-118.2566
2024-12-10 22:19:00,"VANDALISM - FELONY ($400 & OVER, ALL CHURCH VANDALISMS)",Central,34.0479,-118.2612
2024-11-24 15:30:00,THEFT PLAIN - PETTY ($950 & UNDER),Central,34.0467,-118.252
2024-12-13 20:35:00,BURGLARY FROM VEHICLE,Central,34.0435,-118.236
2024-12-13 20:30:00,BURGLARY FROM VEHICLE,Central,34.0473,-118.2425
2024-12-13 00:50:00,BURGLARY FROM VEHICLE,Central,34.0466,-118.259
2024-12-11 15:21:00,"VANDALISM - FELONY ($400 & OVER, ALL CHURCH VANDALISMS)",Central,34.0414,-118.2332
2024-12-13 06:40:00,TRESPASSING,Central,34.0635,-118.2357
2024-12-13 22:00:00,VEHICLE - STOLEN,Central,34.0627,-118.2463
2024-12-14 08:10:00,ROBBERY,Central,34.0419,-118.2443
2024-12-13 21:00:00,VEHICLE - STOLEN,Central,34.0453,-118.2499
2024-10-03 14:30:00,"VEHICLE, STOLEN - OTHER (MOTORIZED SCOOTERS, BIKES, ETC)",Central,34.0493,-118.2417
2024-12-13 15:00:00,THEFT FROM MOTOR VEHICLE - PETTY ($950 & UNDER),Central,34.0547,-118.2335
2024-12-12 07:00:00,"VANDALISM - FELONY ($400 & OVER, ALL CHURCH VANDALISMS)",Central,34.0626,-118.2445
2024-12-14 15:25:00,SHOPLIFTING - PETTY THEFT ($950 & UNDER),Central,34.0483,-118.2631
2024-11-28 17:15:00,BURGLARY FROM VEHICLE,Central,34.0452,-118.2569
2024-12-14 16:00:00,BURGLARY FROM VEHICLE,Central,34.0444,-118.2593
2024-12-12 16:00:00,BURGLARY FROM VEHICLE,Central,34.0473,-118.2566
2024-12-14 13:05:00,BURGLARY FROM VEHICLE,Central,34.044,-118.24
2024-11-01 06:30:00,"VANDALISM - FELONY ($400 & OVER, ALL CHURCH VANDALISMS)",Central,34.0502,-118.2575
2024-12-14 19:28:00,BURGLARY FROM VEHICLE,Central,34.0457,-118.2665
2024-12-15 07:00:00,VEHICLE - STOLEN,Central,34.0662,-118.2476
2024-12-14 22:00:00,VEHICLE - STOLEN,Central,34.0378,-118.2561
2024-12-13 17:00:00,VEHICLE - STOLEN,Central,34.0449,-118.2415
2024-12-14 23:45:00,BURGLARY FROM VEHICLE,Central,34.0599,-118.2379
2024-12-14 19:00:00,BURGLARY FROM VEHICLE,Central,34.0414,-118.2332
2024-12-14 10:00:00,BURGLARY FROM VEHICLE,Central,34.0495,-118.2459
2024-12-15 12:30:00,VEHICLE - STOLEN,Central,34.0454,-118.2333
2024-12-15 09:50:00,TRESPASSING,Central,34.0488,-118.2518
2024-12-15 07:45:00,TRESPASSING,Central,34.0488,-118.2518
2024-12-15 07:10:00,TRESPASSING,Central,34.0488,-118.2518
2024-12-15 07:35:00,TRESPASSING,Central,34.0488,-118.2518
2024-12-15 09:40:00,TRESPASSING,Central,34.0488,-118.2518
2024-12-15 08:50:00,TRESPASSING,Central,34.0488,-118.2518
2024-12-12 11:39:00,THEFT PLAIN - PETTY ($950 & UNDER),Central,34.0459,-118.2352
2024-12-15 13:00:00,THEFT PLAIN - PETTY ($950 & UNDER),Central,34.0535,-118.256
2024-12-14 20:30:00,"VANDALISM - FELONY ($400 & OVER, ALL CHURCH VANDALISMS)",Central,34.0425,-118.2493
