{"type":"FeatureCollection","features":[{"type":"Feature","id":"KA-01","properties":{"district_id":"KA-01","district_name":"Bagalkote","source_name":"Bagalkote","center":[75.64581789318272,16.14368759411544]},"geometry":{"type":"Polygon","coordinates":[[[75.42205434977897,16.767593587339],[75.41306559504368,16.76647566269907],[75.40769159992622,16.761459855701844],[75.39238590019782,16.759571120411966],[75.38435351976179,16.763421710845297],[75.36617673162178,16.760133076109827],[75.36264528356001,16.714364494921362],[75.31857686063566,16.718576589861915],[75.2878916367305,16.71509562041006],[75.26456136112924,16.691621392633067],[75.26268802341889,16.680690912366448],[75.2682467031756,16.640961036764658],[75.26147737828353,16.620422174676076],[75.25532061638032,16.618981859382696],[75.2588515236563,16.60773358757543],[75.25228358398294,16.60512724069054],[75.22133330586497,16.616932182582847],[75.16874646632519,16.59868215460973],[75.15718011625633,16.584989413041253],[75.15695279577706,16.569044636180017],[75.1659108964016,16.547708091006022],[75.16198298856729,16.53451552134696],[75.15478731066496,16.52838081118468],[75.13558753006258,16.524614220332968],[75.12135370462273,16.50861968023953],[75.11043192541467,16.506960875394288],[75.09022616374642,16.538197402973807],[75.08441309008442,16.559255795189426],[75.07128404961193,16.56759329890448],[75.06675318537238,16.53938018836819],[75.00759649993415,16.53840574914892],[74.98851157073747,16.500956152944052],[74.9862696973852,16.469461712424234],[74.98653303222254,16.463086299388483],[74.99131832540166,16.462848812365376],[74.98839591983116,16.45355178239406],[75.01679963312044,16.45843565972886],[75.01772785691365,16.439775682107364],[75.02323339413478,16.44038394913419],[75.02796081874162,16.43364496580726],[75.07782455473651,16.43779241386299],[75.07296016399827,16.404387511159364],[75.04939779157537,16.399821087917633],[75.04850043299702,16.396422994726105],[75.03963425877214,16.398018951151364],[75.03506169743203,16.3867709427159],[75.03459800774364,16.33800912098044],[75.04319789167391,16.318231503929926],[75.05590147655307,16.330417604316683],[75.06509735674176,16.32670646040111],[75.0762090460891,16.33164799526393],[75.09626550326558,16.3248654599476],[75.1296182303895,16.330859085599858],[75.14864706877982,16.315351099261605],[75.15940934582099,16.320830463971646],[75.16010961043273,16.311274040721496],[75.14809149131932,16.282448546882435],[75.20316774037785,16.272830069108032],[75.23408595672498,16.25947400285839],[75.23222408061936,16.250238644623277],[75.2383984018914,16.25097264057218],[75.2296241684392,16.233363800998664],[75.23231040961649,16.21006129039174],[75.24908951709074,16.20464249640855],[75.2687876264189,16.208021053327922],[75.280739782241,16.199722069600682],[75.28587816183584,16.20124698331634],[75.28885632314108,16.19201275208484],[75.28434219810853,16.176356149843862],[75.29233411842421,16.172743212065715],[75.27580500670364,16.120281792950685],[75.32777013840499,16.1153345193929],[75.35436456566028,16.128605138394654],[75.35535239626583,16.115316570387513],[75.40457575563401,16.11386560135127],[75.40691930929331,16.126236738270954],[75.4118772838229,16.13063015937565],[75.41592961191735,16.11575709640174],[75.43893109514147,16.115476101415055],[75.43575650821619,16.096580914688207],[75.42787106970273,16.092941081945035],[75.43117363870823,16.069254700675426],[75.44522556608277,16.06925066772952],[75.44489762441022,16.052862369076006],[75.42798704579917,16.05262755912033],[75.4194134869983,16.056632743057758],[75.41540810935217,16.052422298414708],[75.41646033658718,16.032807511758296],[75.4233332228585,16.032901043648295],[75.42606546496482,16.009350238414758],[75.43784254362963,16.00302423269393],[75.43162984722694,15.975412086607687],[75.43236189692838,15.96999874967188],[75.43960499779288,15.966463464618947],[75.424872725948,15.921372806093563],[75.44152838963085,15.9185716233798],[75.43794422932655,15.893589913688652],[75.44661899322564,15.893072255821988],[75.44327012594873,15.889169317423022],[75.44790992528951,15.886149523710928],[75.4614451264413,15.886750265589562],[75.45977093804291,15.880122282214247],[75.46542059108674,15.88136267099074],[75.46561496764963,15.877237125683303],[75.47566598290335,15.87630662437566],[75.4740492363775,15.873320583301684],[75.47882405070885,15.871072727077161],[75.48022786417302,15.877664531814776],[75.4978440856094,15.872287615964083],[75.50519762176168,15.861785617372014],[75.50233108601195,15.858316341395142],[75.50699395229259,15.855507605580945],[75.50784610135766,15.860183912389695],[75.51963130079261,15.85770613895036],[75.52056685214359,15.852862870420681],[75.512339714259,15.851327591377094],[75.52231801987362,15.840080434586175],[75.53142840470174,15.84203359403859],[75.5298876242079,15.834873064144906],[75.53899259488982,15.833131608210177],[75.54695806521029,15.83644893021289],[75.55640269069775,15.832515067377383],[75.55061442491062,15.827896791375231],[75.55212829457352,15.824841845662878],[75.5630225035872,15.830405290764597],[75.56645770075957,15.838333611856184],[75.57127763656933,15.833742137299705],[75.56596203913188,15.82963828205645],[75.57672714317124,15.830577183878196],[75.57686944260044,15.824777542310493],[75.58710527185086,15.833329273017913],[75.60000132616955,15.826812244060472],[75.60897728799691,15.83060676782862],[75.60541488668538,15.827130055759126],[75.6165642603589,15.821178993787424],[75.6177378149545,15.835590295345607],[75.63087193360326,15.833884587570477],[75.63121259362362,15.830809924781095],[75.6370291213079,15.84085018637246],[75.64242847856077,15.841336007346468],[75.64280526343197,15.831964707197097],[75.65680959985939,15.826580104400914],[75.6615603366462,15.828743694735962],[75.66268717255882,15.83780107032854],[75.67214681697956,15.836260463760407],[75.67604307087821,15.821115115362474],[75.68020001587229,15.821843404612984],[75.68319904414331,15.830155540165366],[75.69669117556876,15.824643325568875],[75.70855084264585,15.829198355761534],[75.72192225397187,15.8179163041138],[75.74479298471147,15.81276303608537],[75.7795973417238,15.817164032767158],[75.7774324737543,15.827278263196455],[75.77439308777086,15.827289125198032],[75.77667028198181,15.84897182100777],[75.78027531284513,15.852710475078151],[75.79763088720352,15.84780668628871],[75.79992488530016,15.857651630591025],[75.80909334261817,15.854688814376146],[75.80606207470997,15.848593740358034],[75.82074249489833,15.849781782933578],[75.82098653033009,15.845477868372797],[75.82948958395757,15.839849983272266],[75.84703173031562,15.838810625678676],[75.84873421564545,15.871934677590069],[75.84006186462123,15.871819211371252],[75.83822171427074,15.864965178106349],[75.82800608992773,15.866522938078415],[75.83523430570796,15.88230131482122],[75.82971386094468,15.886769993387505],[75.82733129794417,15.900352211834326],[75.81187028309641,15.899922350155101],[75.81033223797257,15.893699639277267],[75.77906915299799,15.897402609752316],[75.77354913313783,15.90241223417714],[75.77886031176241,15.907496159215945],[75.77615504516577,15.91825403534677],[75.78852185703482,15.925021009947562],[75.8365149089427,15.92564630687144],[75.83952627737074,15.930936489578622],[75.85319494841077,15.935570426274875],[75.87816975542965,15.931705984764905],[75.8914989387508,15.916257118303083],[75.90278305342872,15.91819475063669],[75.90168569842712,15.92353282171532],[75.91403724702118,15.912412044223931],[75.92706872955549,15.895014161017764],[75.92828790419445,15.875636803272265],[75.9414984622874,15.874495133992678],[75.94441464343129,15.866925266884348],[75.96342289423195,15.865454290251105],[75.96634432872364,15.859194819206868],[75.97430430315116,15.861780800817954],[75.97904355497705,15.873325910240244],[75.97529382079283,15.8966923770771],[75.97765479368378,15.95152124374856],[75.97432351542014,15.952422107180848],[75.97360331180234,15.986333173709175],[75.98706415670311,15.995945556118503],[75.98964021322256,16.005241041569704],[76.01214468644777,16.0021302451714],[76.02160695305079,16.009184503692424],[76.05212312210432,16.00327763439742],[76.05659762065306,16.00561066390368],[76.05663278430654,16.011814536097432],[76.07878176363108,16.010785963581515],[76.08446109970686,15.99614784307794],[76.07259226442399,15.965247238161114],[76.05815219926966,15.907411040273093],[76.07058786161535,15.902652227833672],[76.10116670343133,15.900552660027547],[76.10301187805919,15.893906151414495],[76.11723409007902,15.886343457626523],[76.1253577600092,15.893668180254455],[76.14524302883522,15.895312277389039],[76.16052425665863,15.921224085616023],[76.17201227273641,15.924674281804712],[76.17233131390111,15.931596488967308],[76.19965590529411,15.935118161384255],[76.2003781965966,15.943806970613064],[76.22655290759499,15.940868642195207],[76.22993920677148,15.923217970419586],[76.2568867985959,15.922769944250055],[76.26207503558732,15.906666740635108],[76.27157299674818,15.904979428592208],[76.27596861602842,15.910467019010573],[76.27609809290526,15.903811339140749],[76.28463857573738,15.902744352713324],[76.28528483093929,15.928956358320866],[76.30180129887225,15.930625637263994],[76.3023316408598,15.923586056203488],[76.31204955811123,15.922617803098435],[76.3132381460131,15.929391424608552],[76.32849376376612,15.932260180693552],[76.32268720378822,15.955967166716134],[76.3094367748697,15.95724203001946],[76.29802786982579,15.989531537593471],[76.29790726920226,15.999051835882579],[76.3118923161056,16.00010938191987],[76.30292165703335,16.038218403572564],[76.30585641623567,16.063369503708575],[76.30319952122208,16.07345361939621],[76.25881160078886,16.0739897250101],[76.25670625159682,16.085804432744833],[76.25813823982156,16.090450301780344],[76.29381306075096,16.088393187590285],[76.32795705002825,16.077518464930964],[76.33227592443717,16.09194724162603],[76.26779899098327,16.109712471963537],[76.26184237462367,16.09681375839601],[76.25546257001858,16.097067779602384],[76.25418153828743,16.11023005298856],[76.2441318749982,16.113676343062384],[76.24647748040962,16.128106836409465],[76.23416173776445,16.13071141466497],[76.2386834023572,16.16672530259166],[76.16469459643194,16.186031053592362],[76.13923917187145,16.18110443064914],[76.12065281125074,16.191207724605924],[76.06312778706703,16.21047797007531],[76.05785611006046,16.227673309318046],[76.06802335024395,16.243743660958394],[76.06530946970204,16.262074638761803],[76.05866401440281,16.271321663281068],[76.03243605396932,16.289412032217882],[76.02640936183107,16.300673456605473],[76.00945669625064,16.30452782075209],[75.99219195683885,16.29960051997923],[75.95602148236662,16.297199744076693],[75.93044938731197,16.315769027303094],[75.89122233759336,16.327012297849702],[75.8732680603526,16.34469747476076],[75.84047742976323,16.349045348572066],[75.81029088582513,16.37029206615182],[75.78918625191726,16.374057081233094],[75.77318417458736,16.38321740009402],[75.72080781391188,16.390994426925154],[75.67781491872438,16.424191458311814],[75.63276562264636,16.444317336756548],[75.59942506140634,16.446515884581064],[75.58398224373131,16.43255630668729],[75.57509237374583,16.41278221322429],[75.56733569076206,16.412540689604473],[75.55595984282226,16.426683839936704],[75.55219400723486,16.455924828754178],[75.53631644808142,16.466242783923672],[75.49905705109315,16.45357024840515],[75.49562097267349,16.446692786073548],[75.4984671112764,16.430714580613497],[75.48851643514494,16.41854332832675],[75.47905412362616,16.415945557786284],[75.4648942861281,16.418342047392905],[75.45659193410138,16.41239022879621],[75.44763738361884,16.414029084352318],[75.43371974809106,16.429345746788083],[75.43234545506374,16.436607012970534],[75.4632240125877,16.473791084632303],[75.45550049181095,16.50669303597082],[75.48586756927341,16.508598016361084],[75.49073383389734,16.526024230572077],[75.48835612629092,16.555100610349818],[75.47224277285015,16.563364255662993],[75.48386797514652,16.573103650938293],[75.49361085029149,16.593154776323974],[75.4849171912287,16.606433930808617],[75.46205253310045,16.62255642838353],[75.45494132198762,16.663855449600355],[75.44721246701474,16.665100689811034],[75.4378012642457,16.697851351361084],[75.46259748977934,16.699912015407612],[75.48829939588413,16.694487004745653],[75.49200920264893,16.744193753637536],[75.47696308818988,16.74731906337656],[75.46528805275143,16.75491826822589],[75.44275160309537,16.757270099415024],[75.42205434977897,16.767593587339]]]}},{"type":"Feature","id":"KA-02","properties":{"district_id":"KA-02","district_name":"Ballari","source_name":"Ballari","center":[76.78904413486484,15.23187945386416]},"geometry":{"type":"Polygon","coordinates":[[[77.0358400482207,15.829566175199338],[77.02518548996188,15.837509233836967],[77.01597991964621,15.822164333804636],[76.99875840986084,15.811192924162466],[76.96699214076637,15.774273670825176],[76.94404001637385,15.763288197345057],[76.92227029318582,15.728095737628301],[76.91687675432105,15.699661413883797],[76.9067813802586,15.690345662172382],[76.88941575375217,15.68485259659055],[76.88086147369562,15.671315162201115],[76.8615963038254,15.653886305395323],[76.85762415575996,15.642395119575598],[76.8342970727712,15.627783023010837],[76.83500181458633,15.565944817762379],[76.8105661305869,15.54716928136688],[76.80785190688854,15.524276931791775],[76.81255213859345,15.516890395117045],[76.81078717274067,15.512827642963705],[76.78011763791193,15.492846476003324],[76.72645797815755,15.492570283417027],[76.70899123638442,15.488546668695214],[76.68392649093764,15.471749475080088],[76.66599317408743,15.449837582148549],[76.612271751564,15.442827175247814],[76.5960666100641,15.425428375630856],[76.59232806709167,15.413023985079427],[76.5717984223393,15.40126652757717],[76.55497132686256,15.39665705519589],[76.54065992920303,15.381137359670637],[76.55765706588157,15.366290938661605],[76.54980767316722,15.347253539161258],[76.55290137398767,15.32020800574348],[76.57906441137892,15.31081870520526],[76.58136104962422,15.306777468398309],[76.59091487341932,15.306632347734107],[76.58900558423299,15.298029643729123],[76.5821391469671,15.294943492330571],[76.5767187341023,15.260813578124514],[76.58137327839016,15.252955814052612],[76.60645787840137,15.263320361211933],[76.60470408938733,15.244617167652347],[76.5990703940162,15.240219929992122],[76.60243152239842,15.220055794717446],[76.61348293928178,15.225726132904404],[76.61548947379256,15.22212273857925],[76.60365736433344,15.195512065286048],[76.5737608055522,15.193405551002765],[76.55542441643061,15.202198424747477],[76.55000220513863,15.191794401090581],[76.53491361384135,15.199000580632175],[76.51811010542902,15.1815416483464],[76.50949975702403,15.18592500338265],[76.49974484804748,15.181735290069602],[76.4804178677975,15.2096607340423],[76.44826566988056,15.220644553186672],[76.43188286677031,15.232939923622125],[76.42768278108296,15.22399837461236],[76.4313435586979,15.217133589204657],[76.42322993193261,15.207126359928735],[76.40916032211996,15.19378496085745],[76.39586141561718,15.193393279804035],[76.4401521580996,15.137185794374613],[76.45957478916442,15.09169829688974],[76.47995901284193,15.070496971374826],[76.46117378857352,15.04249718742989],[76.45166339472912,15.038655017240533],[76.42199911692417,15.045960513371101],[76.40984192423171,15.06184157897719],[76.39239886204948,15.06471272638178],[76.39254681278015,15.053677893395982],[76.40392831381801,15.037815863322324],[76.40486174155166,15.02939277324066],[76.39382295587951,15.022498034017023],[76.3786842987765,15.022489548746343],[76.3791304955714,15.011481750044586],[76.37152768231769,14.996923903006003],[76.36144959184128,14.995901315235368],[76.36595690584737,14.992309162700083],[76.36314011340816,14.985584983691483],[76.37606331571307,14.982363560271489],[76.37469213804319,14.95733844172151],[76.3940095647101,14.958512807849088],[76.39411151900327,14.954979119295409],[76.40785512211444,14.951019248392791],[76.39799490273887,14.933089617420585],[76.42589822836374,14.930762821862604],[76.4345251363127,14.935175743666067],[76.46185814222494,14.924977375146232],[76.46992226463159,14.926998702257924],[76.45297899902228,14.917583224325766],[76.45297197689175,14.910719102205515],[76.46062745926886,14.891669593834914],[76.45912353126121,14.88391137321683],[76.46517949769797,14.876340077717945],[76.47072027403107,14.881841841900055],[76.47534318863777,14.881144053859662],[76.4750957333197,14.868446200012404],[76.48187462437127,14.859396527354969],[76.49565082375081,14.860953396713288],[76.49954399822468,14.868445514973022],[76.51768939563537,14.873095763918844],[76.52353133037086,14.869555745617943],[76.53338937492512,14.871963962248147],[76.5303258790578,14.875695234325168],[76.53850781281898,14.87609172385808],[76.54171631204456,14.881511069786189],[76.56499968211324,14.880343648784452],[76.57000281764714,14.86563159972803],[76.58692036269318,14.858789221021183],[76.59269897967584,14.86405008916199],[76.59485691804126,14.881610608897763],[76.63310142643472,14.883452016004794],[76.63778553427859,14.892588913806037],[76.64831520784831,14.8966325586503],[76.67753352870858,14.894444994922138],[76.67733483663908,14.91121998940251],[76.66527647120431,14.915831457976534],[76.65978728421965,14.941752520972077],[76.67931177705114,14.938843352006074],[76.69707151962554,14.927613871373246],[76.7067812631062,14.93095464500395],[76.7059952605888,14.942297220622061],[76.71279843579742,14.939456996933261],[76.7166825732195,14.94757592732343],[76.71712331185074,14.96823595062687],[76.71139944987958,14.975680563794487],[76.68871579599285,14.978575298063912],[76.67761807904142,15.009503480231482],[76.67273242158718,15.012907170733055],[76.6725944807837,15.020562105568464],[76.68808316014896,15.025009660179814],[76.68595664395389,15.018783265667041],[76.70158248707988,15.016076546760516],[76.70370398259081,15.033373962354537],[76.71725909400256,15.035999059676277],[76.73010500256545,15.03281696584172],[76.73609362679694,15.022895348196444],[76.72814617757942,15.00984400469104],[76.72749778708207,14.997350990112233],[76.73405624144434,14.985450000293127],[76.75075596210199,14.983172543411463],[76.76056909628197,14.989857617704205],[76.77237608255754,14.990835295688626],[76.7787373414436,15.00456424060895],[76.7871182852779,15.007929775739793],[76.79013024659402,15.020714739388463],[76.78342998328267,15.042614658339106],[76.78034705416076,15.042685644195918],[76.77360595074167,15.059122018080657],[76.77524110464599,15.072254392727421],[76.77988996798801,15.076038750294705],[76.77669378466501,15.07840063126204],[76.78214531337464,15.077328965011304],[76.78602425404281,15.087814601347967],[76.79234984711717,15.087568529212014],[76.80023501344105,15.095832062418102],[76.81161486157883,15.086382060202922],[76.82376515700653,15.080013596284937],[76.8360158786931,15.079234455668542],[76.86086725359868,15.059788123890193],[76.86588508467227,15.05968456788538],[76.865187798874,15.055224267077385],[76.87784156857742,15.035458629172071],[76.87716273058186,15.030207564721845],[76.89497678889157,15.037071324309064],[76.90721964043796,15.032519514022907],[76.91836590773721,15.035523045631837],[76.92222451863222,15.031283530926256],[76.94960255978458,15.030372869629094],[76.96591854440739,15.018039337872857],[76.98522220169762,15.015188754166994],[76.9860330228697,15.026486348064617],[77.00407818176943,15.033832918725883],[77.04956248971871,15.033076094010383],[77.05043046709906,15.024472512628476],[77.04411746840502,15.009842723148386],[77.07203764642462,15.004586939310377],[77.08245132144002,15.006080550214921],[77.08474759586758,15.030708690619722],[77.09085290766122,15.029331547649337],[77.09365557858413,15.03613742759246],[77.11292918902475,15.034056399914231],[77.12821293392763,15.072313403627824],[77.13011985156163,15.100768506625005],[77.14208300366111,15.10456844885878],[77.15632762774896,15.122931569228337],[77.15727893914328,15.140468984264023],[77.13794963584996,15.143466598692896],[77.13472114371942,15.148292789367657],[77.1407557823547,15.158586314348677],[77.16283156335666,15.15735947161279],[77.16486653044451,15.16820425539365],[77.16913361158737,15.171348618305947],[77.16588445640869,15.189352047863],[77.154817760979,15.214821428926703],[77.1453994848754,15.225102518721767],[77.12512039642547,15.226939321683046],[77.12627102332004,15.240016821904634],[77.13621781064464,15.240959357394521],[77.14377745176411,15.257213649303154],[77.1676716681412,15.258495636430412],[77.16693103144392,15.268584178703858],[77.14713552317941,15.27292142928873],[77.15194417794586,15.275684131095542],[77.15157756020704,15.292434960732326],[77.1183751939937,15.294850565642664],[77.11701202660119,15.325742095003037],[77.11258762799417,15.327431509842873],[77.11310098283971,15.333678202756419],[77.07438908459719,15.325888121629857],[77.0637273236464,15.328018269878818],[77.06489642619145,15.343552061397643],[77.04474331927358,15.355690599643998],[77.041828914099,15.36192224118238],[77.0472484106822,15.390021922942534],[77.02922859684993,15.404360258822633],[77.03352799308851,15.432889192745028],[77.01077068902663,15.448742079368904],[76.99730149159033,15.478006459684787],[76.97709868987094,15.489764805334357],[76.97383655762965,15.499526525316744],[76.9745308044273,15.510506497868349],[77.0147917710205,15.501827211591387],[77.03003982406051,15.502647875597479],[77.03131519460872,15.544075334418386],[77.02623895327869,15.58173587391582],[77.03291318431145,15.604982676287806],[77.03043236717843,15.634492664588906],[77.07172510097772,15.646653236021473],[77.08318943027805,15.659145353326085],[77.10136051142102,15.648502556924106],[77.10624903989097,15.63744158029167],[77.12142316876958,15.631084866206479],[77.12830074334836,15.662462225952414],[77.12888367540758,15.665864694246627],[77.12013895340908,15.667608740176966],[77.12137231064978,15.671089139715582],[77.10922883702833,15.681462094598878],[77.0786939075584,15.695144031771719],[77.08740749664409,15.715488451332373],[77.07886582623918,15.7162548843796],[77.07968872256528,15.727510814403521],[77.04909800142802,15.730258168953574],[77.0493833836174,15.740040950110885],[77.04594479620314,15.740355933937037],[77.04799134077838,15.756216940813989],[77.05430892267701,15.756173990244474],[77.05645752036007,15.762826064006171],[77.05105830144775,15.764518663391865],[77.05231152493096,15.769873549003092],[77.05695003339271,15.768704835296978],[77.06094305381377,15.786256137768362],[77.06717242204981,15.787735582251942],[77.06711660792459,15.802691916895457],[77.06373292284555,15.803187933954312],[77.06547087995104,15.827349012255882],[77.0425576463221,15.828836802345016],[77.04069365737891,15.832744504669622],[77.0358400482207,15.829566175199338]]]}},{"type":"Feature","id":"KA-03","properties":{"district_id":"KA-03","district_name":"Belagavi","source_name":"Belagavi","center":[74.72680724315727,16.153437566229133]},"geometry":{"type":"MultiPolygon","coordinates":[[[[74.29129679687425,15.832165886272675],[74.26171185558024,15.829674033420572],[74.26896455584188,15.816592522753607],[74.2664748013701,15.79779548834652],[74.28543814359305,15.787941759335444],[74.28982352387573,15.78772873512184],[74.29329848856736,15.795273416377858],[74.30233999686774,15.787459800311844],[74.31341432797736,15.796432266356899],[74.3033677710624,15.8066647412603],[74.29129679687425,15.832165886272675]]],[[[75.31987522715684,16.956699740872125],[75.2796026561268,16.956556359301278],[75.27938271440925,16.923328330189037],[75.28290142975021,16.909716321173672],[75.28993556541164,16.904025804746087],[75.28202992468576,16.88029047682664],[75.26471971794415,16.862799814932274],[75.23766094163702,16.867940852376634],[75.22763972170463,16.843175504727178],[75.21420223839114,16.841699215715646],[75.18184748924226,16.843402317687886],[75.18898739973176,16.875280256580748],[75.17657597662735,16.867707027310022],[75.15555354755116,16.868555718205943],[75.13648321238458,16.87448789779148],[75.13245907162714,16.889422629303528],[75.13484248263727,16.894703917651842],[75.12032278812123,16.902530452854215],[75.11748241400754,16.91344466870107],[75.09630858556828,16.91374326513593],[75.08933370008806,16.95158216022143],[75.07435231822838,16.950015409372956],[75.06203577159106,16.941521479786953],[75.04453926144605,16.941729556311845],[75.03576661531694,16.932840066290442],[75.02643459814189,16.931924994382346],[75.02523483968947,16.928002337168696],[75.02658570285753,16.944136297802455],[75.00449574733872,16.9462698205801],[74.9929089282578,16.952070430139887],[74.96435506426376,16.947633234121067],[74.96751294881295,16.9416075769789],[74.96015563973648,16.937255693589933],[74.96454438241325,16.92677634698965],[74.95041761729068,16.932947073349382],[74.9476029754183,16.939348809160418],[74.93170715800673,16.944755209153517],[74.92316465037196,16.93930655795049],[74.92177566090659,16.929861659830507],[74.93421549143522,16.924228372417257],[74.93265599005086,16.918905677763327],[74.9443547769454,16.910836815804455],[74.95485771395728,16.910169848907472],[74.9553499098846,16.905343065904198],[74.96357855424397,16.909711326758757],[74.96036076733665,16.880947234093426],[74.9443821261542,16.88270075042176],[74.93592363076144,16.879236355573063],[74.93522135482176,16.87106513739241],[74.92554829314744,16.872029847619682],[74.92649718987026,16.86353829634372],[74.90151566255474,16.862550215917285],[74.91029305628011,16.835141646757123],[74.91081672827667,16.789542335634643],[74.92014360888491,16.77249920181358],[74.86935895779,16.774065899703533],[74.86568192605833,16.76336027015221],[74.8498204350704,16.772755603250772],[74.84451276167206,16.761815453947047],[74.79874427976748,16.75365527215971],[74.79574934242432,16.747746934613136],[74.77196958488915,16.750682255287796],[74.752764368581,16.730857300349633],[74.73209174527307,16.71832401712458],[74.69101948768889,16.715541550605646],[74.68772503765692,16.70860368404267],[74.68939867359144,16.686464136126574],[74.68082499800954,16.685891744116166],[74.68108571605447,16.680909110937467],[74.68886269737042,16.6815417810915],[74.6895503460423,16.677025660971395],[74.6790233359774,16.6730953880649],[74.67950476918931,16.66617048525652],[74.66516393373793,16.665671519266507],[74.65347815175373,16.63882945115318],[74.65905021640819,16.63166768629352],[74.66980519823093,16.62939989313872],[74.68757250641663,16.617885360340768],[74.6898601866619,16.61314283414768],[74.68698181920156,16.606788009762692],[74.67383088678562,16.60920187484091],[74.65998711523208,16.60289910817458],[74.64001367496428,16.610453804022832],[74.6333533121229,16.600358832383908],[74.63585717283962,16.58391468797822],[74.62863325280307,16.57773193114323],[74.61879852402195,16.584071984804538],[74.61708349012595,16.57586542279155],[74.60951537968998,16.569591308909857],[74.5989605299361,16.56431030697539],[74.587877678306,16.56610226679955],[74.58464188916042,16.559125265625894],[74.57459513641274,16.558942194991463],[74.57381409798559,16.553912958091413],[74.56853673913481,16.553868713972584],[74.55484612584564,16.564511925222696],[74.55601638182749,16.57356497214661],[74.56689424779124,16.58538858885898],[74.55877328717996,16.594653228129662],[74.54349270344859,16.59531858282868],[74.5444889961841,16.635468675083548],[74.48903382785727,16.630144836371933],[74.47671762886795,16.644469797698886],[74.47171220173178,16.664054766272383],[74.46874253130258,16.663802980326494],[74.45639789434631,16.6550463731664],[74.45834511579385,16.648681670036673],[74.45478238480064,16.647295478943292],[74.46580905399621,16.624721026148855],[74.46671146020816,16.606822362656324],[74.43543814521908,16.601059951164903],[74.4263386380907,16.595739832075946],[74.42214530683601,16.584511531387687],[74.39662592671887,16.58326751757099],[74.3929068951544,16.56488346818608],[74.38690211831582,16.55993822471611],[74.38714988534927,16.536197160946184],[74.37983256028613,16.528592264813614],[74.35792549097937,16.538342023948825],[74.35610844799292,16.549755364101806],[74.35908128228853,16.555751594402434],[74.35624656127293,16.55974732699502],[74.35512088688196,16.555063156955597],[74.34571518898899,16.555000442136553],[74.3396905036871,16.547757413640106],[74.3251729768058,16.556297490280382],[74.31571340694526,16.55445467777449],[74.3151227727308,16.50459750399459],[74.30614264990704,16.503692898837283],[74.3013713515817,16.529269534067115],[74.29159581818459,16.53388235731226],[74.28313833070156,16.52458927961048],[74.28108899236581,16.541097664079462],[74.27712575918125,16.545248937240867],[74.27054415703073,16.54796389466189],[74.26444253821124,16.54044410396377],[74.26954920817488,16.52247745359052],[74.27610271731149,16.521308246092236],[74.27821623308778,16.504914507639054],[74.24737277543689,16.496913201228566],[74.25663163830677,16.48953739168376],[74.26077014807463,16.480096596042504],[74.2743815083962,16.48562654312027],[74.27966056685949,16.504825265686094],[74.29089500739715,16.50490207562673],[74.28927516797178,16.462970504353017],[74.29704725975765,16.464536941802358],[74.31245628011675,16.453235323591223],[74.33259155906948,16.454758760051305],[74.32971151804776,16.447199021361342],[74.33623391942446,16.44567103421632],[74.33269405055519,16.4368506460472],[74.33673605431208,16.428806656341294],[74.32885332332087,16.419047647351494],[74.33505434431981,16.40140737942352],[74.34480400803338,16.40553208702752],[74.36369431003725,16.405091321051387],[74.36290629439526,16.395523797859358],[74.3535762741751,16.381877721064598],[74.3534099070828,16.36641874259589],[74.34729721832406,16.36831581240298],[74.33586938038718,16.39374156840729],[74.32749298202825,16.391499211189945],[74.32484066213445,16.378288178001814],[74.31719263487584,16.381003744615466],[74.32476747279496,16.35993605218723],[74.31763966081576,16.353052774623745],[74.32703463282421,16.342509468737273],[74.31532027183759,16.34007997135932],[74.32250484207142,16.334368591687436],[74.31660662968004,16.326561547303772],[74.3287450323117,16.323747471345428],[74.33129348360247,16.32066656702205],[74.32515649361868,16.313682023241263],[74.33321814655656,16.313451219313734],[74.33191700334285,16.30525241931336],[74.33590753363394,16.30709217734631],[74.34254818833632,16.298027338242182],[74.34201301970074,16.291177231357835],[74.33472197305457,16.289605649609992],[74.32796063688033,16.293246115572835],[74.32577543195113,16.285586686299002],[74.3208257425834,16.284475452748513],[74.32493375903891,16.271756260952937],[74.33414970040451,16.268798858339498],[74.33332715442134,16.275971573625572],[74.33843433013647,16.271404381776186],[74.3433495412653,16.273088435109972],[74.34378440042296,16.2780768057021],[74.35046026459287,16.275366735710428],[74.35363076328531,16.283092997768403],[74.34301430886588,16.290660033622284],[74.34559691590037,16.293762513229233],[74.3547782873989,16.292640891183723],[74.36252854832674,16.286719852192793],[74.37300880557267,16.261635701742758],[74.38063593442448,16.261968006992834],[74.3826079062547,16.277358005735852],[74.41051441640727,16.283096846133493],[74.41594978442494,16.280100219602815],[74.41761072267288,16.25800065331378],[74.43577145432546,16.258834634100484],[74.43555166082997,16.251146675770094],[74.45483491019361,16.253392966333195],[74.45609403740485,16.243864638332624],[74.46862054996849,16.24018543135764],[74.48047951366472,16.2501256572443],[74.49034696986824,16.23488926937274],[74.49521338720575,16.23490472439718],[74.50310188358443,16.225405694696835],[74.49592596412678,16.214300565886823],[74.50799522432932,16.20225830657306],[74.50623958209088,16.190243723587542],[74.4937864520045,16.186448562205758],[74.48955220967513,16.17741599377173],[74.48836737583281,16.157262309314273],[74.47983240326663,16.14712507099935],[74.48510544391584,16.142303527685712],[74.49123112141527,16.104305110398418],[74.48155538006641,16.08888952040783],[74.4727275594126,16.09060396802143],[74.45868127705128,16.103794950095057],[74.44289738972408,16.10533889338663],[74.4276192853429,16.11196505060503],[74.4099719291971,16.10212035228053],[74.40695641234906,16.093508156057066],[74.39003517792214,16.08946247018187],[74.39085889261347,16.080484903389966],[74.38362449193252,16.08292530260304],[74.38172680718301,16.079303618178876],[74.37221852437955,16.078210303584505],[74.37151489288212,16.068244275980362],[74.36132818890137,16.05383589487162],[74.37733522582997,16.055120486962295],[74.36904879105177,16.03921993105536],[74.3734010980606,16.03644348386875],[74.38099126393344,16.035483276785605],[74.40208560224981,16.046112664864744],[74.4055184269715,16.051836048239895],[74.42969441341216,16.059151456393458],[74.44284874325649,16.052806202735916],[74.45011989311743,16.05401023221442],[74.4571383918047,16.048226459096686],[74.46221351742712,16.049837598200007],[74.46301561685613,16.04161941778981],[74.45649488724419,16.041058795967018],[74.46322295610852,16.03919173761403],[74.444773452923,16.00304926564442],[74.4439546888472,15.986401859871002],[74.43787273055602,15.97989696489128],[74.43083042471709,15.956582433729158],[74.38686531613526,15.904981267889626],[74.39341802307635,15.900035885751084],[74.39673869133819,15.8803601207741],[74.39279262406039,15.878389603249033],[74.4063701619132,15.864447054365838],[74.40617068022458,15.855376466583534],[74.39753664144885,15.851146251685329],[74.388140295018,15.85425257033027],[74.3869277786919,15.859645362392682],[74.3828332100162,15.860044874070676],[74.37675320106918,15.88238216142747],[74.36610284512925,15.891313552783092],[74.3686148553622,15.89435962100217],[74.36469511501045,15.893861789847465],[74.36325649003237,15.874920567256602],[74.33820901290031,15.854918742362353],[74.3450021557238,15.850439253814141],[74.38308536442149,15.849104937056877],[74.38103702321568,15.835384115823702],[74.37992881207386,15.838266086695606],[74.36062489517049,15.81777950288449],[74.36993066357292,15.811458249142463],[74.37197385383887,15.79824207039825],[74.36903786214802,15.788115598040829],[74.35842878289708,15.774833814750771],[74.34568444774166,15.764555064274056],[74.32306971979007,15.772676593580693],[74.31861850916675,15.758377647321405],[74.30974294664883,15.754894870241325],[74.30789878262563,15.748480666086934],[74.28728523432743,15.741977391833453],[74.26831881896786,15.754736722643713],[74.25402544780114,15.745150162887104],[74.24025514226814,15.743320735628036],[74.22797435037576,15.756034256232741],[74.22650220386454,15.762628492036717],[74.23457520611777,15.7785830233223],[74.23350130702651,15.786994514145055],[74.22102952342323,15.785997601020444],[74.21310956983993,15.7800563619363],[74.208967216181,15.78126910781797],[74.20143337108321,15.7586207066255],[74.18952554262879,15.75212206603448],[74.16155659507241,15.751294459725836],[74.15097493509889,15.735807737643794],[74.14184045116663,15.734328334898542],[74.13075960727119,15.72335592264909],[74.1221656180858,15.720731147412073],[74.1261040056662,15.718460329158003],[74.12618352812842,15.707957553186143],[74.1321298803376,15.702403597428013],[74.12577089598581,15.680967173730483],[74.10884808411726,15.672693737309448],[74.09136480256313,15.674629676703224],[74.08827522141658,15.669936485239766],[74.10187605078808,15.658390454679706],[74.13554402459292,15.648371586973964],[74.16441599640214,15.653498534208198],[74.16736898331988,15.672091317780723],[74.18097038222325,15.682149001351013],[74.19084297499354,15.678951855171503],[74.18610322999257,15.674500392770042],[74.18684151759535,15.667449483406457],[74.20406080764366,15.663680333074481],[74.2017532737323,15.656339036352335],[74.20512752111094,15.651032179034889],[74.22216201243394,15.655638898431658],[74.21514897280865,15.662874128900397],[74.2237792584231,15.668982646315541],[74.22841017432404,15.664442399062287],[74.23635604609993,15.668584847185818],[74.25197652628368,15.654311424573228],[74.24415959688703,15.626108376911555],[74.2482567841518,15.622902351119668],[74.25372370279888,15.626738946778813],[74.26429804689275,15.615509078396522],[74.25999188005183,15.606722832813967],[74.26024765736268,15.592633030277762],[74.24874128061886,15.58037861166778],[74.24519297297579,15.566602556273299],[74.24966610788195,15.567651883121945],[74.2583317538809,15.56169387522584],[74.26173997464527,15.564879760134506],[74.27791765824017,15.546109309759585],[74.2826525451521,15.531417679927943],[74.27815342108649,15.522846668601213],[74.29172174761437,15.524960824953732],[74.32684084735278,15.516995960392356],[74.34247667255822,15.517953264282871],[74.374846060653,15.480750212699892],[74.38671823138053,15.484125794162244],[74.40438724590784,15.473856764242695],[74.41326794768752,15.473900469201832],[74.42187704473936,15.463590653339379],[74.42637223777729,15.398390697391475],[74.44584671870196,15.40666753567908],[74.45645545210151,15.403070851185754],[74.4645358816255,15.41506923419124],[74.47379478761451,15.402461714834951],[74.47255863930823,15.397785341591284],[74.48260817862996,15.39580525861814],[74.50278052386794,15.403697402809065],[74.51692240584012,15.402321262037836],[74.53526823805197,15.41867628560539],[74.54468804578309,15.416813913213494],[74.56833430378555,15.402422757241757],[74.61391547886855,15.358458809395756],[74.63239628744338,15.366958912602158],[74.64932452244136,15.390019684931925],[74.6895836286236,15.397894978338266],[74.69936324666031,15.410037292925805],[74.70653147294588,15.407597704205312],[74.71802514302,15.411442932758254],[74.73386261126065,15.408585810039517],[74.74082281737078,15.410968651002694],[74.74095254128433,15.417780490081132],[74.73107469965784,15.425331342676415],[74.72964793603478,15.431450481813567],[74.73078756844862,15.440138180417884],[74.74023220112262,15.446802761385563],[74.73781482840486,15.44835397876556],[74.74231637522678,15.45131916095256],[74.7444258890085,15.463473360412566],[74.73189615957781,15.47090334314867],[74.72730702162578,15.488883422583928],[74.74858752680166,15.496204844581962],[74.76108426290858,15.470472530729504],[74.76460491232231,15.473910635741744],[74.77830861676013,15.459308204608101],[74.7885999151827,15.47396187533776],[74.78693689733485,15.486118626625755],[74.79586761102134,15.487508699727867],[74.79990592360072,15.494252040880289],[74.79799804656604,15.497747878394014],[74.80582730444162,15.49800823907175],[74.80345497055723,15.50298168500289],[74.8138603577158,15.504964174113333],[74.80945391822796,15.51261744726145],[74.81146419601855,15.521831521781028],[74.79789636356405,15.548509573375863],[74.8202845256212,15.562289434031422],[74.82244111202212,15.568476026014523],[74.84089981395613,15.574742804625956],[74.82988978335622,15.590289203696354],[74.83047255641365,15.610297746258189],[74.83824923679398,15.612355281585925],[74.84020822168014,15.608550975421682],[74.87888355220241,15.6179349530186],[74.87767122092926,15.622724671254643],[74.88733747157711,15.629665114785855],[74.90216595029398,15.63185100277175],[74.93270649962432,15.623572064751675],[74.96506796188335,15.627194699629419],[74.96311152192436,15.643476000414653],[74.96631983340205,15.654319328025766],[74.97800877026948,15.649127014804924],[74.99126346438896,15.651529006240116],[75.01936366838477,15.643915501730737],[75.0219064620859,15.65034221709854],[75.02801013355578,15.651800126634953],[75.02827645529143,15.669797742934831],[75.0467215720034,15.670627866972188],[75.04975324056025,15.682458606111362],[75.05977661285606,15.682082432668313],[75.0631901112227,15.66927327802444],[75.05634258888347,15.632480694197385],[75.06393605157338,15.625687054099544],[75.08065296059571,15.622903365048568],[75.0917996887307,15.60788116685877],[75.1014252528827,15.660777382875196],[75.10609827461766,15.660231159863981],[75.10821438113521,15.671979719844717],[75.1238617999977,15.667986180605793],[75.13235441969314,15.660105779941345],[75.17134700373275,15.660548996883643],[75.18395198593309,15.657631690243736],[75.1872420009825,15.64896415900442],[75.20271972090124,15.649058889577427],[75.20263347005756,15.68154761903678],[75.2177451696172,15.681573618161263],[75.21787376165348,15.676951083334943],[75.23628364644003,15.679012250427846],[75.2491065599283,15.646979396660631],[75.27370160236417,15.648703539628853],[75.27260767892695,15.662855102417534],[75.27886789890307,15.68848507312812],[75.2745644009569,15.740394197237588],[75.29377642020671,15.741026253109228],[75.2931146187605,15.728211459637288],[75.29963671201502,15.727603998771192],[75.31416328942275,15.730039844290163],[75.31834818459863,15.74492958720684],[75.31830700941927,15.76454524584888],[75.30608152410394,15.765960306241086],[75.30364268883744,15.812572724694983],[75.32486917292537,15.811214434675632],[75.33283467468682,15.816349278001903],[75.32987853558078,15.824012053242912],[75.33927327312897,15.827628761232118],[75.34113983215215,15.804756329143249],[75.36469390504018,15.804899154219388],[75.37490907663229,15.84534488560809],[75.39034065638315,15.837798699790694],[75.42456055869182,15.841933126970673],[75.42437881783175,15.822715885719385],[75.41417405232392,15.784766690421593],[75.43715942067014,15.778706861568189],[75.44012754959027,15.795311640799028],[75.44717846488288,15.79375965400269],[75.4508153733624,15.811362680572165],[75.45783276981683,15.818463369818245],[75.45728008403321,15.861524982355572],[75.4510950629278,15.862823932909151],[75.45386537204259,15.88095578042825],[75.44327012594873,15.889169317423022],[75.44661899322564,15.893072255821988],[75.43756640600284,15.894841663618928],[75.44152838963085,15.9185716233798],[75.424872725948,15.921372806093563],[75.43960499779288,15.966463464618947],[75.43236189692838,15.96999874967188],[75.43162984722694,15.975412086607687],[75.43784254362963,16.00302423269393],[75.42606546496482,16.009350238414758],[75.4233332228585,16.032901043648295],[75.41646033658718,16.032807511758296],[75.41553192324947,16.04000557557455],[75.41540810935217,16.052422298414708],[75.4194134869983,16.056632743057758],[75.42798704579917,16.05262755912033],[75.44489762441022,16.052862369076006],[75.44522556608277,16.06925066772952],[75.43117363870823,16.069254700675426],[75.42787106970273,16.092941081945035],[75.43575650821619,16.096580914688207],[75.43893109514147,16.115476101415055],[75.41592961191735,16.11575709640174],[75.4118772838229,16.13063015937565],[75.40691930929331,16.126236738270954],[75.40457575563401,16.11386560135127],[75.35535239626583,16.115316570387513],[75.35436456566028,16.128605138394654],[75.32777013840499,16.1153345193929],[75.27580500670364,16.120281792950685],[75.29233411842421,16.172743212065715],[75.28434219810853,16.176356149843862],[75.28885632314108,16.19201275208484],[75.28587816183584,16.20124698331634],[75.280739782241,16.199722069600682],[75.2687876264189,16.208021053327922],[75.24908951709074,16.20464249640855],[75.23231040961649,16.21006129039174],[75.2296241684392,16.233363800998664],[75.2383984018914,16.25097264057218],[75.23222408061936,16.250238644623277],[75.23408595672498,16.25947400285839],[75.20316774037785,16.272830069108032],[75.14809149131932,16.282448546882435],[75.16010961043273,16.311274040721496],[75.15940934582099,16.320830463971646],[75.14864706877982,16.315351099261605],[75.1296182303895,16.330859085599858],[75.09626550326558,16.3248654599476],[75.0762090460891,16.33164799526393],[75.06509735674176,16.32670646040111],[75.05590147655307,16.330417604316683],[75.04319789167391,16.318231503929926],[75.03459800774364,16.33800912098044],[75.03506169743203,16.3867709427159],[75.03963425877214,16.398018951151364],[75.04850043299702,16.396422994726105],[75.04939779157537,16.399821087917633],[75.07296016399827,16.404387511159364],[75.07782455473651,16.43779241386299],[75.02796081874162,16.43364496580726],[75.02323339413478,16.44038394913419],[75.01772785691365,16.439775682107364],[75.01679963312044,16.45843565972886],[74.98839591983116,16.45355178239406],[74.99131832540166,16.462848812365376],[74.98653303222254,16.463086299388483],[74.98851157073747,16.500956152944052],[75.00759649993415,16.53840574914892],[75.06675318537238,16.53938018836819],[75.07128404961193,16.56759329890448],[75.08679839743812,16.5553841334101],[75.08954663225141,16.5398283648423],[75.10017239501381,16.526519285852686],[75.10527028664052,16.5110177798305],[75.11239434186524,16.506360097856888],[75.119536543957,16.507711450651556],[75.13316592178825,16.52327689872821],[75.15239831303205,16.52706630134299],[75.16198298856729,16.53451552134696],[75.16587874569757,16.55094767208305],[75.15715412260528,16.56826296616474],[75.15699252556712,16.583814711246355],[75.17095379496321,16.600353444172153],[75.22133330586497,16.616932182582847],[75.25228358398294,16.60512724069054],[75.2585752719435,16.607381009091462],[75.25532061638032,16.618981859382696],[75.26147737828353,16.620422174676076],[75.2682467031756,16.640961036764658],[75.26268802341889,16.680690912366448],[75.26456136112924,16.691621392633067],[75.2878916367305,16.71509562041006],[75.31857686063566,16.718576589861915],[75.36264528356001,16.714364494921362],[75.36617673162178,16.760133076109827],[75.38435351976179,16.763421710845297],[75.37888016558401,16.824083322417316],[75.39494565768476,16.863146630607105],[75.3537889234296,16.871137394570834],[75.33562595676858,16.869386075627265],[75.33420203272011,16.91243236341293],[75.34253281912054,16.953058643761054],[75.34157831601202,16.95617277228948],[75.31987522715684,16.956699740872125]]]]}},{"type":"Feature","id":"KA-04","properties":{"district_id":"KA-04","district_name":"Bengaluru Rural","source_name":"Bengaluru Rural","center":[77.61298206731131,13.200967197967]},"geometry":{"type":"Polygon","coordinates":[[[77.39907666664084,13.492767373567242],[77.38466308741437,13.499068250602459],[77.37709844088214,13.483326937411418],[77.37229562606335,13.483105391340933],[77.37021309318122,13.478215238957837],[77.37339517924248,13.470035061611263],[77.36681479520746,13.469451808588174],[77.36611787143026,13.4635628721233],[77.34861760183583,13.457184349990667],[77.34839736816582,13.446586082248727],[77.36197074861546,13.436918179362335],[77.36287038172813,13.420044413623554],[77.35845713570534,13.414846651160806],[77.34588983423792,13.417561518816015],[77.34083661044043,13.377034301971463],[77.34569772771778,13.374626091570642],[77.34125071402349,13.357107791096523],[77.34382443941479,13.339698953952823],[77.33852326892077,13.329108817003858],[77.32934341737169,13.330404292428128],[77.31191426021178,13.3220843011393],[77.30866872344704,13.310608298989962],[77.2811968694329,13.310395786714496],[77.28165911373205,13.297275726012915],[77.27525393261845,13.297679939622029],[77.26982447102381,13.31115134534223],[77.2547317555611,13.308874644176797],[77.25266350319701,13.301732750399884],[77.24944711316999,13.301708529392204],[77.24311111401141,13.30239869603086],[77.24022511536273,13.308505803266733],[77.2290131461819,13.313305599766956],[77.22033149040793,13.285513944024704],[77.22214305456946,13.268348247317904],[77.21933575642453,13.262948437382493],[77.20459873159348,13.262275277598395],[77.19991274357574,13.268246889081315],[77.19246131441369,13.269017155885825],[77.18839391887698,13.276398548290727],[77.18348913269703,13.25761651806721],[77.19245185335713,13.243557920906616],[77.19021195719675,13.237836629880098],[77.18581789469688,13.23851937383895],[77.18268782558215,13.228720085243872],[77.19405536410558,13.224301144961313],[77.19509692474489,13.20662537902167],[77.2002488500359,13.203156219063011],[77.20095420629866,13.19450694782612],[77.20750241537513,13.196616312382805],[77.20358867756612,13.184477123853673],[77.21627572805417,13.161605357072279],[77.21321236513748,13.15160075385105],[77.21749791204935,13.144867708731834],[77.24162592126733,13.14636400895285],[77.24893110200618,13.151896171144642],[77.27504229672405,13.152582527412646],[77.27394117508645,13.139785559305336],[77.26707934078809,13.14265644509461],[77.26841063056443,13.118851344273502],[77.27646911155107,13.119450033148617],[77.2791253642692,13.133766515266641],[77.28474538997668,13.13435331842666],[77.28678797657474,13.121694032177956],[77.29194774685313,13.1211689798075],[77.29282781376058,13.110103996736015],[77.30271699482091,13.110882000860009],[77.31434065740488,13.106142596850638],[77.30927709759176,13.083244681341684],[77.30935705124529,13.054967938921088],[77.31105093340965,13.04632143565716],[77.328387414975,13.050214601210985],[77.33112740505065,13.04291061703651],[77.32996287403206,13.026070521750949],[77.3254534139508,13.022910907187203],[77.32783217707767,13.008874853703235],[77.3219332783734,13.008320835252821],[77.32873330319029,12.97763745337059],[77.33730611189793,12.977782497814365],[77.33805385696402,12.972824029856213],[77.34758664760504,12.974279916304196],[77.35275688056154,12.97639728162398],[77.36017018522293,12.989278005923708],[77.36493863229558,12.987221335889688],[77.37181652128464,12.992136864053407],[77.36991204706827,13.013255677038137],[77.37569593267004,13.014864578219232],[77.37557490804173,13.028762918291344],[77.38914567529224,13.026531932614764],[77.39401718338243,13.052948096821458],[77.38302575509546,13.057216515580825],[77.38412390780104,13.067869567685689],[77.39771335821283,13.073203972095223],[77.42370211435414,13.07026992301316],[77.42883550829913,13.08645736764787],[77.42048217777838,13.086536812827445],[77.42135808189278,13.09123526768894],[77.41595433457313,13.093200932005807],[77.41790381258863,13.104922772409315],[77.40087417755807,13.111710037823212],[77.40130861360923,13.118136441087218],[77.39272186484504,13.115027377359548],[77.39292091893557,13.117639860043537],[77.3970739562582,13.118693145771521],[77.39755345539733,13.123512714877275],[77.4085940170388,13.123703231730746],[77.43179370005561,13.165085953649209],[77.4678813750115,13.162468719783922],[77.46926795339863,13.174694949843197],[77.4767082946551,13.18913927688325],[77.47832816013162,13.205049210428585],[77.47441732477925,13.20620373457323],[77.47417697783004,13.211256875704649],[77.47991437741256,13.223395205380521],[77.51144341940679,13.228573165046333],[77.52101060204848,13.214607840862607],[77.5189434474257,13.209132025161859],[77.52232859316535,13.208774314611022],[77.52657502832805,13.221111628604987],[77.536864749309,13.219021277707398],[77.54320233040077,13.232837716670227],[77.55931840663521,13.23229517205112],[77.55661435276419,13.219180136378451],[77.56951140511114,13.216099591244008],[77.57109922857978,13.207009804277597],[77.5667667941017,13.201427409419496],[77.57428382363564,13.198736481723893],[77.60006110917253,13.196472219658114],[77.60431676374502,13.203643324057515],[77.61583277042871,13.20534781219829],[77.61309280370925,13.208770820786194],[77.6173593126253,13.210520322600061],[77.6474798402715,13.200329331684472],[77.66041045457582,13.200891944613982],[77.6545287020154,13.188149458170699],[77.66300988436063,13.184000059112781],[77.68669263013334,13.193292745722019],[77.68425211591551,13.2033619798189],[77.69013595256742,13.202704750123692],[77.69847080294618,13.189411956907806],[77.7074373369546,13.18976035402226],[77.71207703298914,13.196175583621946],[77.72562432007473,13.192717246329405],[77.7268346472065,13.176264862623443],[77.73038223709561,13.173538292251669],[77.72736980326565,13.168653056896764],[77.73264614163024,13.159397306787758],[77.72820035323801,13.146649370058583],[77.7319604944048,13.144884870121922],[77.72976342273067,13.132389826209092],[77.72447442081553,13.126605283726644],[77.73368199796752,13.123465865573221],[77.73231261602986,13.114772226912793],[77.75004159489905,13.11630723668118],[77.76138182643444,13.113388532065906],[77.76503181258785,13.10775880575217],[77.76690058416163,13.084565211029712],[77.75956190704245,13.08178236889129],[77.76026194438043,13.073769491031213],[77.78105669544787,13.033811576052264],[77.7713112574094,13.01416553604478],[77.77575345613377,13.005801574623275],[77.77243629130157,13.002555154656463],[77.77918313136209,12.970234005428562],[77.7671368797089,12.959436247841815],[77.77258278586315,12.951095332820124],[77.76510777861986,12.942468726798852],[77.77544494681746,12.93871725499194],[77.77881725293673,12.928870320927286],[77.79808780371555,12.925211631177124],[77.79751412520206,12.918246701622369],[77.80306582864227,12.919328578660233],[77.81096394777427,12.933129201412687],[77.8163336929621,12.92640535063784],[77.82294039493999,12.929340107276492],[77.83228071614153,12.926607592182709],[77.82993219030712,12.919646923581627],[77.81675423836404,12.921411261243897],[77.81621225061717,12.914654278610627],[77.82077888666963,12.911776340565677],[77.82114978308417,12.901846783118332],[77.82983680269867,12.88942408712024],[77.82962725269233,12.877474105362221],[77.83601344162419,12.870329680614597],[77.85072746239744,12.866164597754985],[77.85748036428946,12.869482678951863],[77.86765181308009,12.868068689705428],[77.86642604301028,12.876100049653228],[77.85568314622302,12.87624843620334],[77.85227718472163,12.890909834757485],[77.86189494700537,12.914268160823111],[77.84218903311407,12.914035579596982],[77.83956150672206,12.922184091413932],[77.85101940228834,12.93208358824074],[77.85918404258202,12.935672940427725],[77.86918307861845,12.93382048312464],[77.87074039170679,12.93714246741277],[77.87371226121176,12.945192006013263],[77.8671133341527,12.95092717457423],[77.87155986006181,12.959840044242366],[77.86529687686782,12.966144644270448],[77.86469734124718,12.973647174402815],[77.87142118623306,12.972901735345886],[77.87406131059859,12.997646674977032],[77.88586512671951,13.008570175436889],[77.89329655040015,13.03503214671609],[77.88715655914503,13.03707977622954],[77.88881174637851,13.045431931342861],[77.89309433423985,13.046240748854942],[77.89222337355444,13.052197614020368],[77.91365920462945,13.048448937602506],[77.91897480476183,13.050897799206192],[77.92820273324661,13.068445778825234],[77.93737198018374,13.0659716786106],[77.94145272917713,13.068790953232861],[77.93955225336202,13.083552344970377],[77.93182756297878,13.07395444180842],[77.92622632194222,13.075867296266258],[77.92703883374368,13.082663838397925],[77.91332247384013,13.080836322582426],[77.91606671564199,13.08760175602976],[77.90134168421832,13.102391466218416],[77.91412430557115,13.111058602621421],[77.91540733605379,13.119035461567934],[77.92364240157076,13.115929242072228],[77.9254997214213,13.110681702319342],[77.93733570082266,13.108139322154535],[77.93926720534597,13.12513696233001],[77.9561865039035,13.126289488872061],[77.95940876711583,13.151512143026983],[77.95876961040128,13.15738323587639],[77.95304255042772,13.160571220322495],[77.9553441967807,13.176429633843846],[77.96383060372763,13.189339305819976],[77.96055466258382,13.20015108879258],[77.95511648104267,13.20087135880522],[77.95794516627791,13.218686494791983],[77.95127024623734,13.219361864295758],[77.95136122491438,13.214982416865071],[77.94523493925553,13.214175067816525],[77.94656485820273,13.219218516962057],[77.96385012861035,13.232767450052194],[77.96491974183935,13.244047814177828],[77.94855253887233,13.249991410576156],[77.9455934739534,13.243664871757087],[77.93495057223369,13.246062750653273],[77.92900668679832,13.238231644418475],[77.91411932620954,13.239743615905692],[77.91385065178615,13.231942954765262],[77.89092255822577,13.234530178154563],[77.90219372458719,13.242077029358896],[77.90564553789737,13.250559839087918],[77.90340520695241,13.254832868400623],[77.8907901995535,13.257560183886985],[77.88859341084871,13.250786993095039],[77.88007194804608,13.250452711140904],[77.87411122728398,13.243926466991027],[77.87848488904373,13.239339206215751],[77.87659804336646,13.234308961413873],[77.8707852023681,13.234254594616319],[77.86364326797427,13.241119410405151],[77.85829340699524,13.220369873944813],[77.85002221393246,13.219501305104888],[77.85077162178015,13.241059531824103],[77.82132968688947,13.252618469233884],[77.81440847125589,13.239511699016154],[77.80755641511941,13.243125477329638],[77.82096766672831,13.258173299612288],[77.80879617016156,13.261482529737142],[77.81588760755832,13.297558842150933],[77.82217284112356,13.296950208399727],[77.82258498278603,13.290758626272611],[77.82955285601716,13.290674218707744],[77.82763087004258,13.305488098923503],[77.81444358101048,13.304251595221931],[77.81444219940154,13.309432837965531],[77.81018255541092,13.31007426689113],[77.81241779470484,13.313005483600296],[77.81727800019215,13.31017753610403],[77.82716860777717,13.327014757323463],[77.81023348180267,13.334404532613862],[77.81024611930209,13.338340955370102],[77.79637620767208,13.340673375080764],[77.79047396903161,13.350867249131031],[77.77471532166895,13.353053158427558],[77.7541424194424,13.363795567112698],[77.75061829175189,13.359292437741594],[77.74278523579925,13.360250084577823],[77.74388995339295,13.353750585069804],[77.7372556354066,13.360401641134779],[77.72648825144304,13.363316536642426],[77.72854677325594,13.351691651388556],[77.71638934879815,13.351777464095814],[77.71674973043226,13.365629533721096],[77.71095703595076,13.366228035587485],[77.6986629274326,13.358982456056152],[77.6993891317965,13.34828464900061],[77.70344494804917,13.344252120007127],[77.6998890622184,13.337374478149561],[77.68429432056418,13.351872050326039],[77.67993861612693,13.344877060120455],[77.66705735795931,13.347993223203389],[77.65594431215588,13.358231256156529],[77.65705372973514,13.372711545399318],[77.66195654231639,13.377456410737441],[77.65957078041512,13.383467603641902],[77.65195901275469,13.387038779172514],[77.65755978666728,13.397821668314908],[77.65325730022408,13.39841868064207],[77.64784375857289,13.391825399815287],[77.63845670790859,13.393800748181159],[77.63390923561607,13.375917320936638],[77.62094277943025,13.375356803100875],[77.6209193711306,13.384675956830634],[77.61275773659985,13.387125103642216],[77.61911367925606,13.402360569421878],[77.60744967692595,13.407186946968553],[77.60656860570202,13.399783904985398],[77.60238376262843,13.398210462946606],[77.59921474885121,13.41514453213302],[77.60668939856504,13.41451259160398],[77.6154470563036,13.421080003992232],[77.60745019255893,13.425237335623109],[77.60307153706447,13.441299054745132],[77.59957226485955,13.436141970323405],[77.58978840857132,13.436253608264401],[77.59137023488712,13.418826830913963],[77.58423204736636,13.421573483673022],[77.5514710216555,13.419644717107001],[77.5484415243267,13.43587311796804],[77.53707838575156,13.436479333920126],[77.5345504079644,13.430752253414473],[77.52247499340385,13.431529883128226],[77.51594196585569,13.443882590926536],[77.5041068793797,13.44548590059304],[77.5047007699871,13.457797147397038],[77.49348190533814,13.458890354987753],[77.4832620526251,13.467894035676201],[77.47147334526888,13.46936294270315],[77.46133505329543,13.462871950232714],[77.4581415828846,13.469109863055818],[77.45457185132034,13.468613812367405],[77.45480142657097,13.464284073621757],[77.43948380080886,13.461793442251503],[77.4330195051597,13.46398233809941],[77.434401248814,13.468741061420644],[77.42286186257671,13.471929560291075],[77.42483080977938,13.481564756694087],[77.4155906956478,13.486072184145213],[77.41552687843168,13.492010792922953],[77.40796268285374,13.496793377991777],[77.39907666664084,13.492767373567242]]]}},{"type":"Feature","id":"KA-05","properties":{"district_id":"KA-05","district_name":"Bengaluru Urban","source_name":"Bangalore","center":[77.58571830524005,12.934454812935927]},"geometry":{"type":"Polygon","coordinates":[[[77.55233061505926,13.232082608743909],[77.54320233040077,13.232837716670227],[77.536864749309,13.219021277707398],[77.52657502832805,13.221111628604987],[77.52232859316535,13.208774314611022],[77.5189434474257,13.209132025161859],[77.52101060204848,13.214607840862607],[77.51144341940679,13.228573165046333],[77.47991437741256,13.223395205380521],[77.47417697783004,13.211256875704649],[77.47441732477925,13.20620373457323],[77.47832816013162,13.205049210428585],[77.4767082946551,13.18913927688325],[77.46926795339863,13.174694949843197],[77.4678813750115,13.162468719783922],[77.43179370005561,13.165085953649209],[77.4085940170388,13.123703231730746],[77.39755345539733,13.123512714877275],[77.3970739562582,13.118693145771521],[77.39337846774073,13.118478174119286],[77.39272186484504,13.115027377359548],[77.40130861360923,13.118136441087218],[77.40087417755807,13.111710037823212],[77.41790381258863,13.104922772409315],[77.41595433457313,13.093200932005807],[77.42135808189278,13.09123526768894],[77.42048217777838,13.086536812827445],[77.42877575685802,13.086028461584391],[77.42370211435414,13.07026992301316],[77.39771335821283,13.073203972095223],[77.38332354930708,13.066915721164328],[77.38302575509546,13.057216515580825],[77.39401718338243,13.052948096821458],[77.38914567529224,13.026531932614764],[77.37557490804173,13.028762918291344],[77.37569593267004,13.014864578219232],[77.36991204706827,13.013255677038137],[77.37181652128464,12.992136864053407],[77.3559021680355,12.986048666604024],[77.35184234439832,12.975894898328502],[77.33805385696402,12.972824029856213],[77.33730611189793,12.977782497814365],[77.33302562789099,12.978654788298673],[77.32617322680143,12.97389370615542],[77.33298215482112,12.950143997885],[77.33948083169115,12.94408431264355],[77.33553949494164,12.93798392911699],[77.33931604114217,12.92362220480554],[77.33654930193228,12.912146353784278],[77.34339436917585,12.887985465287132],[77.33324465512356,12.887922617372993],[77.3350047871418,12.878388800218525],[77.34487642500298,12.87645080500196],[77.34629769183479,12.870103702856252],[77.36560251244333,12.871614213701822],[77.3697647907353,12.85760922521182],[77.37941467138373,12.854884617565046],[77.39740181618409,12.868330393916482],[77.40265740256733,12.865412668097395],[77.4038936407051,12.873876885577854],[77.41038540503904,12.87658807489464],[77.4157878138689,12.875210904612642],[77.41578730991404,12.871697799771091],[77.42989108804677,12.875393481900218],[77.42922005641101,12.870586200678856],[77.41839399718803,12.869519711771327],[77.42890324037324,12.856657095816361],[77.42664068241324,12.850309257328389],[77.43786350503933,12.850183741409916],[77.43455288533227,12.839167454572562],[77.42512041405057,12.837782501914846],[77.41959119634022,12.826257911022116],[77.43343984844074,12.823327846400998],[77.43603718694757,12.810354580978418],[77.44358513739193,12.808228683860815],[77.45157932775032,12.818053834388232],[77.46587571006991,12.808606070327993],[77.48003683036217,12.80862818222736],[77.47897429495929,12.80464750978477],[77.48469355486125,12.800766294728051],[77.47628768816773,12.796768016648116],[77.47104647213408,12.799587265213784],[77.46929744059783,12.79505555940123],[77.47772367389547,12.781511780248753],[77.47354784811073,12.756917323884998],[77.48613322817323,12.742792523699084],[77.498912119721,12.739319815198442],[77.50492287664444,12.732376564304777],[77.51381452888742,12.750215291167523],[77.52087563556694,12.744351737284825],[77.51853074970607,12.736726049044524],[77.521267475304,12.73241087818309],[77.53430578413615,12.755964150803827],[77.54070907160109,12.75016243042538],[77.54631911972068,12.770056787725663],[77.55231924059116,12.772176446245382],[77.54403970936592,12.775977563357696],[77.54881053697406,12.785975088882108],[77.54315080123946,12.794200894917795],[77.54488696710425,12.7986482681701],[77.55692991295717,12.799104542675629],[77.55470515340936,12.788555701072104],[77.5627870804249,12.787113538302139],[77.55544629855305,12.781423622743901],[77.55610462441746,12.776894877855842],[77.56546502655883,12.75894668691157],[77.57161279273278,12.764903109794636],[77.57083130784294,12.778032869725017],[77.58041547942331,12.787229350275634],[77.59053195311513,12.781759027588146],[77.59791001686793,12.76346199565635],[77.59473061407441,12.752303484923415],[77.57609162565275,12.752080280339282],[77.56971442436536,12.741660016877468],[77.56892991844121,12.729791117939875],[77.55579365371725,12.732739141046277],[77.55936682942229,12.714652280368995],[77.56742677735778,12.701086140978587],[77.59413827306092,12.722080573634043],[77.61543677508517,12.70917430115226],[77.59549898266279,12.66853574399564],[77.5972620854097,12.657439535158376],[77.59887312493852,12.667157641258607],[77.65991011182719,12.683839990584636],[77.67638432121255,12.679471564781624],[77.67865464420987,12.660388908848114],[77.70236389836829,12.660812867693656],[77.71101461167225,12.667119893402768],[77.7115904910582,12.683137577947509],[77.72276586826428,12.679649204793115],[77.72462241556364,12.671187648688274],[77.73992821680166,12.672989633173096],[77.74100627329601,12.68576639733746],[77.73495092220523,12.692001536609839],[77.73746218773485,12.697745072572753],[77.7617519844338,12.697583511243055],[77.76574521775557,12.713743182620226],[77.76955306934543,12.712524472973637],[77.77445125829793,12.724214398786438],[77.76108901517769,12.72749457240043],[77.76333149668943,12.736892003319706],[77.78355611130053,12.741211903829],[77.79296488322842,12.748175476388651],[77.79438908575457,12.757621572027444],[77.77878477524598,12.767762764286514],[77.79856268461575,12.795118147589964],[77.80853720832303,12.796725512112948],[77.79973384430279,12.805215452190403],[77.80216191056572,12.81700347267074],[77.80989520141951,12.815532223294285],[77.80988158295979,12.831531832581051],[77.79589704001131,12.834533323584838],[77.7924627779852,12.84270374895553],[77.7991065911641,12.851537276023622],[77.80791949529262,12.84767100572803],[77.81554531440077,12.855790278624308],[77.82307669272478,12.855841725583547],[77.83246328704493,12.86204454642973],[77.83602720740758,12.870646058767349],[77.82962725269233,12.877474105362221],[77.82983680269867,12.88942408712024],[77.82114978308417,12.901846783118332],[77.82077888666963,12.911776340565677],[77.81621225061717,12.914654278610627],[77.81675423836404,12.921411261243897],[77.82993219030712,12.919646923581627],[77.83228071614153,12.926607592182709],[77.82294039493999,12.929340107276492],[77.8163336929621,12.92640535063784],[77.81096394777427,12.933129201412687],[77.80306582864227,12.919328578660233],[77.79751412520206,12.918246701622369],[77.79808780371555,12.925211631177124],[77.77881725293673,12.928870320927286],[77.77544494681746,12.93871725499194],[77.76510777861986,12.942468726798852],[77.77258278586315,12.951095332820124],[77.7671368797089,12.959436247841815],[77.77918313136209,12.970234005428562],[77.77243629130157,13.002555154656463],[77.77575345613377,13.005801574623275],[77.7713112574094,13.01416553604478],[77.78105669544787,13.033811576052264],[77.76026194438043,13.073769491031213],[77.75956190704245,13.08178236889129],[77.76690058416163,13.084565211029712],[77.76503181258785,13.10775880575217],[77.76138182643444,13.113388532065906],[77.75004159489905,13.11630723668118],[77.73231261602986,13.114772226912793],[77.73368199796752,13.123465865573221],[77.72447442081553,13.126605283726644],[77.72976342273067,13.132389826209092],[77.7319604944048,13.144884870121922],[77.72820035323801,13.146649370058583],[77.73264614163024,13.159397306787758],[77.72736980326565,13.168653056896764],[77.73038223709561,13.173538292251669],[77.7268346472065,13.176264862623443],[77.72562432007473,13.192717246329405],[77.71207703298914,13.196175583621946],[77.7074373369546,13.18976035402226],[77.69847080294618,13.189411956907806],[77.69013595256742,13.202704750123692],[77.68425211591551,13.2033619798189],[77.68669263013334,13.193292745722019],[77.66300988436063,13.184000059112781],[77.6545287020154,13.188149458170699],[77.66041045457582,13.200891944613982],[77.6474798402715,13.200329331684472],[77.6173593126253,13.210520322600061],[77.61309280370925,13.208770820786194],[77.61583277042871,13.20534781219829],[77.60431676374502,13.203643324057515],[77.60006110917253,13.196472219658114],[77.57428382363564,13.198736481723893],[77.5667667941017,13.201427409419496],[77.57109922857978,13.207009804277597],[77.56951140511114,13.216099591244008],[77.55661435276419,13.219180136378451],[77.55995231539185,13.23175828315095],[77.55233061505926,13.232082608743909]]]}},{"type":"Feature","id":"KA-06","properties":{"district_id":"KA-06","district_name":"Bidar","source_name":"Bidar","center":[77.20845180965333,17.986373600265587]},"geometry":{"type":"MultiPolygon","coordinates":[[[[77.3322991180999,18.450861139371746],[77.32689534922068,18.45174979833017],[77.32641510358157,18.458846670850534],[77.31988509437278,18.458027216331846],[77.31685160672748,18.442253028312358],[77.27903795909036,18.429797933629597],[77.27324633001083,18.423022901324963],[77.26565504843039,18.42234316314294],[77.25936865783508,18.41326117110218],[77.24176795659186,18.412607131234626],[77.23368514563407,18.38820059578627],[77.23945973996086,18.37860689469382],[77.24842464532372,18.376056269412718],[77.24639102930205,18.37076561332669],[77.22583090920365,18.365219966172262],[77.22009105811877,18.349273467301778],[77.2295848798428,18.34820855777501],[77.22276567958782,18.339746639210453],[77.21906718800233,18.325730497977275],[77.21179396303312,18.31628065915304],[77.20166791419864,18.32216524339714],[77.19871246679534,18.31545218441216],[77.2029260487715,18.297734467765693],[77.20985280341714,18.294967259088597],[77.21301332631829,18.280320303842704],[77.19747343399872,18.276609839309256],[77.18821354255783,18.284742179823883],[77.17481189304101,18.28486178930026],[77.16974931957806,18.26087123687076],[77.15913376527055,18.255789880224626],[77.15176519760864,18.238022970134598],[77.14863254404085,18.239045630719183],[77.15152194730445,18.217044883070603],[77.14269857870113,18.21704067293321],[77.14013767855717,18.20771845038991],[77.11129051013127,18.204243365376445],[77.09759872993051,18.1967235703874],[77.116337979321,18.1710165174263],[77.11154309482957,18.15583347983619],[77.09947708203677,18.1581932667443],[77.08484521668782,18.15078877201174],[77.06395800292653,18.1506520842821],[77.05320199702433,18.159451753351863],[77.05197733457727,18.173229357757577],[77.03317774355251,18.181992785369026],[77.03173035281391,18.177433055160872],[77.02308367564049,18.17565291223201],[77.02330396320939,18.15850952342004],[77.00111405574218,18.160899453705024],[76.99640786641032,18.166197148300945],[76.99060911458886,18.189987794085894],[76.978398788344,18.191983759138065],[76.9774189895754,18.188868931044347],[76.95193446858285,18.18809933873588],[76.94236118817702,18.156412376232304],[76.93147647615251,18.159653420043572],[76.92396314318592,18.146633398652376],[76.9317953349592,18.13352621202916],[76.92024924908658,18.125073597114092],[76.92049956194553,18.118182823827],[76.95427398700988,18.110544346748124],[76.9663497267606,18.09820117637583],[76.96294142335124,18.089571761846713],[76.94521382788761,18.083200777034534],[76.95162044181403,18.06105312177448],[76.944901018336,18.048361065088823],[76.95268676990405,18.043938566082677],[76.95230517365619,18.04021926131651],[76.91431527835697,18.035361157580773],[76.91229532211752,18.01733922220034],[76.90564382115642,18.009709599732382],[76.90670741387642,17.996594399867607],[76.91313970973852,17.996890338875573],[76.91444005973982,17.96156480568992],[76.9206682844205,17.941570840388668],[76.9191000999206,17.916200263241144],[76.90126471740268,17.91724229126253],[76.89898959470676,17.909067294148745],[76.89383912109327,17.906072370040942],[76.89418717065514,17.899826705214636],[76.88398556721708,17.89898163617742],[76.88426795442327,17.89429289662305],[76.85264488037834,17.90072264363091],[76.83895595322694,17.899062367792258],[76.83192034073521,17.895256352062813],[76.83120164718538,17.885615691693097],[76.81021571216762,17.887041354072615],[76.8066694041744,17.870575239945005],[76.7750496233533,17.877712933298245],[76.76816082612169,17.90115213364638],[76.73997194133938,17.899701159320824],[76.73848209801709,17.85668160364204],[76.75149403410911,17.85813068583791],[76.76749953222362,17.852127362141403],[76.79039367395781,17.826334109621538],[76.782863182271,17.817917095047218],[76.77872758214633,17.800480318062736],[76.76650988522454,17.79846870037296],[76.76203848137196,17.7870170286219],[76.74252507464938,17.78422395299047],[76.74433725325858,17.78033999262559],[76.74064577302387,17.77946434499724],[76.72094014030522,17.78805758963409],[76.71409136032457,17.780940024250498],[76.71191187856203,17.77326731184342],[76.7210720165822,17.769497911621013],[76.71878705374066,17.75147946885448],[76.72480729507689,17.751102273373252],[76.72827082421497,17.737560742937053],[76.6993982388564,17.726837270060837],[76.70442621640117,17.722615698068562],[76.7008701428225,17.70674863695528],[76.71360255463917,17.699083693608042],[76.70691414998787,17.693572639239388],[76.69417750980116,17.695680320583435],[76.691294954395,17.687773459726742],[76.69425467059249,17.66218364885655],[76.70916014391237,17.66254625725932],[76.71229396439172,17.657649961401592],[76.69874908658771,17.647253237638665],[76.69828080291495,17.642509700608787],[76.71435119083401,17.638812280379554],[76.72028639495046,17.653860491110812],[76.731834078926,17.658819690369477],[76.73273338505189,17.66562510760745],[76.77347209278119,17.66676885034749],[76.7701381043003,17.646302353713665],[76.77846331126449,17.635971405293866],[76.7844385065808,17.63644604516491],[76.7929108521986,17.65317502179855],[76.80787035469123,17.64901243529548],[76.82312227408019,17.651881938889364],[76.83678345137415,17.649397888601207],[76.84184600327752,17.653713100675567],[76.85243054055493,17.64459735633878],[76.8988229078142,17.644666367979845],[76.90780761743582,17.635090818641412],[76.91479879206709,17.63920899412606],[76.92889882242847,17.63753969439521],[76.9251898816396,17.625963819015148],[76.91784390840371,17.623555258989498],[76.92100006100104,17.610731972418808],[76.94039006435641,17.608891244086927],[76.95133480719808,17.624377569919805],[76.9580775868735,17.62096126921582],[76.95699214892247,17.63415317437799],[76.96187876577744,17.63962327542654],[76.98712504457349,17.658055671197165],[76.98800413770718,17.6618976706153],[76.97782972806938,17.664915528840766],[76.97709928455565,17.67991516135131],[76.98097124621243,17.691543530099143],[76.99088844572645,17.695998072641206],[77.00055628729069,17.696000701687794],[77.0175680916612,17.67785872499745],[77.0341557313175,17.68064115838593],[77.0352878394425,17.669374475206077],[77.04092299906758,17.671658482031813],[77.04320591195362,17.667367624792327],[77.05813772028435,17.673129026834467],[77.07368356843428,17.66156395428974],[77.08530959807901,17.659023289198576],[77.08941190304597,17.669152888585785],[77.10457699577117,17.668997101940477],[77.10627765213108,17.674016493870866],[77.11449632608904,17.677974733939198],[77.11666838327578,17.687281386314858],[77.12356829266744,17.687019610409752],[77.1324569616054,17.682447635891045],[77.1327061425871,17.6622398039329],[77.14475040177697,17.65572452376467],[77.14367528457024,17.647651408609455],[77.15034214492603,17.64257279508151],[77.14996863531238,17.632412418678708],[77.17129231172417,17.627778119826726],[77.18888085157505,17.61538121398743],[77.1941998212881,17.615510498197203],[77.19751345574124,17.63201270213433],[77.20732071224431,17.626754825380043],[77.23049973041635,17.63250871241293],[77.25824433990022,17.623324105821798],[77.27491124869377,17.626825679414456],[77.27953819943106,17.617562114791728],[77.28475740224866,17.619222645610694],[77.29148890716895,17.61118859807218],[77.29509111103407,17.6150889566206],[77.30029018889437,17.597715741166233],[77.34039455487903,17.58790115276256],[77.35183457397113,17.600064795656333],[77.35961206373355,17.600192142832473],[77.37921829876433,17.59499749299529],[77.37876598803562,17.583879258209674],[77.44405179421574,17.584355924160626],[77.4447629347306,17.60940669594235],[77.44872959229303,17.609342053803413],[77.45589167769532,17.634177945736305],[77.45207615089967,17.63642023139712],[77.44821828740302,17.65112239637742],[77.45482052744885,17.67448111941385],[77.45243015719021,17.69470338575509],[77.46748158428586,17.70298370127215],[77.48415052776356,17.705604689130364],[77.48489128034348,17.70914312996258],[77.49226920126414,17.708125632181993],[77.4970538593344,17.715514013931074],[77.50914400536729,17.716292155371253],[77.52200747689231,17.72602649307081],[77.5459638818399,17.726840732926323],[77.54861044622767,17.735765964658903],[77.55669519035996,17.737377399065544],[77.56853424199959,17.748906357102555],[77.5691495340703,17.766491972148962],[77.55485901864787,17.76397085795576],[77.53750908031957,17.779933694575806],[77.5343933447235,17.777628224605056],[77.50655738735504,17.7859526760056],[77.51493901840051,17.805446897748205],[77.52903147057418,17.812931221778932],[77.52822142644482,17.827897825044666],[77.54669660617611,17.82848457663619],[77.54890871385145,17.81937919363162],[77.55402610790297,17.82006789197624],[77.56068270770157,17.838645540741823],[77.56743520984334,17.845419690071996],[77.56484345885758,17.851187919075937],[77.56932481604349,17.85156426602864],[77.56999896842653,17.86764728732578],[77.57639878390293,17.875419404915384],[77.59907651070542,17.873087294152175],[77.60037008740946,17.880601400323254],[77.5958264024142,17.881355165779283],[77.58599090826847,17.893844590745225],[77.58606317413984,17.907835700930608],[77.6190386151326,17.904058633612188],[77.62199651134334,17.92957426304467],[77.61868300265435,17.93949030701535],[77.62294472804153,17.945521457414603],[77.63251187744554,17.94667342385703],[77.63288503491962,17.95580349402361],[77.62454453862931,17.95960286020163],[77.63301285440477,17.967382102261325],[77.63721318443385,17.952324764969692],[77.64948494825764,17.950015251914916],[77.64951440042253,17.95906852663222],[77.65585520017801,17.96883926311158],[77.64821412408305,17.980256199648274],[77.65203984406224,17.993894347962495],[77.64890562742585,17.99887761858389],[77.62778743704204,17.996787186393384],[77.61966183483568,18.006493717088926],[77.6074706507912,18.009853934774426],[77.60593384085092,18.020232988013067],[77.58859021588245,18.012156280175127],[77.58059457294824,18.03158233737345],[77.5537863232991,18.035820851188905],[77.54763567263477,18.056131123693874],[77.54833519523811,18.06521048398614],[77.55742500235802,18.063731277916325],[77.55971380280243,18.071882261933418],[77.56592167435376,18.07667397672073],[77.59563786490068,18.08602777202027],[77.59880371031991,18.09333132206398],[77.6015540579708,18.105903354809794],[77.59440338027429,18.132724161350747],[77.59684288119246,18.155947615084017],[77.58131392136988,18.162316705010007],[77.57068882156415,18.192169291169083],[77.56346054380015,18.196128998587973],[77.56550539505109,18.204182330100647],[77.57482154258831,18.201627123930475],[77.58531465831923,18.21982031761595],[77.57177963593219,18.244001910058984],[77.58315010206513,18.26078345960921],[77.59488655442121,18.265307379345916],[77.60541723859565,18.281349021415284],[77.58184933524551,18.285384231205384],[77.57255707930156,18.29330232483487],[77.56134089702206,18.284949156904304],[77.53271765703691,18.2986991118674],[77.52372751709943,18.308210178263042],[77.51263137669135,18.309598495333777],[77.50882024355576,18.30428230818485],[77.5115575243125,18.28204933907483],[77.49866330076037,18.27674693487923],[77.49266711271419,18.267203505119618],[77.48137954131903,18.272356190750344],[77.4757489199828,18.26466294273195],[77.46503748309513,18.2625360277337],[77.4475780392354,18.269995221694497],[77.44585776816126,18.28380845302157],[77.44034554837269,18.282629054382316],[77.43651164923287,18.29322865587233],[77.43766476176584,18.310313822119056],[77.42830778759559,18.312364742814896],[77.42556261244411,18.307880113212793],[77.40899519116992,18.301468678848185],[77.38511813081817,18.309311490998248],[77.3657896836193,18.30712476329284],[77.35672435918414,18.320202074337022],[77.37160465542155,18.325208459174682],[77.37561816102433,18.332052485821293],[77.38094003319407,18.331021952056012],[77.38242783644236,18.34225276522726],[77.39498064808426,18.34150145614707],[77.39433995614885,18.347429060416342],[77.40014855979405,18.347446443383554],[77.39486983101249,18.368454657598328],[77.40983598193651,18.377411424835575],[77.41409430989529,18.393107539995103],[77.40016427312501,18.401998141595328],[77.37283283477294,18.401102709031687],[77.36838850165142,18.412525370855903],[77.37064562210904,18.41879136717989],[77.36726420078455,18.41869417719361],[77.36214926721863,18.429888426391432],[77.36445864896451,18.43451913997278],[77.36183848785959,18.43727915634878],[77.36749888116094,18.446956228989222],[77.36563593067022,18.451564090247892],[77.3534851339826,18.44766655675157],[77.34521831841022,18.43361107709825],[77.33565744643339,18.44231689837568],[77.336031787887,18.45015495429843],[77.3322991180999,18.450861139371746]]],[[[77.27884849361718,18.475738029087],[77.2750402189208,18.477720642022913],[77.27215032517707,18.472962377624512],[77.26747356555221,18.454612696322414],[77.28864199421828,18.455335888332787],[77.2995286636718,18.464879611418866],[77.30029075123971,18.473027627624038],[77.29638392776342,18.47701558136682],[77.27884849361718,18.475738029087]]]]}},{"type":"Feature","id":"KA-07","properties":{"district_id":"KA-07","district_name":"Chamarajanagara","source_name":"Chamarajanagara","center":[76.99588794282391,11.944016483372364]},"geometry":{"type":"Polygon","coordinates":[[[77.28025642316199,12.308281755422023],[77.26668929678334,12.314134205717114],[77.2488767835759,12.308322035082082],[77.23680635376684,12.310211033088205],[77.22512866560335,12.30336997959504],[77.21761956280345,12.3086102072842],[77.16653119759917,12.31007883889944],[77.16998913113137,12.285032920994642],[77.1646240679628,12.280838404341937],[77.17004276774037,12.259761330677687],[77.1252816530021,12.245260512982897],[77.12442350768256,12.237441604958482],[77.13424945633007,12.22563867907708],[77.13191233909974,12.20723540690785],[77.12230676066618,12.197174327360791],[77.10740360679641,12.189793065416287],[77.08460243440588,12.19102333288743],[77.06143339292339,12.170953836113066],[77.04471138236859,12.169175839417615],[77.04589322841427,12.160795527350947],[77.03924949877869,12.147219718699194],[77.04572694935686,12.136037278091251],[77.03980052088238,12.128301138600031],[77.03698946867787,12.13919457782408],[77.01576238631198,12.134012938253779],[77.01122273834557,12.153570520651904],[77.01425070674173,12.16322872595201],[77.00387536014459,12.15986523834402],[77.00250257898189,12.165433358897824],[76.9974829737356,12.166962419266344],[76.99866896640464,12.177141865297049],[76.99307672828387,12.176618717177426],[76.98802602875232,12.161569591171686],[76.98911544803673,12.140443137578485],[76.97623700069758,12.134255693155394],[76.97585623269642,12.122666819925131],[76.96939337884331,12.122876942038829],[76.9704188560458,12.112539579616078],[76.9488083763099,12.097417641945638],[76.9372348585834,12.10116722267536],[76.92357731138151,12.114119313929244],[76.90631894821159,12.113305360623414],[76.90261437682825,12.122641842431948],[76.89094247022193,12.121069593279577],[76.89024927984306,12.130828084193723],[76.88195789265271,12.129490351759731],[76.87138329523397,12.141273664401732],[76.86779921308307,12.161784803108414],[76.8713684469806,12.173956970789433],[76.86563010955699,12.174503608381881],[76.86260670639908,12.180297931572898],[76.85150252876413,12.178915177578157],[76.85320756171612,12.170348902111762],[76.84556320856703,12.167419242401323],[76.85347050309137,12.159437981353067],[76.84075478287102,12.156060098205911],[76.84105952734798,12.14541129060852],[76.83154823608662,12.131868169343624],[76.84494930439345,12.119259653604145],[76.84575390742712,12.113157839862689],[76.84767779423682,12.118722126424219],[76.87666640509917,12.115175786704185],[76.88413911355367,12.082537548816928],[76.87411332299311,12.075653672633155],[76.8700448216303,12.06308814383866],[76.85345277304258,12.059810098773283],[76.86831361536422,12.059734357155355],[76.86992102929256,12.055304828587209],[76.89051748714249,12.058292507391169],[76.89050332340543,12.048990478638814],[76.91005580594455,12.041083743344224],[76.91506369266793,12.025882566118764],[76.93883993958696,12.026244770679694],[76.9361004660426,12.013101343080926],[76.92297791140649,12.01274841599732],[76.90629462542695,11.999502737594861],[76.887818418023,11.999837263905235],[76.88310495323564,12.015439184583538],[76.87301293887235,12.005450069871445],[76.85824798541911,12.007592753630254],[76.8565856844269,11.999541210883214],[76.8364567035626,11.999780159009159],[76.83741305360734,12.00358552641342],[76.82130333834345,12.010827238739996],[76.82030797626257,12.027234410805653],[76.811703096801,12.026825619075916],[76.81063908456775,12.02170883968599],[76.79206012606498,12.010706612419884],[76.79168070104518,12.005494996998767],[76.79766129343967,11.998599040342473],[76.79721688519054,11.988925874048133],[76.79368124738627,11.986266414404264],[76.77988163611377,11.985247844393875],[76.78059445378328,11.987742892399709],[76.76847327275395,11.99187082997093],[76.76665850070853,11.999165805022573],[76.75114663043591,11.999889131824867],[76.74580881137327,12.002437197318848],[76.74622586232877,12.008337301122086],[76.74092292844185,12.009273843219667],[76.73275543240392,12.002469182038215],[76.72942254525758,11.990540766014384],[76.71919824498555,11.990697731844119],[76.71725449013672,11.98493095814988],[76.70512969608329,11.985078884196092],[76.70150141143054,11.997816915920929],[76.69457837221691,12.000421961671497],[76.65112029523932,12.007910179099117],[76.64277937584252,11.982823323922965],[76.61335523837427,11.991564231561892],[76.59597896323845,11.984312485098233],[76.57825242060035,11.988246290564144],[76.57429468600365,11.96839853788726],[76.5574706627652,11.9488729006587],[76.57127586694865,11.940121166390059],[76.57030100891411,11.928070842418224],[76.57660406325795,11.923516119935568],[76.57018181505231,11.907862219361919],[76.56198562412926,11.90399568912472],[76.55699013236013,11.894687726071508],[76.55367337715971,11.858626662570709],[76.53466562761895,11.87322003015252],[76.50285485329037,11.861554632099264],[76.49114827890062,11.861021400082194],[76.48824606655937,11.843390541406444],[76.49278502012804,11.822082010618514],[76.46883792801505,11.81911606629896],[76.46219592673809,11.79263567561133],[76.40992462583169,11.811226628714534],[76.42077892269734,11.802849980691287],[76.42433483817251,11.80461678430257],[76.42872862668621,11.795467791304823],[76.42142943232044,11.795586388682947],[76.42214897477817,11.79039286940227],[76.41294116675914,11.787754293127481],[76.416359284263,11.784925989983027],[76.41417426169176,11.778732359147462],[76.42292223828653,11.775621615605308],[76.41381919089763,11.76181874699223],[76.41046455014838,11.742328286302822],[76.41816624186373,11.742603153385069],[76.42744304678479,11.725977081127455],[76.4140067923666,11.711252708338227],[76.41184244092841,11.71580008708111],[76.40337520223298,11.710914614023368],[76.40523692293007,11.705856594859114],[76.40888318107504,11.70638964881493],[76.41237677592738,11.695021421643453],[76.40844133302447,11.689715233915996],[76.41304535606074,11.685981244330437],[76.41672621192059,11.671742629083072],[76.42613170320104,11.671144681101568],[76.435329359359,11.664695923332417],[76.45821172058659,11.664329351404467],[76.48262421906853,11.686108291664908],[76.48167711268805,11.692517913363655],[76.49359661115635,11.692979184429879],[76.51167532392854,11.704978588592608],[76.5372260732154,11.690800204393124],[76.55055826140119,11.674193534084099],[76.55390495206017,11.645714125276896],[76.56142365425718,11.63267595019657],[76.55995453057689,11.622469488138842],[76.57521399132267,11.619186959424106],[76.57674634472086,11.614495550340196],[76.58378881944309,11.61375555193387],[76.59228826543638,11.618656614405285],[76.59760784959707,11.610643362069029],[76.6106469273871,11.610848154278107],[76.61398488372656,11.607553277732277],[76.63046290376538,11.613786891306264],[76.74707276163929,11.613783520317691],[76.75691864300462,11.618436934589049],[76.81756933994804,11.604721222081245],[76.82283915025546,11.608075750794079],[76.84693557201312,11.594470661270455],[76.8564708635639,11.599281013878056],[76.85812453983107,11.614029851395932],[76.85053185328557,11.615959104409242],[76.8521129277115,11.621668027967324],[76.84275882994676,11.627050167963684],[76.8451283179683,11.634146942974448],[76.83462737701296,11.63950147331885],[76.83793287542458,11.641938258204533],[76.83373606858804,11.648957138408795],[76.83500509972531,11.65541638639217],[76.84184109488282,11.662129705562872],[76.85276056542065,11.692369703108584],[76.86371125241453,11.705374635164683],[76.86263299918912,11.711010990024088],[76.88834944183183,11.73364316913771],[76.88809724790067,11.741702273369444],[76.89624548495722,11.75979611991863],[76.89661073815512,11.776467615150741],[76.90800360827126,11.795245400198146],[76.9320882351492,11.792789023673418],[76.9423866491271,11.78802500992634],[76.95393962956956,11.79205213579891],[76.96117717794728,11.781622140066151],[76.9699226994464,11.776859736257153],[76.9836459161905,11.80168327742404],[76.98214861325806,11.81150361809563],[76.99353908038083,11.80916032392236],[77.01294023991369,11.814615034615587],[77.01401058257474,11.806210790969603],[77.01688831312953,11.810713670086917],[77.02987993561803,11.804674974839717],[77.03419425377183,11.799946667870765],[77.03267208277738,11.795889600977024],[77.03874926831945,11.793846691820331],[77.02886476388848,11.774674733411166],[77.03510161598918,11.76977900663906],[77.04646867840549,11.787616640788164],[77.06294256619397,11.79039671309497],[77.06975656700008,11.782076409035051],[77.05642675216329,11.769775763307457],[77.08276502840859,11.739763348021127],[77.08021798028629,11.735981982900395],[77.10500983282112,11.732798240344978],[77.1177064341973,11.721072082751135],[77.11753879868381,11.731788475259336],[77.1085460769882,11.752599958685773],[77.11245569422503,11.756933230710073],[77.11074656226042,11.77347245321181],[77.13807820003848,11.772641478997988],[77.14709466420703,11.781914793125624],[77.18201613997287,11.786320572939848],[77.18923576606235,11.792521524738074],[77.2386016943543,11.79465274796905],[77.24959586879115,11.804180656926043],[77.24987603536198,11.81301267785875],[77.2879755278208,11.800435621589497],[77.29385437882286,11.808998277280233],[77.3351488319976,11.771230779767873],[77.36042479292728,11.779469287163279],[77.36484641484176,11.790403376902518],[77.37025555744302,11.786656677915092],[77.39445553159669,11.787633191433397],[77.42222728996508,11.772376037630922],[77.42259742640483,11.761717868350983],[77.42724111275588,11.76087036880894],[77.43380662338473,11.778136786838187],[77.44220321856618,11.783288297563844],[77.44050237894996,11.788834613832169],[77.44662275998246,11.790306835216846],[77.44980338897633,11.796010253200526],[77.45404408031114,11.820231564230948],[77.46661466062935,11.847081039888874],[77.45993809218025,11.863449552433314],[77.46585640617275,11.874196235568636],[77.4604753341275,11.881203585807853],[77.46397604273855,11.894025613311458],[77.4616279606719,11.899983508281512],[77.47352387207579,11.899179957803568],[77.4772154708881,11.890455355164262],[77.48064014789016,11.893410212402665],[77.4862003520879,11.887410294636457],[77.48307019942985,11.8995744573263],[77.49059135941748,11.908489535562016],[77.49480070404043,11.94384701042679],[77.53798391001581,11.932385394599446],[77.54252159157005,11.938163291423853],[77.5581778112274,11.94154884022009],[77.57531437272623,11.93648163891598],[77.59357812587054,11.940222838684441],[77.60345201041822,11.937656730062857],[77.6069538769577,11.942018808561295],[77.63943927169163,11.948045032938829],[77.65205409673256,11.95481986795587],[77.65738317518746,11.949834038804891],[77.67569007800815,11.951978848627652],[77.67474189364937,11.96593639432548],[77.70890554255665,12.036018063971495],[77.72753522712689,12.062037856300574],[77.75568705370884,12.079733695018014],[77.76775454243364,12.106636729322883],[77.77639204511306,12.112280954837138],[77.77379821093413,12.120519785102278],[77.74980753975008,12.138462531997547],[77.74614333596065,12.157373463223797],[77.73197011266656,12.179558173306747],[77.69863934755472,12.185132422736382],[77.66523921633328,12.198210221094199],[77.63998672838197,12.196399808915372],[77.62984167658598,12.202235140299534],[77.62096009266071,12.19988470483854],[77.61075476301086,12.206144204154993],[77.59673671739388,12.199268105432918],[77.57385925467958,12.200887014071778],[77.5657966423409,12.196329275109806],[77.54626205873382,12.204663181734244],[77.51868368339163,12.194479246704423],[77.49271122897777,12.197332071050731],[77.4864466395961,12.203807021890468],[77.47203879970594,12.207893619091399],[77.4825553920085,12.228898279884278],[77.47849274676302,12.240059257611488],[77.46031132331616,12.248869890903716],[77.44831714520339,12.25000763009917],[77.4470372166034,12.26225704772021],[77.43032238628267,12.287119830293182],[77.41928249029286,12.289336315598941],[77.40348422722617,12.279430662226622],[77.36547880005567,12.283878775161902],[77.34889174610097,12.278910118042473],[77.33914247944273,12.285345115371722],[77.32690748635846,12.307680106775582],[77.30275037262363,12.298702471432087],[77.28025642316199,12.308281755422023]]]}},{"type":"Feature","id":"KA-08","properties":{"district_id":"KA-08","district_name":"Chikkaballapura","source_name":"Chikkaballapura","center":[77.81662215733446,13.554980108149653]},"geometry":{"type":"Polygon","coordinates":[[[77.97648837003578,13.958531266227123],[77.96743096155488,13.960156575108307],[77.96195014956359,13.95496589202615],[77.95886264532197,13.938828695768098],[77.94620296560231,13.935344362260379],[77.92676699994543,13.905326781901817],[77.91541893420242,13.907854994931116],[77.89581780429741,13.920361912113442],[77.89890938239884,13.930642994217163],[77.89569453927075,13.941042035818295],[77.86860780200206,13.93601243204523],[77.83882498071559,13.935888204839754],[77.82658831317163,13.944724612353987],[77.81484339958385,13.931927788228595],[77.81349244927921,13.914623194867595],[77.81617645814298,13.902983836587406],[77.83195607128606,13.895669156741334],[77.83553935124138,13.88096863469162],[77.82732979608186,13.874441197300422],[77.83707244485137,13.869740977379726],[77.8201949898198,13.863209174706514],[77.81203026059292,13.84897585092865],[77.79300660997336,13.848942777053571],[77.78226874734497,13.844080533034761],[77.78426140737619,13.83439196563191],[77.789086716908,13.830471045109473],[77.78875648093819,13.823163232387246],[77.78153461804365,13.818293185841119],[77.76350826896767,13.81721879411028],[77.74792862979001,13.810386101001573],[77.74072470715002,13.812423073012502],[77.72929324540928,13.802209858078324],[77.71930866955395,13.800274866629202],[77.72222339183386,13.768851371278279],[77.71736273898551,13.741074236287625],[77.71514461708934,13.743759489897009],[77.70845867741518,13.741018503020145],[77.7032945458161,13.769788583937839],[77.69518492104538,13.77069918700285],[77.6717181994373,13.760480765851906],[77.67987375417017,13.772334983200773],[77.68007825384798,13.786777671299307],[77.6512937123704,13.78407462769203],[77.62107225900203,13.76843851908449],[77.61750271698232,13.76193101396313],[77.61884390439646,13.75496210813317],[77.62964447302494,13.754203141165828],[77.64223398264284,13.746801929422904],[77.64142875258507,13.741948322764499],[77.62771677735842,13.734600203740666],[77.61360621065708,13.751915609882046],[77.59997230082526,13.750759543111984],[77.58684549356455,13.733493843088883],[77.57168109793204,13.738204419132359],[77.5609280744366,13.722338863228437],[77.54928634224072,13.740638604576004],[77.54744186380718,13.75290068402743],[77.54085711665483,13.7559488630762],[77.52536075310064,13.753240149998962],[77.52195294466301,13.744560028701555],[77.53663704165582,13.730601300237526],[77.53436766997437,13.707000543033766],[77.52833690487459,13.693010836256137],[77.52504684580776,13.691007410227702],[77.51236991573968,13.697247456141175],[77.51416855763586,13.713210850894654],[77.48503987157294,13.714782506965623],[77.4921148742916,13.68980929058084],[77.48788013788881,13.686661799654184],[77.4544958727119,13.68190832291467],[77.43711027126683,13.684300760403993],[77.43505014506285,13.672616318975834],[77.397245806667,13.673451066606829],[77.39328178476161,13.664883685123842],[77.38333060557365,13.66241594722241],[77.37702095759559,13.650046546855101],[77.3784734624431,13.645187481043545],[77.36889792457096,13.641587947391537],[77.36960802843001,13.633695194992782],[77.36213144823667,13.62525562602874],[77.36017887372836,13.615685167395217],[77.36305223577591,13.590178370226015],[77.37420929184172,13.590021368370051],[77.38243887404224,13.575309126412897],[77.38273400205411,13.537152890367361],[77.39141179507234,13.53414460077501],[77.38993964766283,13.5196765312437],[77.38086160937144,13.515113294196308],[77.38260786511348,13.500315635924515],[77.39862870106317,13.492875877981733],[77.40796268285374,13.496793377991777],[77.41552687843168,13.492010792922953],[77.4155906956478,13.486072184145213],[77.42483080977938,13.481564756694087],[77.42286186257671,13.471929560291075],[77.434401248814,13.468741061420644],[77.4330195051597,13.46398233809941],[77.44607319494615,13.461620042358089],[77.4581415828846,13.469109863055818],[77.46133505329543,13.462871950232714],[77.47147334526888,13.46936294270315],[77.4832620526251,13.467894035676201],[77.49348190533814,13.458890354987753],[77.5047007699871,13.457797147397038],[77.5041068793797,13.44548590059304],[77.51594196585569,13.443882590926536],[77.52247499340385,13.431529883128226],[77.5345504079644,13.430752253414473],[77.53707838575156,13.436479333920126],[77.5484415243267,13.43587311796804],[77.5514710216555,13.419644717107001],[77.58423204736636,13.421573483673022],[77.59137023488712,13.418826830913963],[77.58978840857132,13.436253608264401],[77.59957226485955,13.436141970323405],[77.60307153706447,13.441299054745132],[77.60745019255893,13.425237335623109],[77.6154470563036,13.421080003992232],[77.60668939856504,13.41451259160398],[77.59921474885121,13.41514453213302],[77.60238376262843,13.398210462946606],[77.60656860570202,13.399783904985398],[77.60744967692595,13.407186946968553],[77.61911367925606,13.402360569421878],[77.61275773659985,13.387125103642216],[77.6209193711306,13.384675956830634],[77.62094277943025,13.375356803100875],[77.63390923561607,13.375917320936638],[77.63845670790859,13.393800748181159],[77.64784375857289,13.391825399815287],[77.65325730022408,13.39841868064207],[77.65755978666728,13.397821668314908],[77.65195901275469,13.387038779172514],[77.65957078041512,13.383467603641902],[77.66195654231639,13.377456410737441],[77.65705372973514,13.372711545399318],[77.65594431215588,13.358231256156529],[77.66705735795931,13.347993223203389],[77.67993861612693,13.344877060120455],[77.68429432056418,13.351872050326039],[77.6998890622184,13.337374478149561],[77.70344494804917,13.344252120007127],[77.6993891317965,13.34828464900061],[77.6986629274326,13.358982456056152],[77.71095703595076,13.366228035587485],[77.71674973043226,13.365629533721096],[77.71638934879815,13.351777464095814],[77.72854677325594,13.351691651388556],[77.72648825144304,13.363316536642426],[77.7372556354066,13.360401641134779],[77.74388995339295,13.353750585069804],[77.74278523579925,13.360250084577823],[77.75061829175189,13.359292437741594],[77.7541424194424,13.363795567112698],[77.77471532166895,13.353053158427558],[77.78897817526887,13.351766089412562],[77.79637620767208,13.340673375080764],[77.81024611930209,13.338340955370102],[77.81023348180267,13.334404532613862],[77.82716860777717,13.327014757323463],[77.81727800019215,13.31017753610403],[77.81241779470484,13.313005483600296],[77.81018255541092,13.31007426689113],[77.81444219940154,13.309432837965531],[77.81444358101048,13.304251595221931],[77.82763087004258,13.305488098923503],[77.82955285601716,13.290674218707744],[77.82258498278603,13.290758626272611],[77.82217284112356,13.296950208399727],[77.81588760755832,13.297558842150933],[77.80879617016156,13.261482529737142],[77.82096766672831,13.258173299612288],[77.80755641511941,13.243125477329638],[77.81440847125589,13.239511699016154],[77.82132968688947,13.252618469233884],[77.85077162178015,13.241059531824103],[77.85002221393246,13.219501305104888],[77.85829340699524,13.220369873944813],[77.86364326797427,13.241119410405151],[77.8707852023681,13.234254594616319],[77.87659804336646,13.234308961413873],[77.87848488904373,13.239339206215751],[77.87411122728398,13.243926466991027],[77.88007194804608,13.250452711140904],[77.88859341084871,13.250786993095039],[77.8907901995535,13.257560183886985],[77.90340520695241,13.254832868400623],[77.90564553789737,13.250559839087918],[77.90219372458719,13.242077029358896],[77.89092255822577,13.234530178154563],[77.91158081657402,13.231337633567495],[77.91411932620954,13.239743615905692],[77.92900668679832,13.238231644418475],[77.94140412942193,13.258465791763237],[77.93821822641902,13.267952932819064],[77.94628908798691,13.271245644940679],[77.95618124426748,13.269688159257104],[77.9594811282086,13.272195452995785],[77.95773549140576,13.281921901092096],[77.96123391380442,13.284243809891557],[77.98454508493455,13.286065599596299],[77.98519347633021,13.299167298974558],[77.98963047380909,13.304335678974436],[78.01128195175625,13.301450532586102],[78.0155152751091,13.282903609320377],[78.02990940940292,13.28371172531218],[78.04690564417295,13.278291768594535],[78.05210735858859,13.293408781387507],[78.05906304707115,13.292774458822405],[78.06058249257704,13.299000433946194],[78.08678328076978,13.30218836296181],[78.09196822992726,13.310226229062964],[78.13381943106734,13.287640517996783],[78.13647305172167,13.30434501461814],[78.12318794962984,13.308423640685168],[78.1217505544454,13.315501912985468],[78.10897119487537,13.32326286423507],[78.1308378498758,13.328425640788925],[78.1340665980262,13.331220206113695],[78.1318639810518,13.352460221177264],[78.15033951471933,13.350618404368213],[78.15008705937836,13.357940380759409],[78.14556184644029,13.361404472841105],[78.1479628401755,13.367487047066556],[78.14262678989566,13.375865267781718],[78.12238720396198,13.375199375138491],[78.12460795882028,13.385999309702518],[78.12832704518196,13.38671329858971],[78.1357333357976,13.405253987563501],[78.1825531340455,13.420625219718069],[78.18551120183446,13.438927036241845],[78.18863804240407,13.442475638405204],[78.19432630324222,13.438435357163275],[78.19341165389127,13.44710489883347],[78.20153654642856,13.44991879106154],[78.21038598234477,13.471039847735529],[78.20068551935933,13.484100413867926],[78.19816115729118,13.512591568683344],[78.18777332680654,13.513594397430472],[78.1904084403694,13.520698079867428],[78.19909209130161,13.520892089718984],[78.20365065958451,13.527767922279459],[78.20114913089428,13.541310240086675],[78.19376809102296,13.548545888729679],[78.20133646825857,13.563893150254055],[78.19297201479796,13.564846535582022],[78.18960538782791,13.575212124057364],[78.19025573036434,13.590136346603629],[78.20333429270435,13.606509235274949],[78.20419665741083,13.628421535117111],[78.16822381499605,13.632851692704142],[78.1690669485689,13.653943030075157],[78.15612645369477,13.658616708370698],[78.11429245529237,13.657362122622919],[78.10225068982572,13.651059158078548],[78.09894605379677,13.642798896101104],[78.08710871165113,13.643066246318048],[78.08974298528919,13.659099093260112],[78.07854904799105,13.667272712410831],[78.0770128156675,13.673353038757314],[78.06571655756356,13.676140564718697],[78.07358536017625,13.687726459356053],[78.0690761237755,13.697808478368016],[78.09241837481783,13.69117439163246],[78.11322010130343,13.692735261727858],[78.12079984402403,13.71561797587525],[78.10432863141845,13.736544240703077],[78.09152336982551,13.742276859588072],[78.09988130331382,13.758459108375527],[78.11380216379345,13.763431644687365],[78.12640103026335,13.786376754290936],[78.12268761676269,13.798777707386002],[78.1137530196592,13.80746795743318],[78.12540142813434,13.831609470709669],[78.12363446622496,13.845353767887195],[78.11654375017538,13.851874858094273],[78.11477620975099,13.862888292978496],[78.08993696120342,13.864697800711117],[78.08190598663082,13.861240944104345],[78.07899864940089,13.881155063750416],[78.04886525069328,13.89609228941496],[78.0508335017016,13.875986625249094],[78.04619277440113,13.862133164173429],[78.02122962841297,13.86382749443376],[78.01157670337405,13.871944203288159],[78.0004837762397,13.872928339392463],[77.99832271443205,13.86908046775446],[77.99206407908406,13.868816796072993],[77.98884668743551,13.853773596635493],[77.97610283287875,13.829492341385937],[77.95298242798238,13.827353716341035],[77.95625045317192,13.835930321797688],[77.94907877286408,13.886448963779099],[77.98431486469354,13.897193457115739],[77.98661724317347,13.903002967355402],[77.98309745973569,13.904866424239893],[77.98024856060992,13.927857067984965],[77.98752580464172,13.955498159676866],[77.97648837003578,13.958531266227123]]]}},{"type":"Feature","id":"KA-09","properties":{"district_id":"KA-09","district_name":"Chikkamagaluru","source_name":"Chikkamagaluru","center":[75.68183683838303,13.44590791397309]},"geometry":{"type":"Polygon","coordinates":[[[76.04417243535852,13.899395907609865],[76.03330148282919,13.897697192885595],[76.03238369117142,13.879764330318743],[76.02772827192447,13.873372139847618],[76.03057012376682,13.869283304935774],[76.02334290601486,13.863486563778439],[76.01857391276651,13.863778194658767],[76.01577147181233,13.871934234141206],[76.01082965078818,13.865939311942736],[76.00807613927086,13.868554636361472],[75.98882099729416,13.848492015950617],[75.9803708301824,13.847806688331426],[75.97018514129789,13.8563540577611],[75.96512796581149,13.846698669620077],[75.94974059844397,13.833831097377415],[75.95230271221192,13.815979922354162],[75.92756746611639,13.813873123284306],[75.92025744705143,13.807053528250293],[75.89548822128197,13.806206628983087],[75.88949588341511,13.809674822210752],[75.83552046494002,13.813776405103319],[75.82544335991548,13.818648889118187],[75.8077542339056,13.794438093637043],[75.79177404043432,13.796913252125751],[75.77758519094586,13.78848724259119],[75.77259867065146,13.796928623748231],[75.76705280895554,13.797063984711405],[75.76068601824399,13.794213205695007],[75.76686112284696,13.789978676715586],[75.76456014034896,13.781491735105675],[75.74909025373947,13.780939116019605],[75.73174795198942,13.769046553189424],[75.71809063834948,13.771361233817277],[75.70962295678464,13.766492317872757],[75.68715689911423,13.766724569431059],[75.6819588390452,13.761297961650731],[75.6886332272831,13.753907377732839],[75.6864963247667,13.749875974993374],[75.67647329113575,13.751146897805919],[75.67437173912242,13.761914123585878],[75.6691752672748,13.764061730768605],[75.66310727239637,13.750738933913397],[75.65585743865886,13.746130097747592],[75.66812948096037,13.730830509584003],[75.67459185601142,13.728334709054401],[75.674678676387,13.723164561864593],[75.67090132799092,13.71986160502129],[75.65115310165311,13.718693617194049],[75.64793959162488,13.709058623221486],[75.63566670131372,13.701407976863763],[75.62252992544832,13.705741994624004],[75.61729189034911,13.722947007417675],[75.62788715440932,13.73321524003444],[75.60900130804926,13.74595894869704],[75.61084943813442,13.760941383081732],[75.57140778987757,13.755376504967794],[75.56727971494006,13.753093228409282],[75.56581279213223,13.740835725384022],[75.54092223001905,13.728002178626502],[75.53285423497522,13.730742409294125],[75.52164246791533,13.743613366019247],[75.52096373502265,13.75177114111339],[75.51069374374033,13.754970616396655],[75.50690626504279,13.765679561244148],[75.49830087084655,13.758069956131562],[75.48728341656913,13.768564420313307],[75.48862013755968,13.75972853966596],[75.46117822259733,13.741724435819762],[75.45978292156879,13.730675081375416],[75.45434418576713,13.723644717359662],[75.42659203672312,13.715114508071427],[75.41918505889628,13.7060816257401],[75.40252107142399,13.703756283826165],[75.38293619204248,13.710861802383052],[75.38225199110462,13.702623003619538],[75.38785411159185,13.69851480996633],[75.39419597585092,13.700258992299045],[75.39426487663323,13.693507062827049],[75.40545324078332,13.676612747716042],[75.41467954241912,13.65286233991328],[75.40908637544034,13.642156610615652],[75.41194193826885,13.639643470401142],[75.40539268355339,13.630018019920284],[75.40728676785523,13.625606832596148],[75.39431636357374,13.630516032608163],[75.39209799014925,13.623908869988941],[75.38665925255097,13.623461629916628],[75.38877513359141,13.61327034069553],[75.3782355578923,13.615010492324249],[75.37910424763668,13.620668775810731],[75.3745896276324,13.626769878966847],[75.36601357959988,13.621938356423831],[75.36393073140907,13.604195068589773],[75.3697389047612,13.597072855433725],[75.35735666792043,13.595603244882138],[75.34430196932591,13.58060643864873],[75.3407853362798,13.585744453670488],[75.32818178509572,13.585850626216507],[75.32617976731417,13.592538910036112],[75.30796949896354,13.583992671834828],[75.29497309833603,13.584711792137902],[75.27886221975386,13.564476956400245],[75.27144562276698,13.568993259987211],[75.264539823122,13.586620305680846],[75.25647009432967,13.583710504973762],[75.25493966242789,13.594768711940606],[75.24915194461309,13.595989280575301],[75.24476446406928,13.605108208346675],[75.23546981501342,13.598441718277208],[75.22586719922369,13.605898084793239],[75.22137931398059,13.602329445383445],[75.22376552144621,13.596024024647413],[75.21066342594067,13.585308676224987],[75.21173745079605,13.578140559374019],[75.22644788190144,13.56832357704037],[75.22203264341535,13.559589327898076],[75.21593424056461,13.557851549960928],[75.22437041911076,13.548556564153596],[75.22074304355304,13.533237115593213],[75.22618218359659,13.528159732182232],[75.21969082979274,13.523593073140463],[75.20879061194812,13.524658780024415],[75.2040958204406,13.518161364272748],[75.21106513726436,13.51698867129615],[75.20271200437297,13.508982753749152],[75.188398918779,13.508756136578963],[75.17615965959544,13.49908651632201],[75.16973050244697,13.507941802416962],[75.14663544710959,13.47803459243275],[75.13625407012192,13.472449082857066],[75.14412644623282,13.454705390244829],[75.1545204014311,13.453131811099588],[75.15301378656245,13.439930655427215],[75.14873796391353,13.436830665291241],[75.1549566377061,13.430267858628042],[75.13988548091186,13.406767767012283],[75.14634776882636,13.39281581041301],[75.13956147026698,13.386773668125555],[75.13190315370514,13.391180327200775],[75.12709301941344,13.385205629191375],[75.12767938124041,13.36614246486895],[75.11204616923415,13.356402390005194],[75.08972862194483,13.361190494950268],[75.08883963835989,13.349905231566915],[75.07852533767617,13.342956923338681],[75.0960260034277,13.317022461420628],[75.10069353196467,13.301069228892805],[75.11246673799228,13.282468019241593],[75.13994037336565,13.288072542282816],[75.15290449842331,13.26430810967812],[75.16882794262312,13.21158606564113],[75.16674617600393,13.20280040457253],[75.17356406741352,13.20397440195464],[75.1898375096211,13.183077265241288],[75.20628334931146,13.176741002183777],[75.21124677212326,13.164618053908708],[75.20754434681513,13.153216424001439],[75.2172349660617,13.156548690051322],[75.23371026510351,13.138392032589554],[75.24466223309503,13.13729362578228],[75.25224091400696,13.12892744164184],[75.26128271785304,13.13129999209179],[75.26838700205668,13.125382551312152],[75.2775260566171,13.126823539426367],[75.28477199076804,13.134916327014578],[75.29426148081573,13.124402632994602],[75.29746357505331,13.132733215576078],[75.31113678617882,13.131928213563025],[75.31644337081904,13.136399423194918],[75.31688408699239,13.144448848148087],[75.32380099430586,13.1471847707075],[75.32181075074273,13.158189439350396],[75.32805269000286,13.170859060082122],[75.33305708856801,13.16978436459499],[75.3423303559235,13.181595444239665],[75.35198827379875,13.18516258239919],[75.382278102435,13.178809572947198],[75.40379733489759,13.159622957114424],[75.40959793635024,13.149507626209456],[75.41063626574949,13.118110084661652],[75.40712640959386,13.11168369208254],[75.42467518731534,13.106293863598149],[75.43371605691355,13.121685758623569],[75.44275668216999,13.113706717942012],[75.44482015010684,13.104685135273062],[75.45508569383021,13.110083181076773],[75.47085064916277,13.097066257393717],[75.4703870618823,13.077627749114715],[75.47968151780039,13.077222078681029],[75.48608274542838,13.092391696143487],[75.5152041686122,13.066008208790253],[75.51573416744331,13.056341165715905],[75.52552869122552,13.049547899898336],[75.5196747280484,13.027286702967377],[75.5310625532259,13.021262187761126],[75.5324979945746,13.004526850215255],[75.52459012423016,13.00040639068909],[75.52512300575503,12.993740196895722],[75.51428972767042,12.978933897952784],[75.52044739866868,12.977580642705338],[75.52476551579781,12.96692973592514],[75.5298067740357,12.967731676653306],[75.53405909496016,12.958911002425468],[75.55624784180402,12.942963926718416],[75.5567404168204,12.912800119050644],[75.57222089277049,12.934728674258308],[75.59543835165017,12.9437719793653],[75.60291552203668,12.9583983552054],[75.60412135220211,12.97349401097806],[75.63140858356073,13.011640671922049],[75.63757568507287,13.011188608154606],[75.64266524302863,13.031318500940134],[75.6545623716497,13.029374231602404],[75.65563106590217,13.022504395138839],[75.66492033135452,13.031849741322933],[75.6812702381591,13.030689991580573],[75.6841845921297,13.035787450384008],[75.6905638209147,13.033670877216254],[75.68843090691816,13.03931176865675],[75.69467421341417,13.046026317861685],[75.69644190655215,13.036815079400364],[75.71039579269492,13.038166918419275],[75.71653338634658,13.030942693586194],[75.72476163634552,13.031436946148945],[75.72789761278156,13.023463303648008],[75.74022145284069,13.029989117662291],[75.7425026463513,13.069439162764716],[75.72706537756972,13.099391803742474],[75.72828052955288,13.105610260838084],[75.73831587279814,13.110107657324207],[75.73532909036113,13.123491196095685],[75.75370142287385,13.136038870823917],[75.75184262259975,13.145655593578082],[75.74491937407866,13.150689999641324],[75.74080037841375,13.149137099811016],[75.73019496788243,13.164390329001169],[75.72873588916367,13.183164851811167],[75.74321172433429,13.207785484106566],[75.7506302329361,13.206424683830733],[75.75834674326038,13.217415388207334],[75.76602529437402,13.212131049071031],[75.77581693186924,13.216107915829582],[75.77896548471925,13.209935480801859],[75.80569555758245,13.215923889863326],[75.8124772468861,13.230745274018727],[75.80878896016223,13.254485174563053],[75.81601753616691,13.258911678611693],[75.82452218520233,13.253006701619542],[75.83891713875973,13.251911166351942],[75.85730680696079,13.258294971080632],[75.85466795191476,13.255103938685998],[75.86003391878852,13.253161002667069],[75.86154359781061,13.240023003156947],[75.87167915980393,13.248005002730062],[75.87675862878075,13.260298052968471],[75.89939471058497,13.266312735071107],[75.90338953302648,13.257897066951891],[75.91609675608257,13.26306137515718],[75.91839819941632,13.257370977086458],[75.93606877791053,13.256156449732869],[75.98390804902157,13.264565661581301],[75.99007856143682,13.258131827266398],[76.01485259858293,13.26122218710404],[76.01634710595819,13.250876001613616],[76.03641296759734,13.248556606177711],[76.03897674774011,13.266076801418569],[76.0443212152342,13.275018245208154],[76.04243684800878,13.279998042378631],[76.03817329185506,13.280073426579362],[76.03931759999995,13.292692274297075],[76.03532305064627,13.30047788902894],[76.0399342404419,13.309776148606167],[76.03717590137826,13.318592738817513],[76.04291507782837,13.323751499598687],[76.02695260991429,13.321341195605076],[76.02695948561946,13.326940834400451],[76.0284845357144,13.333006623370627],[76.03322469304207,13.332348587804043],[76.03473684422784,13.336534192020945],[76.02876086558062,13.345643164909312],[76.03452329043027,13.35144391837471],[76.04161841720796,13.374355664591036],[76.05584761812067,13.380854670743297],[76.08889151433134,13.371506842170648],[76.08994492195265,13.393684050829926],[76.09961646996572,13.392501301424689],[76.11050155299446,13.395873840682913],[76.11122598408399,13.400623853597216],[76.12885182557875,13.400357861813063],[76.12938273530153,13.403914680193614],[76.13944699082424,13.406599043426269],[76.14068104964917,13.43705561541013],[76.13722753942145,13.442280229863927],[76.15782747285321,13.45998141716611],[76.16218787098784,13.469697715572286],[76.19341346028247,13.468905296369693],[76.18727246830407,13.45265035511884],[76.19635909538789,13.450347702664132],[76.19966519567076,13.45034228761922],[76.19798048800041,13.46890861084009],[76.23113141129068,13.467889547930618],[76.23408429580044,13.483435134254911],[76.22914782334551,13.484029200076026],[76.23830580630728,13.494795218277705],[76.23388697815336,13.507515016219717],[76.26007981086595,13.511422159566608],[76.26205734236947,13.505205216979917],[76.28985634125051,13.504841572170267],[76.29315982743591,13.527137027738457],[76.29998690771252,13.522061270704114],[76.312037906962,13.525416388161192],[76.31594867044913,13.5397421923747],[76.32145762306496,13.537304826766894],[76.32972841008925,13.522148718639594],[76.34573447234575,13.513848955846461],[76.34845338435157,13.525532013410443],[76.36268391117764,13.5305138025906],[76.3638652927943,13.547131692992817],[76.35310234201668,13.579468155699898],[76.34122640555147,13.57612103298458],[76.3331593187044,13.5963238483503],[76.30025257637296,13.5888563549083],[76.29294296334653,13.59045829758529],[76.29250144497766,13.59742704717747],[76.28767893010469,13.594772440277017],[76.28194028905047,13.606800920612429],[76.27311589726608,13.604994011827765],[76.2800794091765,13.637052917195117],[76.28654520680878,13.646613822703477],[76.2631512765865,13.648836579861497],[76.25478907789723,13.6619703164017],[76.24264545335885,13.666670536120126],[76.23587514570983,13.677854437754627],[76.22167837757215,13.6821264058853],[76.21966126809383,13.71332420433611],[76.1950364069804,13.711320831043471],[76.17360740130493,13.7167534152616],[76.16998500600718,13.726877352826847],[76.14890997607952,13.732511026878095],[76.14695603792858,13.75241504158867],[76.13248081810394,13.786581814975445],[76.12949840327583,13.81425356129021],[76.11519948770716,13.812061326257508],[76.09859536576205,13.8639007659837],[76.07735598007001,13.8802208945948],[76.05550788605997,13.880775643067356],[76.05041788433644,13.89910877577035],[76.04417243535852,13.899395907609865]]]}},{"type":"Feature","id":"KA-10","properties":{"district_id":"KA-10","district_name":"Chitradurga","source_name":"Chitradurga","center":[76.584528706555,14.294584436123571]},"geometry":{"type":"Polygon","coordinates":[[[76.72027586489872,15.033819801957467],[76.70370398259081,15.033373962354537],[76.70186609240159,15.016139680623926],[76.68595664395389,15.018783265667041],[76.68808316014896,15.025009660179814],[76.67792836702205,15.024596377308782],[76.6715340905577,15.0186734835896],[76.68871579599285,14.978575298063912],[76.71548891522616,14.972723737192387],[76.71671525482785,14.947869586412105],[76.71294725609727,14.93961513236259],[76.7059952605888,14.942297220622061],[76.70692536904744,14.931054004147196],[76.69721094893741,14.927595731061848],[76.67931177705114,14.938843352006074],[76.65978728421965,14.941752520972077],[76.66527647120431,14.915831457976534],[76.67733483663908,14.91121998940251],[76.67794280474527,14.88717493379626],[76.69752374770924,14.888204623658327],[76.71355919835028,14.864994775627588],[76.7117041683054,14.837312766434],[76.74057983219046,14.825980959425147],[76.7417115603281,14.818320744701795],[76.73416752474174,14.813543080991167],[76.70461291326666,14.81788394906802],[76.68276487225721,14.808635457181623],[76.67481428702105,14.794113364765106],[76.6674665414091,14.793789372008632],[76.67286243116497,14.788338550597782],[76.6672694357644,14.782510195370886],[76.66691525160743,14.77526642618558],[76.65983696644476,14.771711153194133],[76.65540945966684,14.757716520915952],[76.64880115329788,14.756253109352778],[76.65152756084645,14.737270129640319],[76.64707396968763,14.730785698616264],[76.65119204188444,14.72526768439047],[76.64480216985996,14.712972011693903],[76.63033023158106,14.700775732179208],[76.62408117766387,14.702429579945255],[76.61744742202292,14.69251463256713],[76.60833004201365,14.687619932016515],[76.61058320359578,14.66873518378324],[76.59802203043525,14.669280590756538],[76.59734200756176,14.653432379670814],[76.61212133495788,14.648381708587166],[76.60281691133339,14.633766293650346],[76.59599477268915,14.630579453222355],[76.60085537792678,14.620837138389911],[76.58505353956528,14.61740917473048],[76.56745917503807,14.587321939039649],[76.55064126303847,14.578875209254965],[76.5496966234318,14.573470097707787],[76.53519576658725,14.564842351986982],[76.53526694370048,14.561168413405008],[76.51004125788401,14.560388562710443],[76.51475997242586,14.55110878399097],[76.52384778887915,14.553142159735883],[76.53313147399696,14.54266205296886],[76.521430682961,14.524341146309704],[76.51368437102717,14.523153395852942],[76.50811674584688,14.5162861192588],[76.48482307300017,14.504533456934922],[76.47324903155585,14.502464061963718],[76.46136657601664,14.506088400416697],[76.45560059473678,14.471567931271986],[76.45965167956284,14.451646816621967],[76.43837872742189,14.44790692488391],[76.42348679440829,14.449968989994225],[76.42394544095472,14.438519577676477],[76.39647447088284,14.434388333836111],[76.39322809778656,14.426335678015041],[76.3832123153566,14.426982228623162],[76.38387066367886,14.420407078197576],[76.35288768059637,14.419384349829489],[76.34945231364246,14.416211581625005],[76.33921393766822,14.418971239072011],[76.33262240284563,14.409534320377116],[76.29306807171616,14.408764118618958],[76.28117738491399,14.404168167970308],[76.27412760329526,14.409023101933494],[76.2661537732528,14.423820420124501],[76.2612758152588,14.444262899851156],[76.24742447719561,14.443997819345892],[76.2380533886956,14.45040044762172],[76.2184801541751,14.441869813897306],[76.20770273782645,14.45739230587025],[76.17335193211623,14.460637721938971],[76.17200232569124,14.447998204967414],[76.13623602033333,14.426965509197876],[76.14312097008057,14.412142716089003],[76.14927335808665,14.407727155679032],[76.15528464232116,14.386857475255194],[76.15074856336139,14.366323155204388],[76.156751083632,14.36035732142511],[76.1565468830932,14.320006285380305],[76.11612216170855,14.323189945145932],[76.10635382920674,14.31027679661031],[76.12007267115543,14.294849480423334],[76.11704293756969,14.277459780091217],[76.12490181379854,14.282494357601369],[76.12989256156463,14.279936652410417],[76.13487353027055,14.256043913757654],[76.10518570223208,14.246543045758639],[76.07897590842859,14.245128953880538],[76.07209116439557,14.226002345009434],[76.06101980042132,14.222478998148127],[76.06555058830406,14.206247479177039],[76.05775562810602,14.201789390375614],[76.0563080666875,14.19457191808739],[76.05752584264961,14.181249829799157],[76.0659095964141,14.181261191206495],[76.06328961587052,14.159509789798507],[76.04627072019915,14.154935611298965],[76.0463807889743,14.145074735773424],[76.03263102701354,14.133857538747728],[76.0318819677122,14.120295190335291],[76.02495778943481,14.11311583140244],[76.02527854189016,14.100019394118064],[76.03492497390623,14.099512110400582],[76.03320970465158,14.090089519820452],[76.04691663763452,14.097429291984893],[76.05455453459169,14.088958216606807],[76.05650472856448,14.071474079835806],[76.04764286265969,14.047166950031983],[76.05081633836893,14.023699653383218],[76.04323777244139,13.987313306819846],[76.05083058025946,13.978593731617426],[76.07218702002628,13.982210577434492],[76.06560347032821,13.941513071375553],[76.04459162699933,13.942369788158613],[76.02936491343891,13.918429989776195],[76.02837412737607,13.898657826115436],[76.05041788433644,13.89910877577035],[76.05550788605997,13.880775643067356],[76.07735598007001,13.8802208945948],[76.09859536576205,13.8639007659837],[76.11519948770716,13.812061326257508],[76.12949840327583,13.81425356129021],[76.13248081810394,13.786581814975445],[76.14695603792858,13.75241504158867],[76.14890997607952,13.732511026878095],[76.16998500600718,13.726877352826847],[76.17360740130493,13.7167534152616],[76.1950364069804,13.711320831043471],[76.21966126809383,13.71332420433611],[76.22167837757215,13.6821264058853],[76.23587514570983,13.677854437754627],[76.24264545335885,13.666670536120126],[76.25478907789723,13.6619703164017],[76.2631512765865,13.648836579861497],[76.28654520680878,13.646613822703477],[76.2800794091765,13.637052917195117],[76.27311589726608,13.604994011827765],[76.28194028905047,13.606800920612429],[76.28767893010469,13.594772440277017],[76.29250144497766,13.59742704717747],[76.29294296334653,13.59045829758529],[76.30025257637296,13.5888563549083],[76.3331593187044,13.5963238483503],[76.34122640555147,13.57612103298458],[76.34763523292676,13.575971495676717],[76.37352319360161,13.593099037383231],[76.38270794815548,13.576865371959487],[76.39946123804849,13.594856260598261],[76.4133103734426,13.578200828178911],[76.42443579803064,13.581376207610163],[76.4303102796272,13.593130023829813],[76.45512474904591,13.590859500610916],[76.46167474307485,13.60015380835665],[76.45529304122788,13.611436201756295],[76.46069699695668,13.6188914883961],[76.50008208818156,13.621692159807889],[76.49721863006,13.627102117637582],[76.5169895810796,13.634254025407651],[76.51852841043267,13.64111179029744],[76.53398685789533,13.650861971588272],[76.52953012442966,13.66605435898825],[76.53974499867942,13.663138745687526],[76.55548468080977,13.682608793257533],[76.57657761056778,13.690111829149723],[76.56937943624727,13.71458246601262],[76.59597233367165,13.720110131221608],[76.60379797043835,13.725665313914254],[76.60944723361337,13.723483006400299],[76.62085118444851,13.734000184293285],[76.62445244777753,13.7340545003321],[76.62981502979929,13.713649688385006],[76.66178116416303,13.72131234804097],[76.67304158038546,13.718653283298332],[76.67248915690992,13.70611669571416],[76.68504462037852,13.690450081143709],[76.68977199018815,13.722405305157688],[76.68444830970977,13.729723430408635],[76.68753113732204,13.745969685000933],[76.69775203836905,13.760372674773674],[76.69391630486939,13.763288949012248],[76.6980353068225,13.771376609739104],[76.7058222226072,13.775726640150308],[76.72374152933222,13.799685535773985],[76.73098925292719,13.78462742082762],[76.74897469721671,13.780632726719418],[76.76453133233655,13.781996584394404],[76.76878841972191,13.795131641070684],[76.76394767084533,13.821725430382909],[76.76659085936429,13.835835884991628],[76.76230391557212,13.835056571410385],[76.75222724982378,13.850136902318383],[76.75280727942635,13.85520786184697],[76.7467861074355,13.85638559032289],[76.73576124744685,13.870111259706013],[76.72310556523021,13.890112358811553],[76.722863742349,13.898447451648057],[76.75246025214723,13.906551015136973],[76.74945702604896,13.916143832906474],[76.75203212137103,13.919588872723173],[76.76379258569467,13.920412639408765],[76.76466501243061,13.924421671866527],[76.81536647144539,13.91603251207225],[76.81135420911093,13.936482950382619],[76.81938656080092,13.9365709074152],[76.8218909623034,13.950508848277758],[76.84202200659792,13.96275091604549],[76.84987471768895,13.963574500798137],[76.84850736055395,13.98042660382379],[76.82343512764926,13.99429163841207],[76.82493698144688,14.001154099404474],[76.83336975358151,14.003190552099548],[76.83724556092598,14.018172564235671],[76.87277485567766,14.009155688623801],[76.87638028808792,14.019391872588525],[76.87986564898236,14.018677898236634],[76.88863338312346,14.047849321424296],[76.91009656700055,14.064292949716366],[76.92301148144867,14.05701052918654],[76.92838605957272,14.07778888710681],[76.95343549503211,14.099208036900412],[76.94425981166597,14.120744622089921],[76.92498110777767,14.137108575366044],[76.91757010280344,14.128839757185087],[76.91284203230788,14.128813357267992],[76.88591403812967,14.138238190041415],[76.89051754193972,14.142824921589046],[76.89453436681752,14.167811338162839],[76.91974826673744,14.164459663360422],[76.92192140998736,14.169421335366563],[76.94237118732444,14.173330466415235],[76.94270617987367,14.195402019566359],[76.94756619491815,14.198175404613911],[76.96060465915886,14.181771253796153],[76.98377203875809,14.178815771232951],[77.00546041859877,14.183968536945718],[77.02275835704853,14.179227221098401],[77.0214615553926,14.188789205955727],[77.00279500665802,14.197956704384637],[77.00641174885769,14.215056297692257],[76.99928810056983,14.229102615593336],[77.00379105235683,14.229561417958841],[77.00566394270619,14.235785327743049],[76.98559659974511,14.247334462577681],[76.95193906077057,14.241901534688113],[76.9397640095703,14.244855983393022],[76.93579703310593,14.259365231032424],[76.92489740006457,14.273783641600103],[76.92818388203992,14.27930088032509],[76.93711370010607,14.280338240180187],[76.9567244509678,14.294346461390674],[76.94564969764997,14.313181052262411],[76.92720439229177,14.314514123175185],[76.90338800235767,14.322683782170033],[76.88231784758706,14.355783093247963],[76.88481786800591,14.39570872678763],[76.89863465327002,14.397950046127539],[76.91582982894283,14.420692549432458],[76.9427147453099,14.399336267673016],[76.94779351809237,14.413156602390243],[76.94479080672873,14.450896294864604],[76.95980001839592,14.450213377234109],[76.97166711993029,14.468136527706703],[76.97481429925628,14.485330367733312],[76.94339117222727,14.489481383383817],[76.90068809061842,14.489208135156042],[76.88650884232369,14.483528521652552],[76.88427458937997,14.47707571490287],[76.86796159524876,14.474038376997408],[76.85560253673893,14.509591444054324],[76.835491786285,14.52129746282849],[76.83100862707862,14.530361792372862],[76.82346183995254,14.526821668403832],[76.80628218806613,14.531064889586343],[76.8028175980177,14.542198696886654],[76.79136289955552,14.554653614821053],[76.78184267185372,14.596496031766891],[76.78023403172497,14.593056408058835],[76.76499495644796,14.602123662142866],[76.77252735525812,14.639110691182353],[76.77527089008589,14.680960038890978],[76.7862194256147,14.695780253346644],[76.78650854210068,14.708429773180283],[76.80294369543245,14.741884212796046],[76.7895294955528,14.76005804059217],[76.7889846269088,14.772279613063608],[76.78268687442176,14.785938034175114],[76.8176622940204,14.787602064371734],[76.81907526401224,14.793117188395582],[76.83674836856903,14.790774783876431],[76.8373681369448,14.810564109010521],[76.85397732808306,14.80944424109982],[76.85456346892448,14.818092408571045],[76.84601182362665,14.822048487067752],[76.84549696320471,14.83405127523793],[76.84178895756206,14.83655241117053],[76.85406397777875,14.843227453197457],[76.85719345041215,14.86910692598588],[76.8538809217851,14.86917664957191],[76.85247455980046,14.88697496038081],[76.84547946581961,14.8892940462546],[76.8473330055594,14.895982970883493],[76.86384369283351,14.895581905572767],[76.86962148336612,14.937710050707802],[76.86745880998087,14.969822332692896],[76.84193746973976,14.966405305399029],[76.83411471656517,14.956455433098995],[76.82850353656828,14.956457303385525],[76.81827919497375,14.96943810398493],[76.79626962429982,14.969168544589294],[76.77760704342388,14.975446882995824],[76.7671245628476,14.974899192028424],[76.76056909628197,14.989857617704205],[76.75075596210199,14.983172543411463],[76.73405624144434,14.985450000293127],[76.72749778708207,14.997350990112233],[76.72773468180563,15.004629492427526],[76.7360937247133,15.023134847413079],[76.73270839841226,15.031767451983201],[76.72027586489872,15.033819801957467]]]}},{"type":"Feature","id":"KA-11","properties":{"district_id":"KA-11","district_name":"Dakshina Kannada","source_name":"Dakshina Kannada","center":[75.25843419774398,12.815777677275724]},"geometry":{"type":"Polygon","coordinates":[[[75.353367530018,13.18399668475913],[75.34127884823901,13.180863124239448],[75.33305708856801,13.16978436459499],[75.32805269000286,13.170859060082122],[75.32181075074273,13.158189439350396],[75.32380099430586,13.1471847707075],[75.31688408699239,13.144448848148087],[75.31644337081904,13.136399423194918],[75.31113678617882,13.131928213563025],[75.29746357505331,13.132733215576078],[75.29426148081573,13.124402632994602],[75.28477199076804,13.134916327014578],[75.2775260566171,13.126823539426367],[75.26838700205668,13.125382551312152],[75.26128271785304,13.13129999209179],[75.25224091400696,13.12892744164184],[75.24466223309503,13.13729362578228],[75.23371026510351,13.138392032589554],[75.2172349660617,13.156548690051322],[75.20754434681513,13.153216424001439],[75.21124677212326,13.164618053908708],[75.20579923822169,13.177283488318043],[75.19211568030073,13.163552296824307],[75.18028927873694,13.158041058810362],[75.16766765255102,13.13623639305207],[75.15003682540642,13.12469996394856],[75.14484918938793,13.126196299598334],[75.14468349513376,13.13133505162171],[75.13641525662997,13.133771446611997],[75.115124189063,13.131249220676654],[75.12066695696109,13.1362074290139],[75.11069597081938,13.147514823652243],[75.11287710188878,13.150809729355629],[75.1036765297994,13.151084660826475],[75.10092754938437,13.1540627552386],[75.10367583360505,13.157732921572752],[75.09706256134919,13.155946948712208],[75.09991187908987,13.162889324376929],[75.09746724699478,13.164873111431868],[75.08088748556354,13.161792692746266],[75.08363458221142,13.145925052116699],[75.0764122396165,13.147808315256178],[75.0705149093707,13.143242279612528],[75.07122669667261,13.136499264133828],[75.05851412684395,13.131533594180555],[75.0366382596203,13.14164590897515],[75.02433108959788,13.138662783310377],[75.015180742316,13.130826494611245],[75.00291253582074,13.152342838722442],[74.9942126604162,13.157282307396017],[74.97486167358855,13.129367824231688],[74.9610093985825,13.126772071586418],[74.95331753443635,13.121044448389146],[74.9401666172918,13.133257063977075],[74.94399011483895,13.136341486405618],[74.94111223336718,13.138017095273572],[74.94273264142615,13.14330587462129],[74.93562686062924,13.144277204145874],[74.93331183926,13.149710116733056],[74.910551950745,13.13290972640332],[74.90821231823192,13.123874315336856],[74.91324866538014,13.120788348835601],[74.91257299574256,13.112457972914381],[74.90911030922423,13.111885398388731],[74.91185291609229,13.108050408680613],[74.87824967129352,13.095309342575712],[74.87015230672982,13.117956738606825],[74.8628798588033,13.126932225408483],[74.82605301140411,13.129553070054335],[74.82266035664699,13.123735667785528],[74.81457251602193,13.122323651738666],[74.80961336200437,13.113224471782845],[74.79208063717701,13.116970353338928],[74.79250239260963,13.110887165387616],[74.79848404771114,13.10748136291157],[74.79178437010135,13.096529598751648],[74.78249454410027,13.10386018764846],[74.7774829401482,13.102714802142092],[74.78076665261756,13.08926584716899],[74.77731247943315,13.080003900399204],[74.7795516398733,13.072366695708824],[74.77633198806349,13.071521812396155],[74.78167494728618,13.042470477266884],[74.82442737874347,12.849057475989754],[74.86423511922469,12.76130883813822],[74.8644049493224,12.770886051018042],[74.86720978159191,12.761367795262489],[74.8722422417299,12.761058450907878],[74.87414413059493,12.754938844397605],[74.88231255998244,12.754048560118079],[74.93292612423656,12.780542467387281],[74.95819035676188,12.784667306314704],[74.95998914777837,12.778886104013964],[74.96440620355625,12.781632717087053],[74.96836010504163,12.776361494145828],[74.98730748240538,12.782962338670718],[74.99209440063689,12.788207715793298],[74.98903046010346,12.795463061694203],[74.99874921817802,12.789081653950666],[74.9983056777014,12.785940677142326],[75.0031625594222,12.791667309167492],[75.00338779221674,12.77797643080222],[75.00944829963727,12.76751232825093],[74.987681342362,12.741652849612388],[74.9846382723876,12.743075100900265],[74.98326727887232,12.737196294307962],[74.98559193377469,12.733597227221672],[74.99248488840942,12.739885090060904],[75.00000000004029,12.732054055154789],[75.0133996247544,12.72795454683676],[75.00098652269875,12.716393164105385],[75.0150367387827,12.714231664861762],[75.01863797067068,12.721109654849014],[75.02657745542491,12.719308896319834],[75.03357788090699,12.723505819341764],[75.05245776425016,12.72008110018891],[75.05033564800337,12.716318034385885],[75.05429700820055,12.707131281992611],[75.0502283882601,12.704387106149325],[75.05558614093889,12.69345649403122],[75.05384966964694,12.69052043575512],[75.04392407178328,12.692637129282469],[75.0404989653865,12.685353413827423],[75.04664200103217,12.667565674285292],[75.05397384826024,12.670222190381807],[75.05751979333407,12.666054639752106],[75.05981399085672,12.671766017435813],[75.06857660909228,12.66467025867252],[75.07414622493926,12.67224593340075],[75.08516610556624,12.6747608187525],[75.085081690879,12.695670888721024],[75.08094928965511,12.699068519761147],[75.0860091403244,12.70403456312911],[75.106249110737,12.696814515659561],[75.11145748077057,12.68181922917084],[75.12212860216663,12.678912938893353],[75.12492311189519,12.6814800997475],[75.13251367572167,12.676136311586335],[75.152002592573,12.683240573699267],[75.14987683814925,12.673327496943426],[75.16203353227675,12.671956426331485],[75.15080595576615,12.650056280811027],[75.13850696220948,12.643436386617134],[75.14444032927119,12.640491027084392],[75.15392230580987,12.624970661152956],[75.16068309940171,12.622126922351775],[75.16996061309352,12.622273640598657],[75.18290036595921,12.632798657114389],[75.2017418930364,12.630022551843973],[75.19925775213682,12.612068693393935],[75.2067393116918,12.608014759608034],[75.20998471101426,12.600233046603304],[75.20172755772109,12.593357000341182],[75.20114222895668,12.587733181053709],[75.20948838193833,12.591070859120057],[75.2126203635663,12.578163834586613],[75.21776558023879,12.576362234989046],[75.22031833356147,12.569102548921213],[75.23749739076312,12.569758048570764],[75.23866578723235,12.580707374045383],[75.249697912795,12.584566691855024],[75.2612636133819,12.598166320934613],[75.26716178804404,12.614656005095444],[75.27634946391923,12.618507456121721],[75.28958369172157,12.61039891559597],[75.29156481019801,12.601948353237693],[75.30188516822169,12.605409005093945],[75.31215682498058,12.589718820933347],[75.32701339042312,12.592393809812556],[75.32642821527061,12.581391926573843],[75.3153932573199,12.572537156424564],[75.30803861893479,12.57832565380286],[75.29053690125609,12.58260902659602],[75.28467431155727,12.569568310634613],[75.2728865860597,12.568968930132451],[75.27055600497144,12.548336913617772],[75.28030976859594,12.525311636044087],[75.3040976549861,12.523281857904417],[75.3045597573514,12.504077236388735],[75.31445238524749,12.50291896960835],[75.31502839399084,12.49711067059195],[75.33299720687117,12.49833129111055],[75.33742461213944,12.488516929189148],[75.33610192912187,12.477006933619009],[75.34154492742957,12.469120272673425],[75.33660426613044,12.464082326076658],[75.36081761979194,12.464968383185074],[75.37259945234126,12.4770318081619],[75.36805256215705,12.49121251959851],[75.37779020910706,12.495104128033027],[75.38223084835612,12.502015757340196],[75.39169482624975,12.49936191627118],[75.39905425984185,12.503523037910682],[75.40300074034467,12.497737875349163],[75.41195164276886,12.502010646975005],[75.41612832913964,12.500028884986891],[75.41942366131723,12.509345903409194],[75.41643021787235,12.515300868015585],[75.42888692235528,12.514998225604735],[75.4343485607051,12.530123489622461],[75.45319946170227,12.513658476621966],[75.45809418405608,12.515876037580036],[75.46131027135083,12.50498292337374],[75.4724867948072,12.499455994596032],[75.46198288491982,12.487907826567048],[75.46080218871771,12.4769442008181],[75.46463152890747,12.471863293435252],[75.47542210288012,12.46343116737616],[75.48195321881336,12.46580602278727],[75.48985616100012,12.460085993386606],[75.49602185934377,12.478572179748808],[75.4933198419535,12.483725374849014],[75.52367464034435,12.489831114293187],[75.52916245110998,12.499473270203769],[75.53370364777192,12.494987084622867],[75.55183917988414,12.493221303386584],[75.565910006914,12.486106816020623],[75.56481786034439,12.495055135795525],[75.55505724167594,12.498338268739547],[75.55617171766855,12.501229429073478],[75.56418317095174,12.510652938659348],[75.58093070623703,12.519320903388016],[75.58268593525045,12.530837586803775],[75.59098847771999,12.540081834617062],[75.59584381433848,12.527644106818082],[75.60574000585132,12.521114094176058],[75.60549697743097,12.512671137409885],[75.61476190662398,12.51018593821795],[75.62675896204063,12.52111967157746],[75.63232077332442,12.521106116562565],[75.63314892299832,12.528089150756445],[75.64428268125725,12.539415319304775],[75.65374176692586,12.540720850902234],[75.67055893062881,12.551050971647877],[75.66870689287217,12.565171004719824],[75.66313551003903,12.56956040904896],[75.66845482740008,12.572181167208939],[75.66211046492619,12.577863335209107],[75.66420049155444,12.585564734621782],[75.65391854998389,12.610704681426158],[75.65440246703754,12.618329419408575],[75.64231784294869,12.626248890168176],[75.64196836416717,12.632933560989782],[75.6479675283319,12.665728361847995],[75.66694540978773,12.697820864166507],[75.63787427159858,12.695310408747575],[75.63386917871838,12.689819051135885],[75.62605703195233,12.70513637039338],[75.65148871403986,12.719322849182364],[75.65812077455988,12.741803164992993],[75.65744048758177,12.752044903716751],[75.65512876572457,12.749288112394803],[75.6383230573381,12.76085651327581],[75.64117331291993,12.769978328108536],[75.62937916536637,12.779030093115624],[75.62120239422315,12.778874467244291],[75.62279535964848,12.791620014568071],[75.61441818155186,12.797215035221996],[75.6182719002218,12.817626065428977],[75.61487211194304,12.832011974819379],[75.62219963378297,12.846963351596813],[75.62132419858916,12.855311127678162],[75.60225749800622,12.864950274902727],[75.60279991424947,12.875544362067387],[75.56361297340997,12.866538813721903],[75.56433390286654,12.875483362322544],[75.55996131459351,12.878343198051207],[75.56119642893891,12.893466204209691],[75.55453540044591,12.906381568427626],[75.55640919270378,12.942661150672693],[75.53405909496016,12.958911002425468],[75.5298067740357,12.967731676653306],[75.52476551579781,12.96692973592514],[75.52044739866868,12.977580642705338],[75.51428972767042,12.978933897952784],[75.52512300575503,12.993740196895722],[75.52459012423016,13.00040639068909],[75.5324979945746,13.004526850215255],[75.5310625532259,13.021262187761126],[75.5196747280484,13.027286702967377],[75.52552869122552,13.049547899898336],[75.51573416744331,13.056341165715905],[75.5152041686122,13.066008208790253],[75.48608274542838,13.092391696143487],[75.47968151780039,13.077222078681029],[75.4703870618823,13.077627749114715],[75.47085064916277,13.097066257393717],[75.45508569383021,13.110083181076773],[75.44482015010684,13.104685135273062],[75.44275668216999,13.113706717942012],[75.43371605691355,13.121685758623569],[75.42467518731534,13.106293863598149],[75.40712640959386,13.11168369208254],[75.41063626574949,13.118110084661652],[75.40983296976452,13.147989003624721],[75.40397718121076,13.159419560689795],[75.37654957641088,13.181751788154106],[75.36415159659472,13.18021468814644],[75.353367530018,13.18399668475913]]]}},{"type":"Feature","id":"KA-12","properties":{"district_id":"KA-12","district_name":"Davanagere","source_name":"Davanagere","center":[75.96054663614778,14.409414109001888]},"geometry":{"type":"Polygon","coordinates":[[[76.04523104781858,14.930606005332178],[76.03256936844906,14.924500522246133],[76.01265643510557,14.896329720333197],[76.01050476787914,14.905230701821075],[76.00569939286183,14.905928621057441],[75.99729428165145,14.898117169675071],[75.9845203155664,14.908168901922062],[75.97708991237188,14.898442992341597],[75.96592295776993,14.908465947407166],[75.96533057723057,14.903016382974844],[75.94003638139894,14.900010393872414],[75.93430940586703,14.892031489765479],[75.89772482332017,14.880803403303606],[75.88738131840657,14.868607466381492],[75.87316860966413,14.86799747357913],[75.86911771797584,14.854359183796712],[75.85372942264864,14.863590244241372],[75.85391292241003,14.883563870174248],[75.8477329471416,14.884403650582126],[75.84479082624554,14.889848489200224],[75.83222299028051,14.883465623811912],[75.82566290817094,14.899203457737242],[75.81602509818498,14.899770427200448],[75.80169122827029,14.868861207577671],[75.81014518806919,14.846233215896124],[75.81029038905676,14.842685820949418],[75.80534316556447,14.841292562411963],[75.81110741040092,14.829283024711213],[75.818004346369,14.834499796031041],[75.83308344516867,14.81308813967835],[75.83329619587235,14.795446249579783],[75.82314782030981,14.776423714635447],[75.81383615087428,14.776421347682506],[75.79876363043745,14.768896995348705],[75.77292219710442,14.791616905797012],[75.77151025658188,14.782257582847194],[75.75974524588457,14.775260965226867],[75.75599862256615,14.740510972685572],[75.76377139258005,14.73204490008624],[75.76430528381131,14.723305529808696],[75.74110190961694,14.700815046801498],[75.73795880594747,14.69118670740785],[75.73960847483015,14.68522085842585],[75.76351791405804,14.675309085231515],[75.79710548505172,14.682499564926113],[75.80038961972924,14.67692876793062],[75.79885173181063,14.667582931575545],[75.81065092789603,14.654635253574835],[75.81129495078449,14.628289746411347],[75.80447329723047,14.598407956764072],[75.82024536901672,14.567017652610721],[75.79962596370287,14.5411864277904],[75.79923784388941,14.510741544087036],[75.7907631123462,14.510453868318042],[75.77294693491073,14.518404482579772],[75.7575064816015,14.514438292855466],[75.71555243683612,14.472265120352459],[75.70797960665165,14.475069683391085],[75.70017920625621,14.49113735675481],[75.68973416386774,14.491836233370575],[75.67316995856228,14.463749382578102],[75.66160181455783,14.451834513864503],[75.66123651644418,14.459160030643947],[75.65475369573721,14.46368434781554],[75.636833884159,14.465579165735004],[75.63037797158808,14.444741833908548],[75.63652220468803,14.4409908849089],[75.63459300434342,14.432928887879847],[75.64285144582072,14.431251977972273],[75.63512505133338,14.390607602895491],[75.62614510008783,14.37230985393956],[75.62286831542596,14.344178338658317],[75.63423340604024,14.324104311592638],[75.63404319676195,14.314935010022817],[75.6108562365845,14.315869878898681],[75.6034202189195,14.292966259007185],[75.58768784638059,14.289362211096401],[75.58241655564957,14.278235177902108],[75.55161670491752,14.274241293599475],[75.52988748766397,14.277396668192605],[75.52676083843554,14.2028049240063],[75.52085943073668,14.2024994716534],[75.50728245343262,14.219123507281715],[75.47622099173026,14.214917681300902],[75.47253636204793,14.210639496771002],[75.45608964560184,14.206785963769494],[75.45292054558631,14.204685573224763],[75.48419896390453,14.176225791913327],[75.46114142041678,14.174657510830007],[75.44373212410947,14.163446252185732],[75.43341983834694,14.152896503881752],[75.424272345911,14.149495457586553],[75.42057970415466,14.141013616924326],[75.41540681757482,14.141195246915153],[75.40135003121289,14.12619771095384],[75.39895524214134,14.118122052155032],[75.43289948562534,14.106457342939057],[75.44847269556051,14.095376828719234],[75.4647641714474,14.102340160025275],[75.47987185643602,14.100232952395766],[75.49050976442106,14.104747404416159],[75.49277600457545,14.099495046915434],[75.51000783241018,14.101056778737622],[75.52360532813363,14.094451543170198],[75.53128073783874,14.097505166579245],[75.54322933812894,14.078054565026587],[75.55365070541812,14.078758554385365],[75.58522077526803,14.05786047772784],[75.5912981719142,14.063917255229484],[75.60358109640707,14.056538955605253],[75.61110347361195,14.061393258409435],[75.6175329694253,14.07658733303184],[75.63070925229857,14.073496497629874],[75.63428818440795,14.079841380402758],[75.64240893930504,14.079466003365894],[75.64362155085253,14.073961560370394],[75.67299074196816,14.06494664941986],[75.72548036762456,14.07577749232364],[75.72113602058744,14.083385017799811],[75.73819446189424,14.087395535912567],[75.73878896066108,14.101079339672864],[75.75312276140549,14.101745412054578],[75.75597069214734,14.11028431907395],[75.76815751397282,14.109401231190065],[75.76851582319357,14.103585313791301],[75.8058471509816,14.098136047964225],[75.8141146070528,14.105633624100802],[75.82095468595159,14.065007633261509],[75.81391778168246,14.048777314984811],[75.80099012283543,14.043693872630355],[75.79875790008423,14.03326277706138],[75.8034076833011,14.026074162048717],[75.82385923660749,14.018939304383876],[75.83085487227248,13.986709464816677],[75.82914129005394,13.971654993390986],[75.85964771058998,13.910363315107524],[75.85975549944095,13.886593514732818],[75.8553138909097,13.872652723272529],[75.86285954705686,13.872653297122465],[75.87135210027697,13.851094358884176],[75.87053001962111,13.835523306810195],[75.8787561271381,13.810111455815303],[75.89548822128197,13.806206628983087],[75.92025744705143,13.807053528250293],[75.92756746611639,13.813873123284306],[75.95230271221192,13.815979922354162],[75.94974059844397,13.833831097377415],[75.96512796581149,13.846698669620077],[75.97018514129789,13.8563540577611],[75.9803708301824,13.847806688331426],[75.98882099729416,13.848492015950617],[76.00807613927086,13.868554636361472],[76.01082965078818,13.865939311942736],[76.01577147181233,13.871934234141206],[76.01857391276651,13.863778194658767],[76.02235770118489,13.86345900306579],[76.03007557066017,13.868442542625859],[76.02772827192447,13.873372139847618],[76.03238369117142,13.879764330318743],[76.03330148282919,13.897697192885595],[76.02837412737607,13.898657826115436],[76.02936491343891,13.918429989776195],[76.04459162699933,13.942369788158613],[76.06560347032821,13.941513071375553],[76.07218702002628,13.982210577434492],[76.05076116025091,13.978607275415905],[76.04263481244287,13.990838128881979],[76.05081633836893,14.023699653383218],[76.04764286265969,14.047166950031983],[76.05634296893126,14.07048882781131],[76.05455453459169,14.088958216606807],[76.04691663763452,14.097429291984893],[76.03320970465158,14.090089519820452],[76.03492497390623,14.099512110400582],[76.02527854189016,14.100019394118064],[76.02495778943481,14.11311583140244],[76.0318819677122,14.120295190335291],[76.03263102701354,14.133857538747728],[76.0463807889743,14.145074735773424],[76.04627072019915,14.154935611298965],[76.06328961587052,14.159509789798507],[76.0659095964141,14.181261191206495],[76.05752584264961,14.181249829799157],[76.0563080666875,14.19457191808739],[76.05775562810602,14.201789390375614],[76.06555058830406,14.206247479177039],[76.06101980042132,14.222478998148127],[76.07209116439557,14.226002345009434],[76.07897590842859,14.245128953880538],[76.10518570223208,14.246543045758639],[76.13487353027055,14.256043913757654],[76.12989256156463,14.279936652410417],[76.12490181379854,14.282494357601369],[76.11704293756969,14.277459780091217],[76.12007267115543,14.294849480423334],[76.10635382920674,14.31027679661031],[76.11612216170855,14.323189945145932],[76.1565468830932,14.320006285380305],[76.156751083632,14.36035732142511],[76.15074856336139,14.366323155204388],[76.15528464232116,14.386857475255194],[76.14927335808665,14.407727155679032],[76.14312097008057,14.412142716089003],[76.13623602033333,14.426965509197876],[76.17200232569124,14.447998204967414],[76.17335193211623,14.460637721938971],[76.20770273782645,14.45739230587025],[76.2184801541751,14.441869813897306],[76.2380533886956,14.45040044762172],[76.24742447719561,14.443997819345892],[76.2612758152588,14.444262899851156],[76.2661537732528,14.423820420124501],[76.27412760329526,14.409023101933494],[76.28117738491399,14.404168167970308],[76.29306807171616,14.408764118618958],[76.33262240284563,14.409534320377116],[76.33921393766822,14.418971239072011],[76.34945231364246,14.416211581625005],[76.35288768059637,14.419384349829489],[76.38314727822834,14.420163021895679],[76.3832123153566,14.426982228623162],[76.39322809778656,14.426335678015041],[76.39647447088284,14.434388333836111],[76.42394544095472,14.438519577676477],[76.42348679440829,14.449968989994225],[76.43837872742189,14.44790692488391],[76.45965167956284,14.451646816621967],[76.45560059473678,14.471567931271986],[76.46136657601664,14.506088400416697],[76.47324903155585,14.502464061963718],[76.48482307300017,14.504533456934922],[76.50811674584688,14.5162861192588],[76.51368437102717,14.523153395852942],[76.521430682961,14.524341146309704],[76.53363334388158,14.54080038738125],[76.52384778887915,14.553142159735883],[76.51475997242586,14.55110878399097],[76.50506937743381,14.565365940005636],[76.44392437531879,14.580310845319643],[76.4235972728152,14.581653257080653],[76.4322280255536,14.604734937281258],[76.43214320842111,14.618310196575255],[76.42166528769323,14.624792709120541],[76.40314268589809,14.6236068437562],[76.40189466994859,14.627393924210963],[76.39361030039726,14.626879451332725],[76.38987077736283,14.648611776619543],[76.37452580239189,14.646560345886392],[76.37931134709935,14.662015570010684],[76.34293737277422,14.665722902073545],[76.33525074580619,14.687769973660924],[76.31618310378882,14.69261453123597],[76.31233147010865,14.687222243996873],[76.30158340711021,14.689989094308824],[76.27948320271234,14.684643714610655],[76.2733165054421,14.688287856723557],[76.27231946171497,14.695734755392834],[76.25790419635071,14.69603958220495],[76.25689418544245,14.70072069638821],[76.24648750920144,14.694532417632105],[76.23050099698047,14.649308995615053],[76.20443485187577,14.677879179811832],[76.19354095637412,14.681981258861146],[76.19342508717718,14.69796955822345],[76.18368621672175,14.700302476405515],[76.1871271280776,14.722509474171249],[76.1971337198439,14.724992195608598],[76.2009411330559,14.73914458274002],[76.20057523576595,14.753226261610997],[76.19233247887354,14.768339895376783],[76.1808978496731,14.764058810730475],[76.16894821362534,14.785150878630194],[76.14936272518607,14.783897181268932],[76.14289837204474,14.793206514220097],[76.14640287244461,14.823482992607602],[76.15333794998135,14.821340432149],[76.15520608375125,14.827833901610664],[76.16056708743308,14.829916412740255],[76.17613191159506,14.822028374370266],[76.19431276101844,14.820821913052235],[76.19068763035064,14.846481221170235],[76.15932926466711,14.847160651162831],[76.154713121561,14.86120589573451],[76.13052599690914,14.860764386926306],[76.12888136038865,14.86911981927261],[76.08773866590303,14.872568454945466],[76.0727229387551,14.868841622781627],[76.06624185269497,14.883955556386065],[76.08242596822734,14.904425388618177],[76.08466394019634,14.913350614387534],[76.06971068907978,14.908918719884047],[76.06211998421779,14.9158485645691],[76.05127796642377,14.916161340584035],[76.04523104781858,14.930606005332178]]]}},{"type":"Feature","id":"KA-13","properties":{"district_id":"KA-13","district_name":"Dharwad","source_name":"Dharwad","center":[75.13338789322829,15.353250677940252]},"geometry":{"type":"Polygon","coordinates":[[[75.49314667012293,15.68505258699739],[75.48760094856418,15.702537554299],[75.4685080441244,15.700761293959545],[75.47283483179265,15.68659382521246],[75.47008191496008,15.684145947085849],[75.45385448805463,15.682014658325397],[75.45050423827048,15.67803046766483],[75.4475767257776,15.682269732871902],[75.44131905432191,15.672294565863403],[75.4251396495549,15.670454919913466],[75.4243636560664,15.662461721680838],[75.41693878829066,15.660908727193913],[75.41304841386557,15.655369596145462],[75.36244368723719,15.668669321798964],[75.35944700356912,15.645574731772872],[75.33564961390157,15.6487340747618],[75.3369922350269,15.673821403629473],[75.3130642914025,15.680050867008402],[75.29556490305531,15.691901278927904],[75.27790306067723,15.687117788980967],[75.27260767892695,15.662855102417534],[75.27370160236417,15.648703539628853],[75.2491065599283,15.646979396660631],[75.23628364644003,15.679012250427846],[75.21787376165348,15.676951083334943],[75.2177451696172,15.681573618161263],[75.20263347005756,15.68154761903678],[75.20271972090124,15.649058889577427],[75.1872420009825,15.64896415900442],[75.18395198593309,15.657631690243736],[75.17134700373275,15.660548996883643],[75.13235441969314,15.660105779941345],[75.1238617999977,15.667986180605793],[75.10821438113521,15.671979719844717],[75.10609827461766,15.660231159863981],[75.1014252528827,15.660777382875196],[75.0917996887307,15.60788116685877],[75.08065296059571,15.622903365048568],[75.06393605157338,15.625687054099544],[75.05634258888347,15.632480694197385],[75.0631901112227,15.66927327802444],[75.05977661285606,15.682082432668313],[75.04975324056025,15.682458606111362],[75.0467215720034,15.670627866972188],[75.02827645529143,15.669797742934831],[75.02801013355578,15.651800126634953],[75.0219064620859,15.65034221709854],[75.01936366838477,15.643915501730737],[74.99126346438896,15.651529006240116],[74.97800877026948,15.649127014804924],[74.96631983340205,15.654319328025766],[74.96311152192436,15.643476000414653],[74.96506796188335,15.627194699629419],[74.93270649962432,15.623572064751675],[74.91182769768733,15.63166455433087],[74.90037529082744,15.631625329415616],[74.88733747157711,15.629665114785855],[74.87767122092926,15.622724671254643],[74.87888355220241,15.6179349530186],[74.84020822168014,15.608550975421682],[74.83824923679398,15.612355281585925],[74.82974998573509,15.6097869830169],[74.82988978335622,15.590289203696354],[74.84089981395613,15.574742804625956],[74.82244111202212,15.568476026014523],[74.8202845256212,15.562289434031422],[74.79789636356405,15.548509573375863],[74.81146419601855,15.521831521781028],[74.80945391822796,15.51261744726145],[74.8138603577158,15.504964174113333],[74.80345497055723,15.50298168500289],[74.80582730444162,15.49800823907175],[74.79799804656604,15.497747878394014],[74.79990592360072,15.494252040880289],[74.79586761102134,15.487508699727867],[74.78693689733485,15.486118626625755],[74.7885999151827,15.47396187533776],[74.77830861676013,15.459308204608101],[74.76460491232231,15.473910635741744],[74.76108426290858,15.470472530729504],[74.74858752680166,15.496204844581962],[74.72730702162578,15.488883422583928],[74.73189615957781,15.47090334314867],[74.7444258890085,15.463473360412566],[74.74231637522678,15.45131916095256],[74.73078756844862,15.440138180417884],[74.72960538104316,15.43043075082053],[74.73998633043273,15.4194533323102],[74.74135763027351,15.412306811081153],[74.75427157094785,15.410957340834042],[74.76846885382018,15.416149444594609],[74.77066900042756,15.407851232600004],[74.76522550355489,15.399609486675871],[74.76925944313545,15.400990038033294],[74.78237888510911,15.394322524184545],[74.79399509796443,15.378427023285857],[74.82095982605121,15.385087096148114],[74.8309033453048,15.372797715851565],[74.8243612708234,15.374759345674386],[74.81913703025371,15.370355131052683],[74.8283965120628,15.340642637187129],[74.83584180573146,15.334563972611118],[74.8536257147836,15.341190088743312],[74.8607076794457,15.327243519365485],[74.87619774940302,15.3166451152049],[74.87835555841102,15.309999204586456],[74.87368297685057,15.298484863166792],[74.88193253039647,15.29875614840166],[74.88885804716361,15.307051986869396],[74.89355765813264,15.300481541409521],[74.89644851756532,15.30167220420521],[74.90094470593657,15.291806459036067],[74.91023414027221,15.251028512626014],[74.88767194220517,15.234253265187059],[74.88731960318782,15.228841986643484],[74.87307385440923,15.216348596821614],[74.87737310062917,15.193174897426966],[74.86526156660766,15.186967055378076],[74.86241830800358,15.178123422567941],[74.85107780517696,15.171582768951566],[74.84840613197866,15.162911637692913],[74.83500388238726,15.150294948808865],[74.83743165040948,15.143898527717079],[74.82926805216157,15.139627830326317],[74.83146724655471,15.131827292925152],[74.84329586336402,15.121896808049335],[74.85125238736254,15.120867677841131],[74.85929616921618,15.102718722155727],[74.87414430217315,15.102765181886273],[74.89198095670552,15.096972070576166],[74.88946902193106,15.088806048706507],[74.88010541460073,15.08475254740841],[74.87845533967952,15.073769109082157],[74.88719359829952,15.065587784379499],[74.89092814826051,15.044761254994103],[74.90813690107058,15.05083549796334],[74.91069581414114,15.041142938575495],[74.91706187092913,15.038784871049344],[74.92393353459329,15.048437747622057],[74.94056227666542,15.051938329626589],[74.94062268657161,15.066443796831626],[74.95760837242526,15.064834505771573],[74.96366372261771,15.069377648085187],[74.99403504192496,15.073491584996665],[75.01293451123627,15.068281860911512],[75.01832243473221,15.072581786741592],[75.02226741684515,15.070252049349113],[75.03024672840749,15.073134045603865],[75.03357424722167,15.078494568383634],[75.05399472690407,15.082880732354488],[75.05821199736275,15.072303946236747],[75.07094624264093,15.07033742776785],[75.08139080802398,15.074307266083423],[75.0774428974032,15.110315294621344],[75.09529102162516,15.110201235594506],[75.09527648957881,15.11392909379372],[75.11347351227057,15.117161812223703],[75.11144457377658,15.126348022766766],[75.10528504596063,15.130391640860656],[75.10421844118949,15.141267822387013],[75.1216643492345,15.140284013374325],[75.12564663209298,15.14502408369041],[75.13175514368567,15.14478910502556],[75.13668250093542,15.16074424084716],[75.14098241999352,15.161413538406459],[75.15286276359352,15.145628290924206],[75.14546466381663,15.134106585881481],[75.13776065983775,15.129954382375033],[75.13745780361947,15.12014902457376],[75.13307119444151,15.118965281192539],[75.13778287786965,15.105946987929673],[75.15866847196854,15.109650452010614],[75.15818828202498,15.101485328765245],[75.18610655741281,15.104258951902963],[75.18821652933529,15.097878159915078],[75.19849040942447,15.101348088315518],[75.22485166008317,15.101245498766419],[75.22581732835235,15.107426578265885],[75.23838180461823,15.108939044876385],[75.25115740024722,15.107615464920606],[75.25301891702675,15.098072761075858],[75.25841066195586,15.098481075664187],[75.26052866930861,15.118280446690083],[75.26986967412805,15.117622210425624],[75.28797257224267,15.130511947423155],[75.2871014372841,15.136879639318703],[75.30976868164551,15.138264895933837],[75.30707879240988,15.155119181985357],[75.33638766884067,15.161773761649426],[75.33703481157812,15.1121754731162],[75.35055802561072,15.10102513492569],[75.35002403556481,15.094676092045717],[75.3329515877261,15.086665984144732],[75.33966594201101,15.069721609089092],[75.34833998366462,15.064440408160396],[75.35716646133712,15.065187042698723],[75.36924896989346,15.050117523098345],[75.39917812224816,15.059940818115452],[75.41663995562655,15.059500235331084],[75.41663848328781,15.084868870036473],[75.42447603171517,15.092265102401955],[75.42245159198414,15.098496640319608],[75.432617519729,15.104599886894956],[75.4335008223681,15.109411782958775],[75.42912781997174,15.126299593606204],[75.41194258775079,15.14599117359391],[75.41004207420647,15.16135983000997],[75.40347309877559,15.16462324061121],[75.40313425784366,15.171600318881739],[75.40170989811234,15.165617530695211],[75.3957684372299,15.16554131958969],[75.39521064093063,15.17209358559508],[75.40073362523121,15.17315051939347],[75.39884906756298,15.201260423794972],[75.43286766639966,15.198893131796481],[75.43315442211308,15.20998660759635],[75.44911567191166,15.20809787256738],[75.44020032570474,15.227228502104893],[75.42269178082987,15.225953751789895],[75.42200486158997,15.235235420243109],[75.41582866104233,15.234590352789263],[75.41647532857098,15.262460782096856],[75.40641662463673,15.264125099390036],[75.40283194959774,15.260293514596489],[75.4019816160279,15.27332127982176],[75.4167615201424,15.274923599909105],[75.41607801090733,15.27918489089111],[75.4060738859148,15.277640849802518],[75.4123664982418,15.299736861419714],[75.4497004518054,15.301835351731429],[75.44845658517418,15.327636675783156],[75.4527260657172,15.340098133117097],[75.45767202258492,15.342089204187046],[75.45416310966037,15.360865770627608],[75.44898875702998,15.359484756666866],[75.44457304872502,15.386092329011285],[75.46892707317014,15.385862645248361],[75.46975180655106,15.397479981238309],[75.47527046276858,15.395765088133457],[75.48175127843582,15.393163510057638],[75.48169432884006,15.378582023618875],[75.49238690290338,15.368721606379548],[75.49895251863511,15.423819561432893],[75.49276113566086,15.448607834909847],[75.49510700966853,15.469799365049893],[75.48703320072819,15.489274443370565],[75.47177843457811,15.49271092960057],[75.47502237593488,15.51656787365083],[75.48173152088945,15.531702190901001],[75.50533013494419,15.52972147330542],[75.52947786757254,15.53787178123497],[75.52860783305016,15.565750905348516],[75.53439964987763,15.591577440181274],[75.54173346082287,15.601553067403286],[75.5437712531123,15.612131958194997],[75.5492581565795,15.614438519287393],[75.55436579672363,15.647272505943665],[75.50254828696954,15.647387241835986],[75.49314667012293,15.68505258699739]]]}},{"type":"Feature","id":"KA-14","properties":{"district_id":"KA-14","district_name":"Gadag","source_name":"Gadag","center":[75.65251726779599,15.53397170457598]},"geometry":{"type":"Polygon","coordinates":[[[75.4614451264413,15.886750265589562],[75.4488986281592,15.886082041344991],[75.45386537204259,15.88095578042825],[75.4510950629278,15.862823932909151],[75.45728008403321,15.861524982355572],[75.45783276981683,15.818463369818245],[75.4508153733624,15.811362680572165],[75.44717846488288,15.79375965400269],[75.44012754959027,15.795311640799028],[75.43715942067014,15.778706861568189],[75.41417405232392,15.784766690421593],[75.42437881783175,15.822715885719385],[75.42456055869182,15.841933126970673],[75.39034065638315,15.837798699790694],[75.37490907663229,15.84534488560809],[75.36469390504018,15.804899154219388],[75.34113983215215,15.804756329143249],[75.33927327312897,15.827628761232118],[75.32987853558078,15.824012053242912],[75.33283467468682,15.816349278001903],[75.32486917292537,15.811214434675632],[75.30364268883744,15.812572724694983],[75.30608152410394,15.765960306241086],[75.31830700941927,15.76454524584888],[75.31416328942275,15.730039844290163],[75.2931146187605,15.728211459637288],[75.29377642020671,15.741026253109228],[75.2745644009569,15.740394197237588],[75.27416098103754,15.735527552388035],[75.27887727731465,15.688464735325196],[75.29556490305531,15.691901278927904],[75.3130642914025,15.680050867008402],[75.3369922350269,15.673821403629473],[75.33564961390157,15.6487340747618],[75.35944700356912,15.645574731772872],[75.36244368723719,15.668669321798964],[75.41304841386557,15.655369596145462],[75.41693878829066,15.660908727193913],[75.4243636560664,15.662461721680838],[75.4251396495549,15.670454919913466],[75.44131905432191,15.672294565863403],[75.4475767257776,15.682269732871902],[75.45050423827048,15.67803046766483],[75.45385448805463,15.682014658325397],[75.47008191496008,15.684145947085849],[75.47283483179265,15.68659382521246],[75.4685080441244,15.700761293959545],[75.48760094856418,15.702537554299],[75.50254828696954,15.647387241835986],[75.55436579672363,15.647272505943665],[75.5492581565795,15.614438519287393],[75.5437712531123,15.612131958194997],[75.54173346082287,15.601553067403286],[75.53439964987763,15.591577440181274],[75.52860783305016,15.565750905348516],[75.52947786757254,15.53787178123497],[75.50533013494419,15.52972147330542],[75.48173152088945,15.531702190901001],[75.47502237593488,15.51656787365083],[75.47177843457811,15.49271092960057],[75.48703320072819,15.489274443370565],[75.49510700966853,15.469799365049893],[75.49276113566086,15.448607834909847],[75.49895251863511,15.423819561432893],[75.49238690290338,15.368721606379548],[75.48169432884006,15.378582023618875],[75.48175127843582,15.393163510057638],[75.47527046276858,15.395765088133457],[75.46975180655106,15.397479981238309],[75.46892707317014,15.385862645248361],[75.44457304872502,15.386092329011285],[75.44898875702998,15.359484756666866],[75.45416310966037,15.360865770627608],[75.45767202258492,15.342089204187046],[75.4527260657172,15.340098133117097],[75.44845658517418,15.327636675783156],[75.4497004518054,15.301835351731429],[75.4123664982418,15.299736861419714],[75.4060738859148,15.277640849802518],[75.41607801090733,15.27918489089111],[75.4167615201424,15.274923599909105],[75.4019816160279,15.27332127982176],[75.40283194959774,15.260293514596489],[75.40641662463673,15.264125099390036],[75.41647532857098,15.262460782096856],[75.41582866104233,15.234590352789263],[75.42200486158997,15.235235420243109],[75.42269178082987,15.225953751789895],[75.44020032570474,15.227228502104893],[75.44911567191166,15.20809787256738],[75.43315442211308,15.20998660759635],[75.43286766639966,15.198893131796481],[75.39884906756298,15.201260423794972],[75.40073362523121,15.17315051939347],[75.39521064093063,15.17209358559508],[75.3957684372299,15.16554131958969],[75.40170989811234,15.165617530695211],[75.40313425784366,15.171600318881739],[75.40347309877559,15.16462324061121],[75.41004207420647,15.16135983000997],[75.41194258775079,15.14599117359391],[75.42912781997174,15.126299593606204],[75.4335008223681,15.109411782958775],[75.432617519729,15.104599886894956],[75.42245159198414,15.098496640319608],[75.42447603171517,15.092265102401955],[75.41663848328781,15.084868870036473],[75.41710258081136,15.061485414881526],[75.44866719698918,15.060699203421276],[75.45202506269031,15.049902503019926],[75.46025414542748,15.049940353911996],[75.46105859305264,15.043930162749579],[75.49514001107714,15.047087459409026],[75.5071765708067,15.044536451638335],[75.52104471006068,15.033223835324383],[75.5328486492508,15.0345441137513],[75.54276306937739,15.013553665344952],[75.54132863144686,14.97868829073276],[75.56549174143622,14.979247574364472],[75.56522914501406,14.971366569392051],[75.5836886293807,14.968424690704635],[75.58919393932806,14.959378953955298],[75.59788194259781,14.954780101120514],[75.61070703539895,14.958430292971501],[75.60892411671523,14.972987878682645],[75.61806757212224,14.973837978596414],[75.61750007761117,14.980562064043031],[75.62933434841685,14.983580945319773],[75.63181796739526,14.991425675180713],[75.6510920413666,14.991040491671553],[75.66858484506271,14.986645855149261],[75.68941723733718,14.97482887702965],[75.7010806863051,14.948435302720812],[75.72134220370808,14.951161968276626],[75.73932622686281,14.944086488972127],[75.76069902674762,14.968394832008318],[75.77917217628634,14.977179303854623],[75.78482676557266,15.002340185688135],[75.80768385180141,15.024499712959585],[75.83325124687049,15.028659085270794],[75.83850756717729,15.04162004271513],[75.84613309523127,15.044901867580341],[75.85954465675894,15.036376421776831],[75.87393136108705,15.035301700183847],[75.88366852833671,15.052310479372467],[75.90667875127022,15.059751337390123],[75.90880175864581,15.076719161129693],[75.88853933394437,15.096883803431055],[75.88489298956112,15.105600686663278],[75.8882794998417,15.11257303793072],[75.90092328387243,15.121528397262857],[75.90227808166144,15.131663835032022],[75.92807088559485,15.141912782326012],[75.95165120276387,15.13765882413762],[75.9482156220109,15.173068854108589],[75.92471149006283,15.182672684256598],[75.9244465229866,15.205863030262607],[75.9117104882644,15.240501371398118],[75.90324407062916,15.239413412742783],[75.89999132129103,15.245288071959884],[75.8947508858934,15.273329493332744],[75.89920701389457,15.276597703378926],[75.88868102162087,15.29040351308687],[75.89328466017821,15.318567880948887],[75.88737090423746,15.353165423103192],[75.9027805534173,15.354387378917194],[75.90398990408033,15.402896180317956],[75.8843899967824,15.408805430622554],[75.86575780591252,15.407820731924549],[75.86534786691911,15.423737335689939],[75.85892275039276,15.423897724915289],[75.8589306968898,15.444156421011654],[75.83987438172984,15.442732681405477],[75.82742977396056,15.449346638128416],[75.81922640010848,15.456206587157979],[75.81871047158967,15.468579727344316],[75.81288529762075,15.467543351672452],[75.81050580775683,15.47538961480696],[75.80955646816457,15.486697581409208],[75.8157425762315,15.486910223111545],[75.81486666493056,15.495478763304712],[75.82403169517576,15.495711835119568],[75.81909716667508,15.507861848093142],[75.8313383940674,15.506752221813164],[75.83278286258638,15.51007349836204],[75.84946181509301,15.512319467317994],[75.85049241628587,15.515804919378668],[75.86024084930749,15.513760213884755],[75.86770046032514,15.56072082973702],[75.86682240833889,15.596016350780049],[75.88241224608996,15.597039238951021],[75.88214635374901,15.600321864093305],[75.89750031366941,15.60707591525268],[75.8983655961039,15.624844929272827],[75.89395097476043,15.625396288652903],[75.89469493163095,15.632412727794792],[75.88575299080007,15.63373322239092],[75.88745571418346,15.668271646609705],[75.87103862597206,15.672612990422452],[75.87100921692628,15.714404472901077],[75.8869361582675,15.716849483413025],[75.89105486557324,15.728403898607148],[75.88307657180212,15.737489424703915],[75.89270800464787,15.738408839997993],[75.89738582158982,15.750464202682261],[75.90210991075205,15.748743817422314],[75.91056609477955,15.744428684398438],[75.91036536802596,15.73169688158835],[75.921419040579,15.726109515833068],[75.91541822171756,15.697699598180673],[75.92587823542856,15.692317874740237],[75.9403272936172,15.693219431187604],[75.9436003242195,15.676355113824705],[75.96731598785745,15.67871563023724],[75.96799468661416,15.664239778041521],[76.01121275440907,15.6623567328352],[76.01612703488324,15.673122643742914],[76.01416429503918,15.680179573143064],[75.99499651512217,15.677900830413588],[75.99009185201143,15.669827672926283],[75.98333835184141,15.667236339053673],[75.98825281287695,15.68817330760136],[75.98368823306816,15.689789317423998],[75.98443033042605,15.693768045402575],[76.00489869480467,15.715532371216588],[76.01901964333578,15.714993160807],[76.02318835985338,15.709265687125708],[76.04167088600704,15.718450988427001],[76.04505945342962,15.725456113630466],[76.04349201992129,15.736544021792358],[76.03727761582125,15.736893995400202],[76.03990622558143,15.753842465912827],[76.03472678938486,15.7546400310549],[76.04043409181207,15.763159895616855],[76.03887689819967,15.770800197942501],[76.01987835459397,15.775685101712927],[76.00984101259716,15.783944237073287],[75.99453788744039,15.780710613764187],[75.9883424997766,15.801562153301186],[75.98444865695616,15.802416000597608],[75.96380590173311,15.794603162285046],[75.960954183694,15.783826745317773],[75.92895133159135,15.790931052359323],[75.9077732406461,15.8088335673262],[75.87194644363524,15.8291389411325],[75.84779691168139,15.838685580610841],[75.82948958395757,15.839849983272266],[75.82098653033009,15.845477868372797],[75.82074249489833,15.849781782933578],[75.80606207470997,15.848593740358034],[75.80909334261817,15.854688814376146],[75.79992488530016,15.857651630591025],[75.79763088720352,15.84780668628871],[75.78038742888081,15.852705511401949],[75.77674565871897,15.849147848038767],[75.77439308777086,15.827289125198032],[75.7774324737543,15.827278263196455],[75.7795973417238,15.817164032767158],[75.73691670542063,15.813420801161554],[75.73682176157993,15.816284440400768],[75.72192225397187,15.8179163041138],[75.713855290194,15.827640062257412],[75.70665381366652,15.82913679433394],[75.6959456592229,15.824689372132658],[75.68786133460384,15.830761222926695],[75.6827488561336,15.829922151187581],[75.6771039973984,15.820897054427984],[75.67214681697956,15.836260463760407],[75.66268717255882,15.83780107032854],[75.6615603366462,15.828743694735962],[75.65680959985939,15.826580104400914],[75.64280526343197,15.831964707197097],[75.64242847856077,15.841336007346468],[75.6370291213079,15.84085018637246],[75.63121259362362,15.830809924781095],[75.63087193360326,15.833884587570477],[75.6177378149545,15.835590295345607],[75.6165642603589,15.821178993787424],[75.60541488668538,15.827130055759126],[75.60897728799691,15.83060676782862],[75.60000132616955,15.826812244060472],[75.58710527185086,15.833329273017913],[75.57686944260044,15.824777542310493],[75.57672714317124,15.830577183878196],[75.56596203913188,15.82963828205645],[75.57127763656933,15.833742137299705],[75.56645770075957,15.838333611856184],[75.5630225035872,15.830405290764597],[75.55265098920304,15.824736589771012],[75.55061442491062,15.827896791375231],[75.55640269069775,15.832515067377383],[75.54695806521029,15.83644893021289],[75.53899259488982,15.833131608210177],[75.5298876242079,15.834873064144906],[75.53142840470174,15.84203359403859],[75.52105528143493,15.841136634938731],[75.512339714259,15.851327591377094],[75.52056685214359,15.852862870420681],[75.51963130079261,15.85770613895036],[75.50784610135766,15.860183912389695],[75.50699395229259,15.855507605580945],[75.50233108601195,15.858316341395142],[75.50519762176168,15.861785617372014],[75.4978440856094,15.872287615964083],[75.48022786417302,15.877664531814776],[75.47882405070885,15.871072727077161],[75.4740492363775,15.873320583301684],[75.47566598290335,15.87630662437566],[75.46561496764963,15.877237125683303],[75.46542059108674,15.88136267099074],[75.45977093804291,15.880122282214247],[75.4614451264413,15.886750265589562]]]}},{"type":"Feature","id":"KA-15","properties":{"district_id":"KA-15","district_name":"Hassan","source_name":"Hassan","center":[76.11945147402028,12.96131304633131]},"geometry":{"type":"Polygon","coordinates":[[[76.38465665092494,13.536249409666256],[76.37017064502868,13.547941020035278],[76.36386529369263,13.547131734038931],[76.36268390488945,13.530513766781905],[76.34845338435157,13.525532013410443],[76.34829742514016,13.517175583166747],[76.34234900141594,13.513730973615663],[76.32972841008925,13.522148718639594],[76.32145762306496,13.537304826766894],[76.31594867044913,13.5397421923747],[76.312037906962,13.525416388161192],[76.29998690771252,13.522061270704114],[76.29315982743591,13.527137027738457],[76.28985634125051,13.504841572170267],[76.26205734236947,13.505205216979917],[76.26007981086595,13.511422159566608],[76.23388697815336,13.507515016219717],[76.23830580630728,13.494795218277705],[76.22914782334551,13.484029200076026],[76.23408429580044,13.483435134254911],[76.23113141129068,13.467889547930618],[76.19798048800041,13.46890861084009],[76.19966519567076,13.45034228761922],[76.19635909538789,13.450347702664132],[76.18727246830407,13.45265035511884],[76.19341346028247,13.468905296369693],[76.16218787098784,13.469697715572286],[76.15782747285321,13.45998141716611],[76.13722753942145,13.442280229863927],[76.14068104964917,13.43705561541013],[76.13944699082424,13.406599043426269],[76.12938273530153,13.403914680193614],[76.12885182557875,13.400357861813063],[76.11122598408399,13.400623853597216],[76.11050155299446,13.395873840682913],[76.09961646996572,13.392501301424689],[76.08994492195265,13.393684050829926],[76.08889151433134,13.371506842170648],[76.05584761812067,13.380854670743297],[76.04161841720796,13.374355664591036],[76.03452329043027,13.35144391837471],[76.02876086558062,13.345643164909312],[76.03473684422784,13.336534192020945],[76.03322469304207,13.332348587804043],[76.0284845357144,13.333006623370627],[76.02695948561946,13.326940834400451],[76.02695260991429,13.321341195605076],[76.04291507782837,13.323751499598687],[76.03717590137826,13.318592738817513],[76.0399342404419,13.309776148606167],[76.03532305064627,13.30047788902894],[76.03931759999995,13.292692274297075],[76.03817329185506,13.280073426579362],[76.04243684800878,13.279998042378631],[76.0443212152342,13.275018245208154],[76.03897674774011,13.266076801418569],[76.03641296759734,13.248556606177711],[76.01634710595819,13.250876001613616],[76.01485259858293,13.26122218710404],[75.99007856143682,13.258131827266398],[75.98390804902157,13.264565661581301],[75.93606877791053,13.256156449732869],[75.91839819941632,13.257370977086458],[75.91609675608257,13.26306137515718],[75.90338953302648,13.257897066951891],[75.89939471058497,13.266312735071107],[75.87675862878075,13.260298052968471],[75.87167915980393,13.248005002730062],[75.86154359781061,13.240023003156947],[75.86003391878852,13.253161002667069],[75.85466795191476,13.255103938685998],[75.85730680696079,13.258294971080632],[75.83891713875973,13.251911166351942],[75.82452218520233,13.253006701619542],[75.81601753616691,13.258911678611693],[75.80878896016223,13.254485174563053],[75.8124772468861,13.230745274018727],[75.80569555758245,13.215923889863326],[75.77896548471925,13.209935480801859],[75.77581693186924,13.216107915829582],[75.76602529437402,13.212131049071031],[75.75834674326038,13.217415388207334],[75.7506302329361,13.206424683830733],[75.7428794806298,13.207455741573721],[75.72873588916367,13.183164851811167],[75.73019496788243,13.164390329001169],[75.74080037841375,13.149137099811016],[75.74491937407866,13.150689999641324],[75.75184262259975,13.145655593578082],[75.75370142287385,13.136038870823917],[75.73532909036113,13.123491196095685],[75.73831587279814,13.110107657324207],[75.72828052955288,13.105610260838084],[75.72706537756972,13.099391803742474],[75.7425026463513,13.069439162764716],[75.74022145284069,13.029989117662291],[75.72789761278156,13.023463303648008],[75.72476163634552,13.031436946148945],[75.71653338634658,13.030942693586194],[75.71039579269492,13.038166918419275],[75.69644190655215,13.036815079400364],[75.69467421341417,13.046026317861685],[75.68843090691816,13.03931176865675],[75.6905638209147,13.033670877216254],[75.6841845921297,13.035787450384008],[75.6812702381591,13.030689991580573],[75.66492033135452,13.031849741322933],[75.65563106590217,13.022504395138839],[75.6545623716497,13.029374231602404],[75.64266524302863,13.031318500940134],[75.63757568507287,13.011188608154606],[75.63140858356073,13.011640671922049],[75.60412135220211,12.97349401097806],[75.60291552203668,12.9583983552054],[75.59543835165017,12.9437719793653],[75.57222089277049,12.934728674258308],[75.55456741819927,12.90728544535647],[75.56119642893891,12.893466204209691],[75.55996131459351,12.878343198051207],[75.56433390286654,12.875483362322544],[75.56377889403959,12.866344547341766],[75.60279991424947,12.875544362067387],[75.60225749800622,12.864950274902727],[75.62132419858916,12.855311127678162],[75.62219963378297,12.846963351596813],[75.61487211194304,12.832011974819379],[75.6182719002218,12.817626065428977],[75.61441818155186,12.797215035221996],[75.62279535964848,12.791620014568071],[75.62120239422315,12.778874467244291],[75.62937916536637,12.779030093115624],[75.64117331291993,12.769978328108536],[75.63809898876015,12.761155607199905],[75.65512876572457,12.749288112394803],[75.65744048758177,12.752044903716751],[75.65826822762388,12.742815637586187],[75.65055864600541,12.717939937404529],[75.62605703195233,12.70513637039338],[75.63351928581353,12.690004377596841],[75.63787427159858,12.695310408747575],[75.66803636159801,12.697255761163282],[75.7129191648196,12.707690533820289],[75.72135353326044,12.696270995808728],[75.7313115225766,12.697858276212475],[75.74556029957601,12.679660647171573],[75.76075873776456,12.674064618604428],[75.768378121342,12.681656512273173],[75.77306514062569,12.679366935632409],[75.77720881480809,12.688796685871322],[75.79162658018382,12.688386031431797],[75.80768846734533,12.701701411599048],[75.83293071270573,12.671506341064875],[75.84245933157061,12.669284156713708],[75.84701120381138,12.672778456257305],[75.85253060832557,12.669307977566097],[75.86727369768309,12.674823126392036],[75.87791144127644,12.671754517734522],[75.88752737998017,12.678714781589994],[75.88983868771403,12.692020745656883],[75.88464624301385,12.70081626681647],[75.88656141616526,12.705005992364045],[75.87248802175039,12.709091751365095],[75.86989130487771,12.715333438416364],[75.85491432835616,12.723522143999784],[75.85172304444473,12.730134148730782],[75.85521693933435,12.7365072293169],[75.85399590069116,12.745370270750565],[75.8494509355966,12.749821725802502],[75.86001750207672,12.757184690427335],[75.85828054299954,12.769640753304321],[75.87485318618046,12.76983591082247],[75.87308021005029,12.774337514217164],[75.87823765818366,12.776692363275632],[75.87328274780751,12.777248192967283],[75.8639289330121,12.7964428512093],[75.86377100110032,12.818647991093087],[75.87679114689571,12.823579431410687],[75.8757363549706,12.831588325206065],[75.8795177907012,12.834178090892095],[75.90006907856372,12.827791012110556],[75.903338410802,12.819144601652722],[75.91125969479023,12.815234296598888],[75.9184359322515,12.819630966433936],[75.91982360927824,12.828258772853705],[75.9277686815535,12.821698843867326],[75.92503033180157,12.814188252029329],[75.93015510820806,12.807909455594833],[75.94623288477031,12.807932991872779],[75.94938096600481,12.800483768875386],[75.96913030805025,12.804983913029965],[75.96694483362644,12.797726057912884],[75.97076692980177,12.783948797003195],[75.95780306166226,12.781982380310735],[75.95461705175984,12.768577927256295],[75.94718869402925,12.765334793235992],[75.93580170069171,12.767430075187573],[75.9329782697026,12.763995698330808],[75.93760265485142,12.749365117857723],[75.93451893790706,12.733741177252089],[75.94190991943361,12.720185001054917],[75.96524395538265,12.710953772622226],[75.95962796400912,12.683263279348234],[75.95415279882776,12.676738419144554],[75.93991068822609,12.676407503764269],[75.94791680282152,12.663940236352929],[75.93890643731547,12.652982069976082],[75.93780422242813,12.643554144299168],[75.94350502913751,12.636493041954038],[75.9356105176397,12.63001805587466],[75.94466304377703,12.62947812260649],[75.94961381471634,12.624758297049622],[75.94697398769318,12.614191854094473],[75.93950829957265,12.608679514592001],[75.94862579187131,12.595678553720564],[75.96261301179933,12.561184404897201],[75.97547382341281,12.563471647784988],[75.96875612110685,12.57667158439177],[75.98852238381897,12.574097081302787],[75.98767871035864,12.581292887738039],[75.9922097632444,12.588748628413247],[76.00249916442509,12.575248654891801],[76.0123102154119,12.573145176212067],[76.01392832288542,12.569504898912351],[76.02172852744808,12.576872242387786],[76.03421553210553,12.573455002946012],[76.04555717758922,12.57696294494449],[76.0520716935543,12.554201972419243],[76.06753735269209,12.557272102578661],[76.07105047063048,12.549224436340062],[76.08548641700922,12.543724655603462],[76.09064677029423,12.545643350032046],[76.08615601044224,12.538797189926782],[76.09940741942269,12.52806765027897],[76.103252625657,12.52908098482747],[76.1060680885896,12.517337008165935],[76.11531897980963,12.51282065607981],[76.1189130503282,12.518761386430686],[76.1141757083206,12.526946500231961],[76.13335343887603,12.528740016837705],[76.13441945974219,12.53698013112656],[76.14089251127041,12.536615976149095],[76.14261236642459,12.545219990666382],[76.15132069587428,12.547149454962248],[76.15773170256246,12.562794109317712],[76.14806861218777,12.56622371307753],[76.15236719185776,12.579571789689606],[76.16852636566625,12.580429574016659],[76.18207486098594,12.574947140314713],[76.19649674334057,12.577304867834084],[76.1919871601901,12.594107130564579],[76.20543790623044,12.616875789434816],[76.2122861876461,12.616626627581702],[76.21543261867542,12.621663233721625],[76.21344707060629,12.62791497493961],[76.20573020904075,12.62896020267408],[76.21912814043058,12.644269450161588],[76.2318999343893,12.643541678264643],[76.24569422763531,12.636952666284335],[76.24577775838031,12.62592716701565],[76.25454555720015,12.620278689162445],[76.26493176442906,12.61929073641639],[76.26542112617169,12.628852987933762],[76.27982025060693,12.633708185728867],[76.28026996340783,12.616654254386823],[76.29059327958372,12.616555855959865],[76.29255377992779,12.62628921686084],[76.30033544775456,12.62914970994279],[76.30146529302338,12.62192708609272],[76.30516768778878,12.62508147769671],[76.30976860265419,12.622472408006752],[76.30632202382719,12.610390657596506],[76.32768634271737,12.611376454837805],[76.32841800973652,12.626649636613283],[76.32348744909446,12.63505959283582],[76.33809571300591,12.646447578424501],[76.3380914262454,12.653221958096873],[76.34748549904026,12.667951775303449],[76.35288293839,12.667962718631962],[76.35374144303569,12.685213346822023],[76.36002628583375,12.686869356436517],[76.36277828458813,12.701309280891827],[76.36152047879867,12.711825177688075],[76.35024130844808,12.713421695204092],[76.34131385025618,12.732037001148738],[76.34567468137872,12.73753829867904],[76.34407870569889,12.742301080604337],[76.35527842724913,12.743844352378519],[76.3570920278914,12.750027429233755],[76.34288365980845,12.760531836924603],[76.34267609687551,12.766074825409783],[76.34992946009382,12.77196546574192],[76.3496047550512,12.785579885786825],[76.33441489218038,12.787676081763093],[76.32962534996994,12.802759827363705],[76.33182078042206,12.811952017577845],[76.36828741866367,12.809038751221347],[76.36944556805048,12.828635947993838],[76.3828821269975,12.8311093313181],[76.3861705134013,12.84512216140768],[76.39694206824272,12.847499052186373],[76.40853004525202,12.84402027065212],[76.40719976069052,12.86500241621756],[76.41356888342852,12.864431145159259],[76.41763867567042,12.858195077047068],[76.42531606526241,12.85791873657284],[76.42516151640596,12.845403615066038],[76.42013522589734,12.841709268435334],[76.42532054965228,12.824975107138098],[76.44592667427301,12.823326978373721],[76.45797880809465,12.804471019946746],[76.4624633911308,12.802961716602171],[76.46429164599029,12.806017804926299],[76.47139043430101,12.79873383722267],[76.45756563786118,12.788841566569435],[76.45504415219862,12.781017328646723],[76.47479242974046,12.771691641397108],[76.47812159516656,12.772801008689328],[76.4781730892936,12.780629334765084],[76.48960842636644,12.785759984989152],[76.49285296959447,12.767225236601515],[76.49940255039837,12.772306597861894],[76.4997760276727,12.780297601740067],[76.49059235379208,12.788571614180253],[76.49436031299682,12.802698408755536],[76.49010874755552,12.806425945606073],[76.50290159173629,12.821954111100993],[76.51828395458934,12.826337951651869],[76.52053241798254,12.841363716115675],[76.53552117860399,12.844250280600901],[76.54662614316312,12.840182630141593],[76.554067177919,12.845325566020076],[76.57772359137574,12.846934352049418],[76.57519541775588,12.865921797235105],[76.57911282338623,12.873135130585846],[76.59649436983611,12.880941749977904],[76.59104144155125,12.89085411381969],[76.5995535025861,12.904671849564407],[76.59652896305936,12.921145557773412],[76.6031405985848,12.922945109605605],[76.60600042930922,12.938583257709663],[76.61621161777138,12.937110634644949],[76.6174548394122,12.95509424987277],[76.6119847047964,12.958912994918284],[76.61181831704285,12.96529471525315],[76.62215481240229,12.965805944110034],[76.63141768086003,12.972698479156048],[76.63356541077056,12.981263068134734],[76.62983245801415,12.994288686169549],[76.63223836822887,13.004172603188875],[76.61915300474384,13.008791443141666],[76.61284786720684,13.005839811711652],[76.60423229060686,13.017183317225685],[76.60887733161734,13.03104985788061],[76.60810696517576,13.037639364636783],[76.60207259423844,13.04016524757049],[76.60534424233354,13.053209113199319],[76.61980112125501,13.054037146976789],[76.61786446219861,13.063790335106244],[76.59932103835351,13.074283302349803],[76.58571650702473,13.07038547329297],[76.52765544014471,13.078951777432014],[76.52281913703045,13.078787117574661],[76.51582043631373,13.06876875588237],[76.49571197476716,13.086682422590782],[76.49471647524402,13.094604178382973],[76.47229248657672,13.093078054985577],[76.46855832738287,13.12021030480024],[76.47316235041913,13.149861428387377],[76.45504727204761,13.149899068431699],[76.44495333798456,13.169779869568902],[76.42886619379053,13.173040995017148],[76.42556579241982,13.183409433686595],[76.41470408175816,13.187130743903731],[76.41240304086966,13.191822374923706],[76.39434940636524,13.190549499087338],[76.3937594324125,13.19788474782176],[76.37076871459875,13.200373212838869],[76.36990206313176,13.212207332329191],[76.38004137199813,13.222548231725842],[76.37988915337156,13.231542095581018],[76.36453775814127,13.233989082784916],[76.361965673972,13.249039229204122],[76.35620250891053,13.249129587568325],[76.35695585137917,13.287266592385896],[76.3476053244177,13.301221818281372],[76.35225359756656,13.330522246776198],[76.3470367878609,13.34292310920856],[76.34700681826641,13.359975113255835],[76.38142645019873,13.364144143238615],[76.38267283121442,13.37235149957642],[76.38575626608781,13.370864535419958],[76.39226059156434,13.379428692377669],[76.38944083558302,13.396096624379043],[76.39694059410733,13.402237410597634],[76.40061031624754,13.42276528041393],[76.41969178962533,13.44840632258137],[76.40704588467223,13.459195946204064],[76.41178601055887,13.477268621345962],[76.41516660812825,13.478840927090413],[76.40818927563721,13.482904795590521],[76.40523452891983,13.490646907972573],[76.3950562547297,13.495677877016801],[76.39764330393328,13.50595511478493],[76.4152080528022,13.509044509242488],[76.41987003783557,13.519849739634797],[76.42727051365638,13.525633291248184],[76.40053168760902,13.526373643179102],[76.39563627624742,13.535986811428954],[76.38465665092494,13.536249409666256]]]}},{"type":"Feature","id":"KA-16","properties":{"district_id":"KA-16","district_name":"Haveri","source_name":"Haveri","center":[75.36907935010888,14.749375186556271]},"geometry":{"type":"Polygon","coordinates":[[[75.33662116344094,15.157390536783469],[75.33638766884067,15.161773761649426],[75.30707879240988,15.155119181985357],[75.30976868164551,15.138264895933837],[75.2871014372841,15.136879639318703],[75.28797257224267,15.130511947423155],[75.26986967412805,15.117622210425624],[75.26052866930861,15.118280446690083],[75.25841066195586,15.098481075664187],[75.25301891702675,15.098072761075858],[75.25115740024722,15.107615464920606],[75.23886086537946,15.108938829795317],[75.22581732835235,15.107426578265885],[75.22485166008317,15.101245498766419],[75.19849040942447,15.101348088315518],[75.18821652933529,15.097878159915078],[75.18610655741281,15.104258951902963],[75.15818828202498,15.101485328765245],[75.15866847196854,15.109650452010614],[75.13912237734937,15.104333758381673],[75.13307119444151,15.118965281192539],[75.13745780361947,15.12014902457376],[75.13776065983775,15.129954382375033],[75.14546466381663,15.134106585881481],[75.15286276359352,15.145628290924206],[75.14098241999352,15.161413538406459],[75.13668250093542,15.16074424084716],[75.13175514368567,15.14478910502556],[75.12564663209298,15.14502408369041],[75.1216643492345,15.140284013374325],[75.10421844118949,15.141267822387013],[75.10528504596063,15.130391640860656],[75.11144457377658,15.126348022766766],[75.11347351227057,15.117161812223703],[75.09527648957881,15.11392909379372],[75.09529102162516,15.110201235594506],[75.0774428974032,15.110315294621344],[75.08204189706045,15.074614645098094],[75.07409004519971,15.052408282279684],[75.07713805680652,15.037246850631698],[75.06926873406923,15.015173444583333],[75.07617314042722,14.973812606375288],[75.08133865812678,14.969154775583524],[75.08382815118884,14.956425605715198],[75.09892056212267,14.956328682311096],[75.09447313071178,14.951334713175376],[75.10292063162379,14.934236421838971],[75.10126234969412,14.926838777269172],[75.08224516155471,14.925940969566422],[75.08475096892063,14.921449667419965],[75.07776568274606,14.922998214687171],[75.06734751525595,14.91868014304814],[75.07439132756957,14.86893330673545],[75.06795134572194,14.837082312428004],[75.07383081656154,14.825804608250186],[75.09034582024056,14.820213556996746],[75.09163407262996,14.811139750072316],[75.07487094708294,14.808569652621461],[75.05542056256742,14.814691974010133],[75.05581397255958,14.804985366074655],[75.06849162038155,14.798423070411507],[75.06674877374603,14.786090407965544],[75.06991248117488,14.782973088407216],[75.06293851736612,14.776432308628735],[75.04109766198066,14.774016445029634],[75.04713685507441,14.744470402137415],[75.04344593628679,14.742828762799425],[75.04439918265221,14.739200347277404],[75.03780587096198,14.738334685690074],[75.03825598081822,14.727878005575786],[75.03037551897144,14.729926416148773],[75.02847362561482,14.725777135330228],[75.01521999869394,14.720705326996098],[75.01665048763044,14.710872702577214],[75.03214965931822,14.707915325633904],[75.03596109518608,14.675588029301291],[75.03045236804736,14.672336708219635],[75.03097556124189,14.66492576842729],[75.0352305061453,14.657977290360414],[75.04052568128309,14.66073147536623],[75.050843686619,14.64949640579221],[75.07258324437981,14.65521468140632],[75.09923148072063,14.652761371916336],[75.10297818758235,14.645115583860697],[75.11451717766258,14.64155560802232],[75.12418540011251,14.631153294919615],[75.1424857101973,14.633769455706565],[75.14406281766294,14.620347913377996],[75.15275133387073,14.626149586740377],[75.16018969344368,14.617282381394698],[75.16475222778857,14.620793031274381],[75.1653715416168,14.63331059202396],[75.17191588164934,14.634330823396464],[75.18777184530335,14.622528203195897],[75.2023927035951,14.627734452003144],[75.20071125860585,14.637943388429223],[75.20549178981571,14.637643641776597],[75.21055934264027,14.623285119393893],[75.20510201530551,14.597451696862386],[75.18169552034732,14.597724787729407],[75.18409170180756,14.585834705861352],[75.1977236973295,14.582699411331157],[75.19732300020377,14.577362564803343],[75.20751527733252,14.572076622111203],[75.22155181297302,14.584869367293228],[75.22737017322048,14.583773402253367],[75.2305514759508,14.57969590795961],[75.22511732425204,14.567673003678891],[75.22842261515284,14.561137158011396],[75.24042704124639,14.554890975916457],[75.2435196470205,14.57795004275109],[75.26543542369733,14.579745266595639],[75.27434184693851,14.565442184202691],[75.28558626416573,14.560494127821089],[75.29718815158719,14.540465620630991],[75.29008900215374,14.531565004333167],[75.28452757804381,14.529569929988094],[75.27825811979326,14.534127042147496],[75.26776760199019,14.527750440666164],[75.26747250631765,14.514880065176342],[75.27501224166876,14.51086608713944],[75.28311912567953,14.514484795383886],[75.29736599914887,14.511005999598776],[75.31956601805288,14.513439344040153],[75.32943211061381,14.494499792103701],[75.34608502814683,14.485274798799493],[75.33991458669848,14.468738596626475],[75.34720212542348,14.457419392714487],[75.34242178285984,14.451693065259493],[75.34012902084503,14.435749384594507],[75.35532987639996,14.431607417420244],[75.3560814896117,14.428308621924016],[75.35762010426737,14.436447535970753],[75.36458474625842,14.44164497526654],[75.38205300618438,14.433529161719987],[75.37790762160962,14.407788533389237],[75.35937068360091,14.409256393036959],[75.34857499462103,14.387961235753068],[75.37366147839938,14.370239252599475],[75.39739149082735,14.366121695596853],[75.41023040690409,14.352431929241941],[75.42926717113018,14.34906197336002],[75.45429566686033,14.3285702221338],[75.47733088092507,14.317431254897025],[75.48004362419981,14.331000992977984],[75.47654971942872,14.343818641734035],[75.48865441008441,14.338688757007446],[75.48977098094825,14.347333264383733],[75.50097154062668,14.344329024132767],[75.50494001188765,14.31756449262507],[75.50269300286686,14.307824532719103],[75.51761457669159,14.301387754961308],[75.52439898339895,14.291932235721424],[75.53409919036454,14.289518655310092],[75.5356473873494,14.277444111592278],[75.55161670491752,14.274241293599475],[75.58204590627177,14.27813116005676],[75.58768784638059,14.289362211096401],[75.6034202189195,14.292966259007185],[75.6108562365845,14.315869878898681],[75.63491459402861,14.317194539565453],[75.62286831542596,14.344178338658317],[75.62614510008783,14.37230985393956],[75.63512505133338,14.390607602895491],[75.64285144582072,14.431251977972273],[75.63459300434342,14.432928887879847],[75.63652220468803,14.4409908849089],[75.63037797158808,14.444741833908548],[75.636833884159,14.465579165735004],[75.65475369573721,14.46368434781554],[75.66123651644418,14.459160030643947],[75.66160181455783,14.451834513864503],[75.67316995856228,14.463749382578102],[75.68973416386774,14.491836233370575],[75.70017920625621,14.49113735675481],[75.70797960665165,14.475069683391085],[75.71555243683612,14.472265120352459],[75.7575064816015,14.514438292855466],[75.77294693491073,14.518404482579772],[75.7907631123462,14.510453868318042],[75.79923784388941,14.510741544087036],[75.79962596370287,14.5411864277904],[75.82024536901672,14.567017652610721],[75.80447329723047,14.598407956764072],[75.81129495078449,14.628289746411347],[75.81080898197871,14.654075041614885],[75.79885173181063,14.667582931575545],[75.80038961972924,14.67692876793062],[75.79710548505172,14.682499564926113],[75.76351791405804,14.675309085231515],[75.73923720741142,14.685519264318934],[75.74110190961694,14.700815046801498],[75.76384601742734,14.722279602051348],[75.7620564512105,14.734827747054652],[75.75565110480693,14.738710678916114],[75.71780802476782,14.71954278468496],[75.7062621868302,14.723302071910615],[75.70242973038471,14.731613701419903],[75.72061748875093,14.751083435788795],[75.72238061844729,14.771941530774159],[75.71336901596105,14.778840946428156],[75.69175070920407,14.782264118935995],[75.67768180456895,14.797961844886208],[75.66392960008895,14.802447118325363],[75.67580367344824,14.833404163305433],[75.69027627827711,14.856840424207933],[75.69369170263172,14.858863929239188],[75.69517164741791,14.852161987331613],[75.71252420433525,14.852703098295798],[75.72155136384559,14.864195792748129],[75.73267851140233,14.863585565204293],[75.73429539267549,14.882930189726446],[75.73906965723789,14.887297726606471],[75.72809889199907,14.897479303409455],[75.69618756115585,14.892054609267621],[75.6821418815641,14.935457794161604],[75.68540185964535,14.94279563178123],[75.7010806863051,14.948435302720812],[75.69136903480276,14.973111240348878],[75.6668462780012,14.987314883256103],[75.63181796739526,14.991425675180713],[75.62933434841685,14.983580945319773],[75.61750007761117,14.980562064043031],[75.61806757212224,14.973837978596414],[75.60892411671523,14.972987878682645],[75.61070703539895,14.958430292971501],[75.59788194259781,14.954780101120514],[75.58919393932806,14.959378953955298],[75.5836886293807,14.968424690704635],[75.56522914501406,14.971366569392051],[75.56549174143622,14.979247574364472],[75.54132863144686,14.97868829073276],[75.54276306937739,15.013553665344952],[75.5328486492508,15.0345441137513],[75.52104471006068,15.033223835324383],[75.5071765708067,15.044536451638335],[75.49514001107714,15.047087459409026],[75.46105859305264,15.043930162749579],[75.46025414542748,15.049940353911996],[75.45202506269031,15.049902503019926],[75.44866719698918,15.060699203421276],[75.39917812224816,15.059940818115452],[75.36774696967042,15.050343442246511],[75.35716646133712,15.065187042698723],[75.34928875282667,15.064205571885807],[75.34045804319089,15.068974531590154],[75.33392932036955,15.08179036296422],[75.3329515877261,15.086665984144732],[75.35002403556481,15.094676092045717],[75.35055818281592,15.100148439610342],[75.33703481157812,15.1121754731162],[75.33662116344094,15.157390536783469]]]}},{"type":"Feature","id":"KA-17","properties":{"district_id":"KA-17","district_name":"Kalaburagi","source_name":"Kalaburagi","center":[76.87547548474284,17.23360510164078]},"geometry":{"type":"MultiPolygon","coordinates":[[[[76.70143452556941,17.70932577789399],[76.69253973101956,17.70672361201668],[76.69417750980116,17.695680320583435],[76.71102687002222,17.694481252684536],[76.71334609281205,17.70013186024001],[76.70491740711368,17.70289116103905],[76.70143452556941,17.70932577789399]]],[[[76.6243301583213,17.75939463787759],[76.6153311187743,17.77039648035976],[76.61103932228299,17.76936404686516],[76.60110048774364,17.740352079806666],[76.60107679557632,17.725860616108065],[76.59438009857666,17.722449685318892],[76.58833707237159,17.70757823099209],[76.5802367541472,17.7052185399165],[76.57029543935934,17.70540567861624],[76.56780137117757,17.74247644383503],[76.56395723483675,17.750833426259746],[76.57270774288399,17.760539544403276],[76.56126241834178,17.764619197988445],[76.52315752880472,17.759760940699092],[76.52735875625076,17.737843675349996],[76.52390216300496,17.71515206692767],[76.50068840877755,17.718418587902246],[76.48722764472515,17.714763620971404],[76.48448767710737,17.678511790317316],[76.4897487243492,17.66049921011538],[76.45286028306423,17.65579022013015],[76.45448284168998,17.649786339752946],[76.44183540241436,17.64930848039558],[76.44500467670305,17.64095129016785],[76.43539012499811,17.646261380781244],[76.4291913506857,17.64495339571992],[76.41968493188642,17.6037100717869],[76.38170061063356,17.602249250012946],[76.37763801299879,17.597873345651116],[76.35003049002054,17.594099579644627],[76.33128653615292,17.5974185701368],[76.33312695869292,17.56498682023804],[76.33853208402823,17.556803798164797],[76.34069251611687,17.542474571807617],[76.36274038107305,17.537372596352736],[76.36721912595813,17.519452912705443],[76.3645997005734,17.51496921363886],[76.34657185041256,17.512579419976177],[76.3433290391364,17.5006561309404],[76.34576457668754,17.492529840365084],[76.37468844956064,17.495649735408136],[76.37551612672068,17.490219879763313],[76.35036130360709,17.474175013193058],[76.33068729967128,17.470193579096243],[76.33326247135017,17.433901018614733],[76.37151040142656,17.43642362375555],[76.37107024400531,17.41343207266866],[76.36342654482978,17.377668064640552],[76.40912054202427,17.371387754575352],[76.41218865792712,17.351067743571914],[76.39660776829457,17.347103938226695],[76.3831599238126,17.314525717726458],[76.35401167783269,17.314316459426312],[76.34529924218386,17.354448123131366],[76.314344132028,17.348389848087177],[76.31202820515692,17.34601434381949],[76.31885720782826,17.338141511347274],[76.31766342676575,17.33237566378791],[76.27636043600255,17.334574176132996],[76.27200913600512,17.360591867889493],[76.26702114786359,17.363475135193525],[76.25072752500316,17.360432780220435],[76.25042797458514,17.369680778991675],[76.24458167942728,17.371539282121326],[76.24208711717209,17.378837115628524],[76.22853043191196,17.375843607093934],[76.2294448683622,17.36520535107409],[76.19639195486269,17.36366665400884],[76.17031474880187,17.352624211184757],[76.17657877673652,17.32461494192014],[76.17925632132352,17.318574432407072],[76.1832481622566,17.319434674205233],[76.17631499094492,17.30078745912368],[76.16507938708895,17.303334963950167],[76.1626178469036,17.345220099609904],[76.14105159841566,17.35349058606928],[76.11954994688149,17.370441995951847],[76.09973977182334,17.364650671073747],[76.0893786985577,17.353133039748407],[76.09347056510106,17.34935101562891],[76.08722451155693,17.336182420206864],[76.0791300260937,17.33160242831674],[76.07213610980418,17.335314746770827],[76.06611334420201,17.316096620741924],[76.06665750856685,17.308697687826175],[76.09940278591246,17.29104276127868],[76.09865325858885,17.283248007001227],[76.08686378496974,17.268491374578307],[76.08839420519342,17.256969577595594],[76.1136488967121,17.252393703982463],[76.12752354156534,17.244990240751367],[76.18813830320248,17.186379048360976],[76.20313473543642,17.18341610786222],[76.22051841179184,17.18543095677195],[76.22370625156249,17.17476975110546],[76.23611952878963,17.163180039592095],[76.24260367091836,17.150794762892286],[76.263748113668,17.1510081361272],[76.27684489384201,17.167457730726913],[76.33321103381701,17.17078493719598],[76.35630966983912,17.188727782390476],[76.3646325869976,17.181393962706817],[76.36893845380122,17.16674359101829],[76.35998528313094,17.14024996384989],[76.36746980712635,17.137673220681997],[76.38350510595208,17.14658753733654],[76.39458282820192,17.14297503979446],[76.39119997406456,17.130818774198566],[76.36741290424303,17.123835454640716],[76.36226426319266,17.11603868062669],[76.36611693263036,17.107254056967843],[76.38412805795723,17.102626283838163],[76.39035220069327,17.09712043037139],[76.3879782336717,17.072576450609844],[76.39816805570482,17.070053768779264],[76.41007086796671,17.089164699809643],[76.42940878340865,17.09964520070683],[76.43109320361812,17.053424588622427],[76.42734355118057,17.053541019388803],[76.43115474270665,17.02987391057422],[76.43726063121868,17.026694457717724],[76.43314586931368,17.025490141649335],[76.44043158625527,16.99676602981552],[76.4366376351961,16.98172661078767],[76.40037226000231,16.977084841279723],[76.4022738407452,16.942160055150442],[76.3990528729035,16.935329088284174],[76.42785273963979,16.927399342571295],[76.43410484064242,16.943251553925652],[76.4475572297014,16.94059984525175],[76.45178155013845,16.927812223115467],[76.45848424788424,16.927909071570728],[76.4648988101043,16.913859747388845],[76.46527850821195,16.902727057638696],[76.43361251266275,16.897623727846703],[76.43316203629384,16.8818105406453],[76.43664848325145,16.88133969932218],[76.43805672630832,16.868001875775594],[76.4585379842062,16.86691046907304],[76.46196955398142,16.849288514346153],[76.47066236413629,16.847057312202065],[76.4709773494075,16.838793561923207],[76.46348482411784,16.83851670480614],[76.45997319019628,16.83304220941893],[76.42949902995872,16.837362467076918],[76.42911328439257,16.850754215718258],[76.40404054843131,16.85403011271031],[76.40427113518496,16.85852562013902],[76.37427963525795,16.858834552043483],[76.35883033533982,16.842613735577768],[76.35239643867989,16.819746879816165],[76.41372632126694,16.813428885824415],[76.41018686741934,16.798840464061037],[76.39637387214741,16.805922095147228],[76.3773529577962,16.80168949188624],[76.37092318081017,16.76859409776249],[76.41157449414041,16.768184704027885],[76.41122682187093,16.764832289291064],[76.41829888979353,16.76450120968706],[76.41851086075957,16.768897301639],[76.43608231555206,16.764537577070048],[76.44265022108947,16.75755056390917],[76.43844235509347,16.753318340184766],[76.44040810070045,16.74202725389962],[76.42887653968762,16.73784662220197],[76.42316344222851,16.729570618284914],[76.42262599726202,16.716870000135522],[76.44101787711533,16.713679748049678],[76.45086276224903,16.723784617083055],[76.45940070284888,16.723293447226897],[76.4608020522342,16.71114356036241],[76.48133315944386,16.71215537060887],[76.50289506457742,16.72297844710674],[76.50330993801664,16.741173490844808],[76.5163996798904,16.75107438900242],[76.5472395236189,16.747900207837716],[76.55354591340739,16.753110550962177],[76.56951804899057,16.75341385263298],[76.58047135996343,16.75844081560749],[76.58125749632981,16.76552995899313],[76.60094949711403,16.767173517319907],[76.6235542834104,16.765530582587935],[76.62299674223267,16.742488971788948],[76.6354700942944,16.74579615063441],[76.63543213418546,16.735065540873112],[76.65873013242025,16.725082721006476],[76.65270876998657,16.750965154384378],[76.66078640575002,16.76700987706157],[76.67553529642764,16.76516356442894],[76.67936273578229,16.784721648409878],[76.69760829983875,16.786451204382352],[76.7020431395643,16.792978338850844],[76.70937874085193,16.79249211288541],[76.70922822992267,16.780550759327596],[76.71939512874637,16.77792595761205],[76.7247452484402,16.784736840225424],[76.73490088239025,16.778740755376194],[76.73643156761692,16.77353506641593],[76.72903958177388,16.772327982636874],[76.72887503826159,16.753875995366972],[76.74501947161457,16.751644503781403],[76.74755409334155,16.755384062197496],[76.74471183186742,16.815851756752],[76.74806867798071,16.82027304541955],[76.75461897204694,16.820353923400077],[76.76340371129638,16.840544807377505],[76.75993441856745,16.84412570583981],[76.788913379727,16.83728628057892],[76.79106102070429,16.849983066405876],[76.80478917369088,16.850263989685253],[76.81314720599387,16.85855297436034],[76.81638453575013,16.873698620066854],[76.82882896026311,16.87302423382094],[76.84131665123344,16.866448467591226],[76.85458477157314,16.878829955884356],[76.85683115087491,16.89120072166678],[76.87020567755833,16.892611273858186],[76.8704965161147,16.89587785911335],[76.9014648809126,16.892560295426485],[76.90152406731339,16.878197283812753],[76.92062543208652,16.870007365267693],[76.91437816042685,16.86071486005732],[76.90167123201819,16.854680571763353],[76.90371825539546,16.830377419748054],[76.91072939508392,16.81658711588314],[76.9195252976974,16.81788220442788],[76.92668705072303,16.830450008889745],[76.94436891924377,16.831073029148577],[76.98268072941832,16.809595954765886],[76.99061922872066,16.81222218808493],[76.99514728482661,16.83731230861187],[76.98323228422298,16.83988055592324],[76.97837963177055,16.854621038269297],[76.97987063930947,16.861429068365382],[77.0069559213074,16.857854304801137],[77.0196893077961,16.86743522609967],[77.04139450679389,16.869966577984453],[77.04276925167377,16.880729240196608],[77.03387999344103,16.883811227095965],[77.03384714474603,16.89333081368123],[77.01760199677499,16.89861793195259],[77.01953319587108,16.927444249407316],[77.0411029091611,16.923031307067838],[77.05693311721757,16.939356634316837],[77.05836216076483,16.94657698380359],[77.06289248601517,16.945358588959014],[77.06385189212854,16.95398838204951],[77.07257913291159,16.95271682091632],[77.07144225922397,16.939690943326283],[77.07580689201683,16.942696604962418],[77.08613990909949,16.936834508358668],[77.09470977043468,16.906206088069766],[77.11059354503156,16.905676835374564],[77.12556940315055,16.91794861902578],[77.16020700230345,16.915569495399954],[77.16563732628076,16.938922455372317],[77.18402484481337,16.942446797176597],[77.19607830993827,16.926751865313456],[77.21136910032793,16.94491780628246],[77.23164204969122,16.94282112804998],[77.2326726598672,16.939052540042365],[77.24192232937847,16.94310026319541],[77.24619696625122,16.932896049110553],[77.2630178408946,16.928249306655278],[77.28906102236574,16.933507697116102],[77.28948174293915,16.937230762977286],[77.31136848337103,16.927407699330878],[77.31867382221333,16.936437026607308],[77.33601003967397,16.929858452609228],[77.34171892942429,16.934182971337698],[77.35161987841487,16.907998060156668],[77.36578431888043,16.904588206093255],[77.37138877229245,16.89765843141151],[77.3766584137166,16.897924364939175],[77.37654579642101,16.894603572692635],[77.38403568066374,16.894133587590797],[77.3846646953987,16.898479964135937],[77.38905722986429,16.896378853677717],[77.3894276447818,16.891173997073665],[77.39574537220751,16.903318139391722],[77.40187435910045,16.903055135791934],[77.40263912095295,16.89980234036926],[77.40645958039784,16.901880150863832],[77.40177520036444,16.896684966275778],[77.40143091025202,16.883203035841948],[77.41112439242939,16.874689588168994],[77.42504005525682,16.885132654863835],[77.45589455140593,16.88533551408447],[77.4579132688686,16.909506457652554],[77.45401588578763,16.913897663193186],[77.45920232435185,16.917311418272526],[77.46651672360213,16.91510695298496],[77.46943530324783,16.91919738406495],[77.46941144399389,16.928061842357828],[77.46420220528944,16.929853273101426],[77.46828578307765,16.939592440690255],[77.4648377894041,16.94418429419124],[77.46522847839928,16.956613296575583],[77.47214655082766,16.95714209586394],[77.48134131530874,16.97043022111507],[77.48289114722742,16.985646926719816],[77.47951622970558,16.99601753685342],[77.4865588526498,17.00321168001578],[77.50220135413443,17.009369433145526],[77.49494602989384,17.02708928314557],[77.49665126676338,17.042720619691146],[77.48786680599169,17.04762310712986],[77.48983647543983,17.05053614438267],[77.4789833930965,17.07262753042763],[77.48098005242736,17.07923468822443],[77.46725261719467,17.086329969685075],[77.46285441525798,17.094084747236103],[77.46362279282951,17.109996777341383],[77.45919191916592,17.109099536360716],[77.44579571074476,17.117955234839545],[77.43600313900166,17.114980953823135],[77.40665836409548,17.124511231177475],[77.40382156797156,17.13291506642605],[77.37791677556325,17.139942245742162],[77.37817057568212,17.15266033863779],[77.36689672335801,17.154413041234157],[77.36681657477004,17.158980703014553],[77.36372430766076,17.158781727164914],[77.36261477330056,17.164483322082056],[77.37190079763135,17.181127956658766],[77.36945653923546,17.18632352596857],[77.3722717084189,17.195562831117545],[77.38174313604122,17.197654660584348],[77.39389361292861,17.194396589096055],[77.39640950298529,17.2075295970323],[77.40374786030418,17.209892102875514],[77.40197621817221,17.21412112133018],[77.38876204615688,17.215324074276047],[77.38018764832952,17.222530490282303],[77.40827052921338,17.24120528088747],[77.4204186093956,17.237624847965613],[77.42632970542479,17.25646240625608],[77.43578218218786,17.260182790759814],[77.44399611573611,17.270549259867412],[77.4508147644255,17.270533356005963],[77.45853522374375,17.278997291387302],[77.45487781930274,17.287241497818968],[77.43792590830716,17.29191884262155],[77.44050628302818,17.30130173258693],[77.44884341512775,17.30962090284845],[77.45601107367804,17.33123632834986],[77.45705761008574,17.347409934117966],[77.45106442510756,17.35938008601719],[77.45360624503492,17.373989926405642],[77.47909594840831,17.37072119340766],[77.47443145438037,17.361512743635874],[77.483818520316,17.354997426265268],[77.48820081308905,17.358726860064927],[77.50262521342142,17.357065216966944],[77.51575882362377,17.36038471985202],[77.52980190708436,17.370711345075808],[77.53315145618255,17.380496940947932],[77.52621530426077,17.38193022959241],[77.5242854732988,17.38799623307152],[77.53784414024246,17.406092762878103],[77.51417375888136,17.41418124130668],[77.5129984256215,17.43087032730291],[77.5373010322964,17.443746851248488],[77.57586181684016,17.43071442304378],[77.5761860736234,17.456167635297252],[77.60291831501975,17.44415163831731],[77.61427136281931,17.445946412402115],[77.61523110130929,17.472890680642834],[77.63824139700634,17.4735187282299],[77.64478522859244,17.477566232834974],[77.64787550503503,17.4960754430455],[77.65713159300903,17.506583511612707],[77.65231548042907,17.48273431385616],[77.68840212771228,17.47519607919602],[77.68800511278087,17.489426050809694],[77.69251869343434,17.498934619194497],[77.68879856682358,17.510938949026844],[77.67545412741394,17.508620479832874],[77.66864171932085,17.511608285854543],[77.66200957705412,17.522822747272727],[77.6279603537511,17.523634464003436],[77.61206249536718,17.53475670182657],[77.59689929000243,17.534303174190043],[77.59379986871024,17.56451313930496],[77.58907112807147,17.564697511426257],[77.58809544807846,17.56000291080968],[77.55055929901573,17.551733835942652],[77.53743626198433,17.575442144022453],[77.52838340526698,17.575365538915623],[77.50689876243436,17.542278968395724],[77.50002951613662,17.546724692780582],[77.50043264230688,17.556194220687534],[77.49406572313623,17.568357885080502],[77.47805099213721,17.56680353286804],[77.46181294804343,17.580752986372953],[77.43054761368734,17.58595027640513],[77.37876598803562,17.583879258209674],[77.37921829876433,17.59499749299529],[77.35961206373355,17.600192142832473],[77.35183457397113,17.600064795656333],[77.34039455487903,17.58790115276256],[77.31100347720982,17.594679168821493],[77.30029018889437,17.597715741166233],[77.29509111103407,17.6150889566206],[77.29148890716895,17.61118859807218],[77.28475740224866,17.619222645610694],[77.27953819943106,17.617562114791728],[77.27435991667132,17.6269835127546],[77.25824433990022,17.623324105821798],[77.23759011408929,17.631501935327577],[77.22195748508966,17.63237294420848],[77.20732071224431,17.626754825380043],[77.19751345574124,17.63201270213433],[77.1941998212881,17.615510498197203],[77.18888085157505,17.61538121398743],[77.17129231172417,17.627778119826726],[77.14996863531238,17.632412418678708],[77.15034214492603,17.64257279508151],[77.14367528457024,17.647651408609455],[77.14475040177697,17.65572452376467],[77.1327061425871,17.6622398039329],[77.1324569616054,17.682447635891045],[77.12388406755781,17.686978955712895],[77.11666838327578,17.687281386314858],[77.11449632608904,17.677974733939198],[77.10627765213108,17.674016493870866],[77.10457699577117,17.668997101940477],[77.08941190304597,17.669152888585785],[77.08530959807901,17.659023289198576],[77.07368356843428,17.66156395428974],[77.05813772028435,17.673129026834467],[77.04320591195362,17.667367624792327],[77.04092299906758,17.671658482031813],[77.0352878394425,17.669374475206077],[77.0341557313175,17.68064115838593],[77.0175680916612,17.67785872499745],[77.00055628729069,17.696000701687794],[76.99088844572645,17.695998072641206],[76.98097124621243,17.691543530099143],[76.97709928455565,17.67991516135131],[76.97782972806938,17.664915528840766],[76.98800413770718,17.6618976706153],[76.98712504457349,17.658055671197165],[76.96187876577744,17.63962327542654],[76.95699214892247,17.63415317437799],[76.9580775868735,17.62096126921582],[76.95133480719808,17.624377569919805],[76.94039006435641,17.608891244086927],[76.92100006100104,17.610731972418808],[76.91784390840371,17.623555258989498],[76.9251898816396,17.625963819015148],[76.92889882242847,17.63753969439521],[76.91479879206709,17.63920899412606],[76.90780761743582,17.635090818641412],[76.8988229078142,17.644666367979845],[76.85243054055493,17.64459735633878],[76.84184600327752,17.653713100675567],[76.83678345137415,17.649397888601207],[76.82312227408019,17.651881938889364],[76.80787035469123,17.64901243529548],[76.7929108521986,17.65317502179855],[76.7844385065808,17.63644604516491],[76.77846331126449,17.635971405293866],[76.7701381043003,17.646302353713665],[76.77347209278119,17.66676885034749],[76.73273338505189,17.66562510760745],[76.731834078926,17.658819690369477],[76.72028639495046,17.653860491110812],[76.71435119083401,17.638812280379554],[76.7077552973856,17.640059709300843],[76.69770696629797,17.64516186660881],[76.71065255461974,17.65428942267346],[76.71098561489279,17.661260147676554],[76.69453962428548,17.66184016898808],[76.69500250728674,17.677288426994792],[76.6873754952159,17.68005026890581],[76.68435632042805,17.685888395300232],[76.67261217489987,17.69054035425203],[76.66418880543132,17.6875602172111],[76.65279233576587,17.722133013767124],[76.63325946524604,17.72822017080991],[76.62809744917944,17.75064927892939],[76.6318850356748,17.754641408970144],[76.6243301583213,17.75939463787759]]]]}},{"type":"Feature","id":"KA-18","properties":{"district_id":"KA-18","district_name":"Kodagu","source_name":"Kodagu","center":[75.78499497649567,12.426851768507426]},"geometry":{"type":"Polygon","coordinates":[[[75.89522833417868,12.828039928188801],[75.87854593393803,12.833911428681493],[75.87679114689571,12.823579431410687],[75.86380266761236,12.818761166059053],[75.8639289330121,12.7964428512093],[75.87328274780751,12.777248192967283],[75.87823765818366,12.776692363275632],[75.87308021005029,12.774337514217164],[75.87485318618046,12.76983591082247],[75.85828054299954,12.769640753304321],[75.86001750207672,12.757184690427335],[75.8494509355966,12.749821725802502],[75.85399590069116,12.745370270750565],[75.85521693933435,12.7365072293169],[75.85172304444473,12.730134148730782],[75.85491432835616,12.723522143999784],[75.86989130487771,12.715333438416364],[75.87248802175039,12.709091751365095],[75.88534152287407,12.707704284016996],[75.88464624301385,12.70081626681647],[75.88983868771403,12.692020745656883],[75.88674938324858,12.676549855177688],[75.87791144127644,12.671754517734522],[75.86727369768309,12.674823126392036],[75.85253060832557,12.669307977566097],[75.84701120381138,12.672778456257305],[75.84245933157061,12.669284156713708],[75.83455109291693,12.670900957287772],[75.80768846734533,12.701701411599048],[75.79162658018382,12.688386031431797],[75.77720881480809,12.688796685871322],[75.77306514062569,12.679366935632409],[75.768378121342,12.681656512273173],[75.76075873776456,12.674064618604428],[75.74556029957601,12.679660647171573],[75.7313115225766,12.697858276212475],[75.72135353326044,12.696270995808728],[75.71324139769852,12.707609115745305],[75.66694540978773,12.697820864166507],[75.6479675283319,12.665728361847995],[75.64196836416717,12.632933560989782],[75.64231784294869,12.626248890168176],[75.6540206183631,12.619369046168057],[75.65639816067949,12.602699965321987],[75.66153761286277,12.596624883636245],[75.66211046492619,12.577863335209107],[75.66845482740008,12.572181167208939],[75.66313551003903,12.56956040904896],[75.67054630840076,12.558743627746356],[75.66802335399271,12.547828785719592],[75.64428268125725,12.539415319304775],[75.63314892299832,12.528089150756445],[75.63232077332442,12.521106116562565],[75.62675896204063,12.52111967157746],[75.61476190662398,12.51018593821795],[75.60549697743097,12.512671137409885],[75.60574000585132,12.521114094176058],[75.59584381433848,12.527644106818082],[75.59098847771999,12.540081834617062],[75.58268593525045,12.530837586803775],[75.58093070623703,12.519320903388016],[75.56418317095174,12.510652938659348],[75.55617171766855,12.501229429073478],[75.55505724167594,12.498338268739547],[75.56481786034439,12.495055135795525],[75.565910006914,12.486106816020623],[75.55183917988414,12.493221303386584],[75.53370364777192,12.494987084622867],[75.52916245110998,12.499473270203769],[75.52367464034435,12.489831114293187],[75.4933198419535,12.483725374849014],[75.49602185934377,12.478572179748808],[75.48985616100012,12.460085993386606],[75.48195321881336,12.46580602278727],[75.47542210288012,12.46343116737616],[75.46463152890747,12.471863293435252],[75.46080218871771,12.4769442008181],[75.46198288491982,12.487907826567048],[75.4724867948072,12.499455994596032],[75.46131027135083,12.50498292337374],[75.45809418405608,12.515876037580036],[75.45319946170227,12.513658476621966],[75.4343485607051,12.530123489622461],[75.42888692235528,12.514998225604735],[75.41643021787235,12.515300868015585],[75.41942366131723,12.509345903409194],[75.41580310756576,12.504980650177494],[75.41725138583986,12.49362945332027],[75.42482002897681,12.47425690484718],[75.42325914867848,12.46677941465675],[75.41571701931716,12.46597600671712],[75.41331558540747,12.458567036579975],[75.39340386209464,12.451372659365314],[75.3862864481148,12.458284914813449],[75.36579354715249,12.457739927636347],[75.37148548389676,12.437718194243637],[75.36616808803211,12.411826731128594],[75.37924204740463,12.392359837257032],[75.39229234335595,12.389989684901078],[75.39857469871902,12.381430175146503],[75.41312498626039,12.380291740290424],[75.42192847424812,12.372663630840963],[75.41963708755398,12.35694396763274],[75.41040451208427,12.347193196303659],[75.42028244264398,12.318985036659178],[75.43215016132098,12.308994768737524],[75.41392414370678,12.290669447159079],[75.43008501892443,12.299011077348577],[75.45990331557982,12.29404185820618],[75.47014893377185,12.300710596765242],[75.4794029592139,12.295413386803007],[75.49387024242301,12.272788197054503],[75.50539632011936,12.270744019196648],[75.51159246685957,12.253056124766912],[75.51980365874957,12.246214316278982],[75.52111347519735,12.236133173620097],[75.52833170260995,12.231594426228163],[75.52691327175947,12.22568924856604],[75.53968964173623,12.216807343014462],[75.53261306516923,12.201446220387538],[75.53980160415999,12.202733051934104],[75.5411753231638,12.19754670434612],[75.55261950774393,12.192847114989789],[75.55497453558434,12.183178715587783],[75.56159493866694,12.175053867053823],[75.5697809220334,12.17285225123677],[75.57719735822188,12.157754266725558],[75.58330987540239,12.15912418233951],[75.59293354231252,12.147775922173892],[75.59590485665868,12.154316012881717],[75.6112466156609,12.152620825725084],[75.61903223607491,12.156518864148008],[75.63605392910007,12.149174938126713],[75.6382592589866,12.13895405197756],[75.64319330958355,12.138648655432696],[75.6490801645748,12.109331719635952],[75.65275830123427,12.110050585357047],[75.6619816608875,12.099182935924086],[75.67686873581204,12.098197569308226],[75.68717946030262,12.110246004599936],[75.70326259621383,12.108171381345496],[75.7021323089739,12.09229182763306],[75.71306534227588,12.090477607575574],[75.71792986686307,12.08557860330809],[75.71473128683492,12.07044277864638],[75.72773979495581,12.072548752949501],[75.73610554827866,12.078948122637927],[75.7471194901433,12.078185764839152],[75.75348465131096,12.084131210199333],[75.78541816874504,12.084257067839653],[75.80255087287806,12.078562815398206],[75.79866314578805,12.056038826669312],[75.79396097911203,12.05502945865311],[75.80107064871581,12.037006041897111],[75.81102368022992,12.02857452301274],[75.80992775624456,12.022711898830183],[75.82285544204105,12.013367567145643],[75.82037846161259,12.002519198958215],[75.82523157579905,12.002732620663904],[75.8272570216432,11.98768362327912],[75.8370448206372,11.980928641189568],[75.84690930521376,11.982005693827986],[75.85460876461563,11.964109139631306],[75.87044925568718,11.952580852400885],[75.88067997801518,11.949706642707435],[75.88602257791176,11.952025145097616],[75.89703310528004,11.945471410320014],[75.91398774535743,11.94692075758201],[75.93078479578118,11.939700606331128],[75.95636832728769,11.941896010571055],[75.97639974302732,11.933705079151999],[76.00319854778954,11.931391668807661],[76.0131180577705,11.941715060043702],[76.02238041329021,11.943965225119126],[76.03371993605487,11.940296954567403],[76.07009666641129,11.967076749896485],[76.09350939298257,11.968487720775574],[76.11693325237519,11.982685496015096],[76.12450830768663,11.983061007412317],[76.1508457583802,12.018369440438725],[76.18278324726616,12.032340868945559],[76.18926165634674,12.050044124893343],[76.17577888895978,12.0761130502835],[76.17659120942005,12.099367860569895],[76.17189364571156,12.106247921397587],[76.1709355726981,12.118736570002367],[76.1441950865641,12.15454138506048],[76.1331516655851,12.191545998654917],[76.12925089405886,12.194841030353967],[76.11874767317931,12.190655387082359],[76.10186651169889,12.19720798866306],[76.09318035806032,12.213663841614268],[76.07450208810793,12.234104096289634],[76.07380699509729,12.240092738757241],[76.06224153525888,12.249049153590773],[76.05187115544692,12.246383567742788],[76.04025035579376,12.252614548428152],[76.02467848973826,12.248819767418318],[76.01510277759292,12.266668550369205],[76.01452174187726,12.292246136980408],[75.99909350655422,12.307386521837849],[75.9947316091314,12.317384855893343],[76.00109071206077,12.330554101016896],[75.98172317826563,12.342452487628544],[75.96048915641413,12.343874344184663],[75.93231587896156,12.382286123577984],[75.91618269970245,12.388295604860046],[75.91312919399937,12.385575014079885],[75.90921818706879,12.401846856108873],[75.92339811808314,12.423354698355672],[75.92615968389526,12.436782568877],[75.94561134761176,12.448981956850568],[75.9604256850494,12.451454770132564],[75.96775521821728,12.447253660574203],[75.971674662125,12.450303200366998],[75.96688611255294,12.461378195722192],[75.97160832513454,12.47083207808251],[75.9640525764152,12.474269541354703],[75.96642880180137,12.483127574387526],[75.96056458974515,12.48434068560427],[75.95815168884089,12.490547058597508],[75.96221835943716,12.506454754970322],[75.97253360784349,12.511847970654182],[75.97534723821286,12.519765632829339],[75.99394278410738,12.52210415820763],[75.993435427313,12.529643265377057],[75.98340142704906,12.540431538028681],[75.98666523824164,12.545049424896646],[75.99492180673155,12.54104152075759],[75.99889519896367,12.547421645727573],[75.990870481157,12.556134647849296],[75.99126388575928,12.561445205048638],[75.9964498077922,12.562627185185226],[76.01245817961731,12.554201275333613],[76.01184211319881,12.560771195682484],[76.01905526872332,12.571587691764355],[76.01392832288542,12.569504898912351],[76.0123102154119,12.573145176212067],[76.00355855302954,12.574482588648047],[75.9922097632444,12.588748628413247],[75.98767871035864,12.581292887738039],[75.98852238381897,12.574097081302787],[75.96875612110685,12.57667158439177],[75.97547382341281,12.563471647784988],[75.96261301179933,12.561184404897201],[75.94862579187131,12.595678553720564],[75.93950829957265,12.608679514592001],[75.94697398769318,12.614191854094473],[75.94982974365952,12.62334354666719],[75.94466304377703,12.62947812260649],[75.9356105176397,12.63001805587466],[75.94350502913751,12.636493041954038],[75.93780422242813,12.643554144299168],[75.93890643731547,12.652982069976082],[75.94791680282152,12.663940236352929],[75.93977251386065,12.675991766261905],[75.95415279882776,12.676738419144554],[75.95962796400912,12.683263279348234],[75.96524395538265,12.710953772622226],[75.94190991943361,12.720185001054917],[75.93451893790706,12.733741177252089],[75.93760265485142,12.749365117857723],[75.9329782697026,12.763995698330808],[75.93580170069171,12.767430075187573],[75.94718869402925,12.765334793235992],[75.95461705175984,12.768577927256295],[75.95780306166226,12.781982380310735],[75.97076692980177,12.783948797003195],[75.96694483362644,12.797726057912884],[75.96913030805025,12.804983913029965],[75.94918755692753,12.800533546995917],[75.94623288477031,12.807932991872779],[75.92989725039902,12.80811287802476],[75.92503033180157,12.814188252029329],[75.9277686815535,12.821698843867326],[75.91982360927824,12.828258772853705],[75.9184359322515,12.819630966433936],[75.91125969479023,12.815234296598888],[75.903338410802,12.819144601652722],[75.90006907856372,12.827791012110556],[75.89522833417868,12.828039928188801]]]}},{"type":"Feature","id":"KA-19","properties":{"district_id":"KA-19","district_name":"Kolar","source_name":"Kolar","center":[78.20535287546886,13.124609563784267]},"geometry":{"type":"Polygon","coordinates":[[[78.23972950410113,13.597393040238765],[78.23438915987423,13.597121960721728],[78.23257900427105,13.58598316086584],[78.21975384229964,13.592584466889749],[78.21621122099238,13.590623382885555],[78.20292165517186,13.56878332038673],[78.19619145460535,13.566261607427213],[78.20133646825857,13.563893150254055],[78.19376809102296,13.548545888729679],[78.20114913089428,13.541310240086675],[78.20365065958451,13.527767922279459],[78.19909209130161,13.520892089718984],[78.1904084403694,13.520698079867428],[78.18777332680654,13.513594397430472],[78.19816115729118,13.512591568683344],[78.20068551935933,13.484100413867926],[78.21038598234477,13.471039847735529],[78.20199900542501,13.450641684029167],[78.19341165389127,13.44710489883347],[78.19432630324222,13.438435357163275],[78.18863804240407,13.442475638405204],[78.18551120183446,13.438927036241845],[78.1825531340455,13.420625219718069],[78.1357333357976,13.405253987563501],[78.12832704518196,13.38671329858971],[78.12460795882028,13.385999309702518],[78.12238720396198,13.375199375138491],[78.14262678989566,13.375865267781718],[78.1479628401755,13.367487047066556],[78.14556184644029,13.361404472841105],[78.15008705937836,13.357940380759409],[78.15033951471933,13.350618404368213],[78.1318639810518,13.352460221177264],[78.1340665980262,13.331220206113695],[78.1308378498758,13.328425640788925],[78.10897119487537,13.32326286423507],[78.1217505544454,13.315501912985468],[78.12318794962984,13.308423640685168],[78.13647305172167,13.30434501461814],[78.13381943106734,13.287640517996783],[78.09196822992726,13.310226229062964],[78.08678328076978,13.30218836296181],[78.06058249257704,13.299000433946194],[78.05906304707115,13.292774458822405],[78.05210735858859,13.293408781387507],[78.04690564417295,13.278291768594535],[78.02990940940292,13.28371172531218],[78.0155152751091,13.282903609320377],[78.01128195175625,13.301450532586102],[77.99403319696665,13.304907704383718],[77.98519347633021,13.299167298974558],[77.98454508493455,13.286065599596299],[77.96123391380442,13.284243809891557],[77.95773549140576,13.281921901092096],[77.9594811282086,13.272195452995785],[77.95618124426748,13.269688159257104],[77.94628908798691,13.271245644940679],[77.93821822641902,13.267952932819064],[77.94140412942193,13.258465791763237],[77.93495057223369,13.246062750653273],[77.9455934739534,13.243664871757087],[77.94855253887233,13.249991410576156],[77.96491974183935,13.244047814177828],[77.96385012861035,13.232767450052194],[77.94656485820273,13.219218516962057],[77.94523493925553,13.214175067816525],[77.95136122491438,13.214982416865071],[77.95127024623734,13.219361864295758],[77.95794516627791,13.218686494791983],[77.95511648104267,13.20087135880522],[77.96055466258382,13.20015108879258],[77.96383060372763,13.189339305819976],[77.9553441967807,13.176429633843846],[77.95304255042772,13.160571220322495],[77.95876961040128,13.15738323587639],[77.95543909929889,13.140105995961823],[77.95772336055616,13.130334030788132],[77.9561865039035,13.126289488872061],[77.93926720534597,13.12513696233001],[77.93733570082266,13.108139322154535],[77.9254997214213,13.110681702319342],[77.92364240157076,13.115929242072228],[77.91540733605379,13.119035461567934],[77.91412430557115,13.111058602621421],[77.90134168421832,13.102391466218416],[77.91606671564199,13.08760175602976],[77.91332247384013,13.080836322582426],[77.92703883374368,13.082663838397925],[77.92622632194222,13.075867296266258],[77.93182756297878,13.07395444180842],[77.93955225336202,13.083552344970377],[77.94145272917713,13.068790953232861],[77.93737198018374,13.0659716786106],[77.92820273324661,13.068445778825234],[77.91897480476183,13.050897799206192],[77.91365920462945,13.048448937602506],[77.89222337355444,13.052197614020368],[77.89309433423985,13.046240748854942],[77.88881174637851,13.045431931342861],[77.88715655914503,13.03707977622954],[77.89329655040015,13.03503214671609],[77.88586512671951,13.008570175436889],[77.87406131059859,12.997646674977032],[77.87142118623306,12.972901735345886],[77.86469734124718,12.973647174402815],[77.86529687686782,12.966144644270448],[77.87155986006181,12.959840044242366],[77.8671133341527,12.95092717457423],[77.87371226121176,12.945192006013263],[77.87074039170679,12.93714246741277],[77.86918307861845,12.93382048312464],[77.85918404258202,12.935672940427725],[77.85101940228834,12.93208358824074],[77.83954313707281,12.921804438190229],[77.84218903311407,12.914035579596982],[77.86189494700537,12.914268160823111],[77.85227718472163,12.890909834757485],[77.85568314622302,12.87624843620334],[77.86642604301028,12.876100049653228],[77.86765181308009,12.868068689705428],[77.89034388507932,12.869655142883198],[77.89491886288755,12.878573285131695],[77.90841204264696,12.878806070084972],[77.90875824796755,12.884839760269486],[77.92187403110304,12.884738540309838],[77.92509060079311,12.890089259680822],[77.93600850826232,12.887244280976617],[77.9346295996911,12.880659452588997],[77.92714369857835,12.881519651053297],[77.9277228999342,12.874916341415929],[77.9416253943579,12.872734951819382],[77.94121429833443,12.868215401312623],[77.92281345059965,12.855564050429736],[77.92424063643087,12.851120989880016],[77.91724649376589,12.83885121192298],[77.92055651339834,12.828157197238504],[77.92651227096853,12.830284964296032],[77.93434073203845,12.823097186660938],[77.94067831672349,12.823344373955047],[77.94660957903254,12.838709183882319],[77.94057765780097,12.84525119282571],[77.93999455865513,12.85314264603514],[77.9436485450065,12.857819621654492],[77.95233599671067,12.857116812105158],[77.95277618736957,12.850129306755164],[77.96535059271426,12.848182052994607],[77.96431827304426,12.832842674906129],[77.9803938738869,12.835056157865772],[77.97927146756695,12.827043232342856],[77.98978419262221,12.8215476563176],[77.98852109126415,12.808192580168166],[78.00975275773293,12.805739117334277],[78.0153124696539,12.813791088108916],[78.00391701059316,12.825595761080187],[78.01062055095868,12.830909472169065],[78.01829765398804,12.83105249611502],[78.01914962967825,12.843943372028498],[78.02433244803188,12.841744417027043],[78.02898787087207,12.845185704073],[78.02386568880013,12.856500916239083],[78.03065020779692,12.858022134938956],[78.0307306932531,12.852449483567225],[78.05046985109817,12.848736448033343],[78.05333343228895,12.853853622197645],[78.05904601770834,12.851170484731849],[78.06020876377443,12.843826401994992],[78.07652457502236,12.839649482834231],[78.0738597209354,12.83051468813331],[78.08619863741993,12.831936226933301],[78.09016199726695,12.817360880018017],[78.12499039229796,12.798186794667854],[78.13423755101803,12.781965723017318],[78.14514673225257,12.780930282686574],[78.16766354922805,12.770080790111821],[78.17739920730804,12.775945758331247],[78.18425592839579,12.776220071296429],[78.18896117719154,12.771911806170584],[78.19516440355453,12.773844827897332],[78.23095281196002,12.760658589901167],[78.23898192701999,12.768375045934366],[78.24564032165259,12.788263258000509],[78.25233532981952,12.828937772309931],[78.2521979783109,12.860551001385124],[78.26527307495054,12.86200823589743],[78.26839670763627,12.867692629927667],[78.28209658255604,12.85931473396902],[78.31244641955156,12.858518184292388],[78.3155932278733,12.86755488838668],[78.31362685344558,12.87645324827534],[78.3310201274015,12.875578321060962],[78.33224146698034,12.880704411563354],[78.33707990359339,12.882364584785508],[78.33451829737359,12.889211784572534],[78.32918196142947,12.884590786662232],[78.32033001562036,12.887259404099408],[78.3235328527647,12.901783356386598],[78.33973117066168,12.903184630268225],[78.34406978465064,12.90849883268662],[78.34196699475885,12.911895317288279],[78.34659876495763,12.914043426667828],[78.34904766135536,12.928991752404816],[78.35384560101706,12.930249317207126],[78.34970753142372,12.935713193232964],[78.35587500932995,12.940740720680749],[78.37825012156098,12.913845249965325],[78.38869573258302,12.906858139336071],[78.39639953264437,12.907313695398127],[78.39866700079571,12.917308941655008],[78.41221106742104,12.903233522036777],[78.42865310544113,12.902075458090339],[78.43370033028913,12.904542910898693],[78.43494793930181,12.911838128263426],[78.44557971089516,12.9117960372238],[78.44724263891143,12.892210412319766],[78.46411389466924,12.877702342842419],[78.46477111740245,12.866763658832806],[78.46945567260731,12.889637497222107],[78.46669669124826,12.905409653136038],[78.45229606393154,12.917669059620584],[78.4445282687877,12.91963395107606],[78.43801608484905,12.929013924611443],[78.42818222204393,12.932093108758588],[78.41881751517568,12.921724779137804],[78.41116305867459,12.94526801030646],[78.42038109940304,12.947742035710618],[78.41926542865107,12.958680572625008],[78.42915656714042,12.957463973070084],[78.43797268903431,12.963985423725505],[78.43271502844111,12.967796407606244],[78.43533014101418,12.981039788831369],[78.46746125457308,12.97502248523755],[78.47481462094377,12.991441847345113],[78.46770104995672,12.99853554998181],[78.46825586025597,13.004618074917758],[78.46361320606921,13.005320041158933],[78.46219586577348,13.043214097001576],[78.47312189760615,13.04292197110174],[78.47849455782706,13.054536816633252],[78.48736147136545,13.052356655926689],[78.49806109001723,13.06119992402959],[78.51425156831672,13.06185540872103],[78.51512082220309,13.069965887375801],[78.50861728005752,13.079023941430513],[78.50947043703229,13.091495113111792],[78.51607175720329,13.096551611613375],[78.52339005604023,13.094693620812144],[78.52448214332101,13.101201146060921],[78.53850595612214,13.10573018575841],[78.51852821292414,13.11982327269185],[78.51704501623662,13.13159035808897],[78.52333834002933,13.130451919294853],[78.53125544595319,13.141373746134521],[78.5446453598791,13.14200340972262],[78.54835808167702,13.148538834092797],[78.54139687843687,13.15573641224138],[78.55011349484508,13.164188910751976],[78.56820492057518,13.161762212341696],[78.57337403243419,13.168895339714489],[78.57976516659166,13.16736159215691],[78.57605958640026,13.186691795401474],[78.5672958982712,13.193264777607604],[78.54975867108764,13.189693957429158],[78.55006029571562,13.200181376379968],[78.56779294330443,13.201517555418368],[78.57111799624315,13.212039615298647],[78.57870216855639,13.212992156388133],[78.57854860784678,13.218018429127135],[78.56640149694677,13.22085490173749],[78.57013893768634,13.247101208790454],[78.58491289585197,13.26156073599693],[78.58770234537054,13.272972978990733],[78.58736419614141,13.280642532256547],[78.57864795433069,13.280351693860524],[78.57755120659019,13.29528391823812],[78.56554908018377,13.312003334845278],[78.56163761511242,13.28851447731779],[78.55411319424027,13.2831703066048],[78.53932266305597,13.287870303847232],[78.532178711046,13.266937843909984],[78.52196068640453,13.27300343938291],[78.51993072023788,13.282769220608001],[78.51335419716199,13.285233954221129],[78.51399767387473,13.290585334051684],[78.5048468585706,13.291367410199431],[78.49878445660313,13.299560829046847],[78.47930994333912,13.301290302686835],[78.48340161225308,13.321171050326958],[78.47689749967729,13.322637674184152],[78.46666334219165,13.315121018667089],[78.44420565861631,13.308111015772127],[78.44038473294582,13.328429447576363],[78.42794746081914,13.33129294680803],[78.42175797957833,13.328266017898342],[78.41887695669804,13.320574360812737],[78.40110419843352,13.315469505045325],[78.38713355511743,13.331792155750843],[78.37714794619954,13.331970970808314],[78.3830277907383,13.34358595829652],[78.38768474340945,13.342799464619011],[78.38486923376449,13.334885974386362],[78.3930151289131,13.333764843831444],[78.4072904825702,13.337523864724893],[78.40868340665651,13.342883023646417],[78.37763663959556,13.363146159600838],[78.3696700032619,13.358260454239337],[78.36507712831826,13.361798964418446],[78.36905533821523,13.373188160813633],[78.37877908732949,13.383645164787138],[78.38167547140118,13.396983211226702],[78.37560383115932,13.437377837842273],[78.3789743720891,13.440071441313862],[78.3728468144158,13.452138200042382],[78.3745642378305,13.461949884787195],[78.37082356764748,13.469524317038609],[78.3787891888849,13.482038700402203],[78.37531632086107,13.508954048296454],[78.38552409123358,13.51556251239851],[78.3841099210925,13.524900976695733],[78.39363531590382,13.540625012172352],[78.39313052829114,13.552560299005235],[78.40667220899108,13.576855157991002],[78.40155054434872,13.578503076615814],[78.40200141417972,13.587970970011758],[78.38429094240205,13.591860843148439],[78.34862700096905,13.58686723381794],[78.34656601507731,13.590499646196012],[78.32617100173492,13.594837540339064],[78.27047512264114,13.588148617610985],[78.25860489856284,13.583005823324536],[78.23972950410113,13.597393040238765]]]}},{"type":"Feature","id":"KA-20","properties":{"district_id":"KA-20","district_name":"Koppal","source_name":"Koppal","center":[76.16644443298755,15.649651865099559]},"geometry":{"type":"Polygon","coordinates":[[[76.05797365910695,16.011589019635913],[76.05212312210432,16.00327763439742],[76.02160695305079,16.009184503692424],[76.01214468644777,16.0021302451714],[75.98964021322256,16.005241041569704],[75.98706415670311,15.995945556118503],[75.97371368330975,15.986942803267002],[75.97432351542014,15.952422107180848],[75.97765479368378,15.95152124374856],[75.97529382079283,15.8966923770771],[75.97904355497705,15.873325910240244],[75.97363964057075,15.861453816672336],[75.96634432872364,15.859194819206868],[75.96342289423195,15.865454290251105],[75.94441464343129,15.866925266884348],[75.9414984622874,15.874495133992678],[75.92828790419445,15.875636803272265],[75.92706872955549,15.895014161017764],[75.91403724702118,15.912412044223931],[75.90168569842712,15.92353282171532],[75.90278305342872,15.91819475063669],[75.8914989387508,15.916257118303083],[75.87663002686298,15.932114457922538],[75.85319494841077,15.935570426274875],[75.83952627737074,15.930936489578622],[75.8365149089427,15.92564630687144],[75.78852185703482,15.925021009947562],[75.77615504516577,15.91825403534677],[75.77886031176241,15.907496159215945],[75.77352643989711,15.902575027404302],[75.77906915299799,15.897402609752316],[75.81033223797257,15.893699639277267],[75.81187028309641,15.899922350155101],[75.82733129794417,15.900352211834326],[75.82971386094468,15.886769993387505],[75.83523430570796,15.88230131482122],[75.82800608992773,15.866522938078415],[75.83822171427074,15.864965178106349],[75.84006186462123,15.871819211371252],[75.84873421564545,15.871934677590069],[75.84626859710872,15.839419232891828],[75.9077732406461,15.8088335673262],[75.92895133159135,15.790931052359323],[75.960954183694,15.783826745317773],[75.96380590173311,15.794603162285046],[75.98444865695616,15.802416000597608],[75.9883424997766,15.801562153301186],[75.99453788744039,15.780710613764187],[76.00984101259716,15.783944237073287],[76.01235872713218,15.779607823289947],[76.03947526780705,15.768360385385433],[76.04043409181207,15.763159895616855],[76.03472678938486,15.7546400310549],[76.03990622558143,15.753842465912827],[76.03727761582125,15.736893995400202],[76.04349201992129,15.736544021792358],[76.04505945342962,15.725456113630466],[76.04155897838054,15.718297368708038],[76.02318835985338,15.709265687125708],[76.01901964333578,15.714993160807],[76.00489869480467,15.715532371216588],[75.98443033042605,15.693768045402575],[75.98368823306816,15.689789317423998],[75.98825281287695,15.68817330760136],[75.98333835184141,15.667236339053673],[75.99009185201143,15.669827672926283],[75.99499651512217,15.677900830413588],[76.01416429503918,15.680179573143064],[76.01612703488324,15.673122643742914],[76.01121275440907,15.6623567328352],[75.96799468661416,15.664239778041521],[75.9670041943004,15.678884293416939],[75.9436003242195,15.676355113824705],[75.9403272936172,15.693219431187604],[75.92587823542856,15.692317874740237],[75.91541822171756,15.697699598180673],[75.921419040579,15.726109515833068],[75.91036536802596,15.73169688158835],[75.91056609477955,15.744428684398438],[75.89738582158982,15.750464202682261],[75.89270800464787,15.738408839997993],[75.88307657180212,15.737489424703915],[75.89105486557324,15.728403898607148],[75.8869361582675,15.716849483413025],[75.87100921692628,15.714404472901077],[75.87103862597206,15.672612990422452],[75.88745571418346,15.668271646609705],[75.88575299080007,15.63373322239092],[75.89469493163095,15.632412727794792],[75.89395097476043,15.625396288652903],[75.8983655961039,15.624844929272827],[75.89750031366941,15.60707591525268],[75.88214635374901,15.600321864093305],[75.88241224608996,15.597039238951021],[75.86682240833889,15.596016350780049],[75.86770046032514,15.56072082973702],[75.86024084930749,15.513760213884755],[75.85049241628587,15.515804919378668],[75.84946181509301,15.512319467317994],[75.83278286258638,15.51007349836204],[75.8313383940674,15.506752221813164],[75.81909716667508,15.507861848093142],[75.82403169517576,15.495711835119568],[75.81486666493056,15.495478763304712],[75.8157425762315,15.486910223111545],[75.80955646816457,15.486697581409208],[75.81288529762075,15.467543351672452],[75.81871047158967,15.468579727344316],[75.81922640010848,15.456206587157979],[75.82376214220001,15.451728705606547],[75.83987438172984,15.442732681405477],[75.8589306968898,15.444156421011654],[75.85892275039276,15.423897724915289],[75.86534786691911,15.423737335689939],[75.86575780591252,15.407820731924549],[75.8843899967824,15.408805430622554],[75.90398990408033,15.402896180317956],[75.9027805534173,15.354387378917194],[75.88737090423746,15.353165423103192],[75.89328466017821,15.318567880948887],[75.88868102162087,15.29040351308687],[75.89920701389457,15.276597703378926],[75.8947508858934,15.273329493332744],[75.89999132129103,15.245288071959884],[75.90324407062916,15.239413412742783],[75.9117104882644,15.240501371398118],[75.9244465229866,15.205863030262607],[75.92471149006283,15.182672684256598],[75.9482156220109,15.173068854108589],[75.95165120276387,15.13765882413762],[75.96418202544426,15.141769439180784],[75.97848216631496,15.152772814013511],[76.0271772812618,15.142757898614414],[76.04332402418339,15.144739388945538],[76.05683919919254,15.156962874382556],[76.09372283089746,15.162760184590484],[76.10342742343829,15.168378401418172],[76.11169745497938,15.198623396808378],[76.12504320772595,15.203359687100834],[76.15588535742975,15.19582532295],[76.16018574540843,15.200817963195243],[76.15746478344714,15.210131591341975],[76.15985746776596,15.214907573419845],[76.18745957300472,15.235019666734441],[76.2311556568202,15.231303092245646],[76.23264316003117,15.227764280580526],[76.21776734009885,15.201697304213212],[76.21884012617745,15.196586161826389],[76.22965523583542,15.188447790778346],[76.2490005533953,15.190736001011919],[76.25715426209025,15.206273949859288],[76.26821556403502,15.20660502462017],[76.29133185734234,15.223037658413793],[76.29150517919157,15.232227646913152],[76.3009259562049,15.242579013369653],[76.30283885482203,15.255698267358728],[76.31967209567364,15.264402012735177],[76.333645993586,15.26362803481187],[76.35069488759794,15.310417893425708],[76.3639953535761,15.328403688253124],[76.38891082866705,15.33082602539623],[76.4045785925741,15.325677888306156],[76.431801822562,15.339147958926727],[76.4506046187757,15.339233112427667],[76.46025018391752,15.344363049977925],[76.47178447580882,15.344381074066716],[76.47715122781014,15.349516604267599],[76.49331676528409,15.344972059045054],[76.54862653589228,15.386903537568552],[76.55497132686256,15.39665705519589],[76.5717984223393,15.40126652757717],[76.59232806709167,15.413023985079427],[76.5960666100641,15.425428375630856],[76.612271751564,15.442827175247814],[76.66599317408743,15.449837582148549],[76.68392649093764,15.471749475080088],[76.70899123638442,15.488546668695214],[76.72645797815755,15.492570283417027],[76.78011763791193,15.492846476003324],[76.81154183303782,15.513699943102905],[76.80785190688854,15.524276931791775],[76.810723516323,15.547436171769673],[76.75885384499361,15.566898110860292],[76.75346631585809,15.587906704605096],[76.73822119132596,15.592794307635362],[76.70088745874791,15.594486101584092],[76.70029882957313,15.591020543057738],[76.688766239091,15.595836350404337],[76.69081457041533,15.601258127658008],[76.68016710705062,15.606624415094197],[76.6795671797645,15.612693090131533],[76.68040071933012,15.627039460104566],[76.69355864872384,15.624636568759465],[76.69058147107383,15.648165812595833],[76.67020065290954,15.638902973656402],[76.67181356362913,15.658224181810384],[76.6534251324082,15.66030098016793],[76.65385957205265,15.665709735763347],[76.59945079460643,15.673937626104122],[76.59697954902273,15.699625377575193],[76.5860416046311,15.697553987395628],[76.56184425894793,15.70567231763033],[76.55298351593724,15.699858563598527],[76.54151380393175,15.698715604391174],[76.5443339515785,15.70337990033734],[76.53994891894384,15.704137281425847],[76.53186731622012,15.699240196861654],[76.52610715692161,15.707461409845285],[76.5175211375894,15.712865940606664],[76.51479826940306,15.710365750575544],[76.51035368744824,15.71674359729663],[76.49149020464719,15.707458017356302],[76.49050686921132,15.713384337940461],[76.48489090209233,15.714227548837787],[76.48219355055161,15.719220850174743],[76.44722693713774,15.734247083260216],[76.44321769493926,15.738196758127858],[76.44741853610972,15.7440244268951],[76.43911100080383,15.749950662859673],[76.43948511408537,15.784425428188639],[76.42216810619877,15.78557277923995],[76.42194520902395,15.790922766088137],[76.41514138882498,15.79157463769129],[76.4129676419072,15.796730632079296],[76.4132115911007,15.804452832328609],[76.42045328969506,15.805330932397942],[76.42228578639931,15.811974539044634],[76.43791961644651,15.82471756287819],[76.44218078308154,15.824038591594018],[76.45145801290575,15.845923351311315],[76.44784777361039,15.853759627050767],[76.43285973523444,15.858286905814056],[76.41817575142935,15.868926700993674],[76.42680811305041,15.890306436691015],[76.40369370440852,15.902058440615164],[76.37509032258107,15.902218072981842],[76.37353042593796,15.917395611735884],[76.35344861740587,15.902767879393398],[76.3587435832362,15.901390311266717],[76.35881556434163,15.881739297382968],[76.35544200686913,15.864586724762102],[76.35120328823469,15.863709672877883],[76.3378643923287,15.871773153092889],[76.34521003678118,15.887164381323874],[76.34485299687995,15.900480386733763],[76.33387469387755,15.905484873633624],[76.31598222342329,15.904983391418536],[76.31357618115622,15.894707561750995],[76.2907317854275,15.892268541649495],[76.28534834901643,15.902713086034646],[76.27609809290526,15.903811339140749],[76.27596861602842,15.910467019010573],[76.27157299674818,15.904979428592208],[76.26207503558732,15.906666740635108],[76.2568867985959,15.922769944250055],[76.22993920677148,15.923217970419586],[76.22655290759499,15.940868642195207],[76.2003781965966,15.943806970613064],[76.19965590529411,15.935118161384255],[76.17233131390111,15.931596488967308],[76.17201227273641,15.924674281804712],[76.16052425665863,15.921224085616023],[76.14524302883522,15.895312277389039],[76.1253577600092,15.893668180254455],[76.11723409007902,15.886343457626523],[76.10301187805919,15.893906151414495],[76.10116670343133,15.900552660027547],[76.07058786161535,15.902652227833672],[76.05817087075286,15.907365797035366],[76.07259226442399,15.965247238161114],[76.08446109970686,15.99614784307794],[76.07878176363108,16.010785963581515],[76.05797365910695,16.011589019635913]]]}},{"type":"Feature","id":"KA-21","properties":{"district_id":"KA-21","district_name":"Mandya","source_name":"Mandya","center":[76.8115534421507,12.567906257354407]},"geometry":{"type":"MultiPolygon","coordinates":[[[[76.97612877796035,12.254375116129149],[76.98236048540943,12.254522078223918],[76.9857407964162,12.260622513906574],[76.98199432311645,12.27023316887947],[76.9695684847467,12.27498340193851],[76.96909417158176,12.258567419755252],[76.97204748818119,12.253391210994868],[76.97612877796035,12.254375116129149]]],[[[76.91720728493827,12.381812753718568],[76.9111612565635,12.383458731204295],[76.90995562312912,12.374884782118476],[76.89896222932825,12.37371517282759],[76.89828065416602,12.356698013578988],[76.9094523779238,12.355996526229363],[76.91102422665176,12.352068575618393],[76.9136638704186,12.357971195895376],[76.92011427991008,12.359055026599995],[76.91753163424801,12.367277001024256],[76.92289949656704,12.38207859015695],[76.91720728493827,12.381812753718568]]],[[[76.68322830862074,13.045675049619579],[76.67278868756497,13.055335363105764],[76.65758009841375,13.013260031380709],[76.65256007634915,13.007263010399456],[76.64072852743878,13.009487432688408],[76.63223836822887,13.004172603188875],[76.63175878824141,12.973358300018088],[76.62215481240229,12.965805944110034],[76.61181831704285,12.96529471525315],[76.6119847047964,12.958912994918284],[76.6174548394122,12.95509424987277],[76.61621161777138,12.937110634644949],[76.60600042930922,12.938583257709663],[76.6031405985848,12.922945109605605],[76.59652896305936,12.921145557773412],[76.5995535025861,12.904671849564407],[76.59104144155125,12.89085411381969],[76.59649436983611,12.880941749977904],[76.57911282338623,12.873135130585846],[76.57519541775588,12.865921797235105],[76.57772359137574,12.846934352049418],[76.554067177919,12.845325566020076],[76.54662614316312,12.840182630141593],[76.53552117860399,12.844250280600901],[76.52053241798254,12.841363716115675],[76.51828395458934,12.826337951651869],[76.50290159173629,12.821954111100993],[76.49010874755552,12.806425945606073],[76.49436031299682,12.802698408755536],[76.49059235379208,12.788571614180253],[76.4997760276727,12.780297601740067],[76.49940255039837,12.772306597861894],[76.49285296959447,12.767225236601515],[76.48960842636644,12.785759984989152],[76.4781730892936,12.780629334765084],[76.47812159516656,12.772801008689328],[76.47479242974046,12.771691641397108],[76.45504415219862,12.781017328646723],[76.45756563786118,12.788841566569435],[76.47139043430101,12.79873383722267],[76.46429164599029,12.806017804926299],[76.4624633911308,12.802961716602171],[76.45797880809465,12.804471019946746],[76.44592667427301,12.823326978373721],[76.42532054965228,12.824975107138098],[76.42013522589734,12.841709268435334],[76.42516151640596,12.845403615066038],[76.42531606526241,12.85791873657284],[76.41763867567042,12.858195077047068],[76.41356888342852,12.864431145159259],[76.40719976069052,12.86500241621756],[76.40853004525202,12.84402027065212],[76.39694206824272,12.847499052186373],[76.3861705134013,12.84512216140768],[76.3828821269975,12.8311093313181],[76.36944556805048,12.828635947993838],[76.36828741866367,12.809038751221347],[76.33442542313045,12.812537037647944],[76.32991736531935,12.807562908196443],[76.33476785283193,12.787192950105036],[76.3496047550512,12.785579885786825],[76.34961946316734,12.77087466707075],[76.34325321144495,12.766979733387153],[76.34252166839335,12.761673364018408],[76.3570920278914,12.750027429233755],[76.35527842724913,12.743844352378519],[76.34407870569889,12.742301080604337],[76.34567468137872,12.73753829867904],[76.34131385025618,12.732037001148738],[76.34789656991092,12.715997645582599],[76.35492565075222,12.710880060023394],[76.36152047879867,12.711825177688075],[76.36284031415681,12.705939981621484],[76.36002628583375,12.686869356436517],[76.35374144303569,12.685213346822023],[76.35288293839,12.667962718631962],[76.34748549904026,12.667951775303449],[76.3419803292301,12.655682942009383],[76.3516052115608,12.650710795841926],[76.35218635866755,12.639727931062337],[76.36258405265401,12.628601236046144],[76.36348276589183,12.607665864418156],[76.36995306677866,12.606133915363097],[76.37675033017439,12.576565968027706],[76.39614999940221,12.5733218975789],[76.39742685576388,12.56903462689317],[76.38885778764114,12.560524207326345],[76.39085330162,12.55184126304841],[76.41129342925431,12.55788473637544],[76.4147751726331,12.548554818698479],[76.42765910239041,12.542259525566875],[76.42275692132478,12.532570454616343],[76.43551124574618,12.521626983963039],[76.44277318877374,12.506486229611184],[76.4492875601101,12.50905409362554],[76.45216218608728,12.505381408574541],[76.44883661841389,12.497335349282734],[76.45174459793925,12.48359901611528],[76.46394954417387,12.475622634349447],[76.48841121014627,12.467821726054055],[76.5019060958064,12.451474026997149],[76.51038159001929,12.45333989311577],[76.53176655039806,12.441647023785118],[76.54807104556836,12.439697352081843],[76.56732970983931,12.425947841015164],[76.5653520903009,12.399094799736337],[76.55829296260995,12.400073063432933],[76.55504500578387,12.391879108606863],[76.56623365829317,12.381728893332527],[76.56016378863076,12.36473455189991],[76.56477210291916,12.351475742144244],[76.57563420614461,12.348322787637231],[76.5920254570118,12.355949917413053],[76.59009064129835,12.3615946554353],[76.59499483818347,12.365672283089218],[76.62201098314215,12.367556046757423],[76.62688074041591,12.377857649369338],[76.6407685671476,12.384894092682362],[76.6434709681185,12.395155043900733],[76.6485758360617,12.396918748707806],[76.6550762826128,12.395644235805085],[76.6630812455681,12.38667600371217],[76.68277599429875,12.39107368806176],[76.68136595640799,12.386437918145797],[76.68615057674899,12.382379566954544],[76.68186548168971,12.366855415120298],[76.69015924941557,12.364521181581615],[76.70019434742076,12.35059243684474],[76.71896706444552,12.35655540315468],[76.71766947676369,12.351596747229959],[76.73052540693192,12.342517163272246],[76.73166168413816,12.316486844027697],[76.73706583659799,12.321130119917344],[76.74342377441246,12.318167836700557],[76.7448756522359,12.310493501938474],[76.7539881085791,12.302115232059824],[76.76387561517974,12.311733307729307],[76.7617387198499,12.341273991051594],[76.76568372531902,12.350401249383669],[76.77779693739348,12.352354097005584],[76.78235507358671,12.346719515416378],[76.78976109830104,12.347056563749407],[76.7952570495998,12.354642609345326],[76.80282425902551,12.355033473988165],[76.80280687123489,12.367363594103518],[76.80657905072479,12.359906881127172],[76.81141940793596,12.362927400362043],[76.81470069585235,12.386978187778437],[76.8281540344306,12.388590106307943],[76.83324477187435,12.384518685326707],[76.83239549292665,12.402516405753937],[76.84829612530814,12.403205729999376],[76.8543670046769,12.408674746783987],[76.8616631375842,12.406257913982996],[76.86197162444265,12.399735764152206],[76.87759169229967,12.39974088442817],[76.88092543194723,12.40516020057691],[76.90028455840964,12.408874668376612],[76.90011528257246,12.419780981319931],[76.90636037222428,12.422447161051734],[76.90491774794657,12.43668466936368],[76.92241727912587,12.441798865996175],[76.92778192457784,12.429431798886068],[76.92444645208013,12.421052671418302],[76.93765817259303,12.400340406107382],[76.9390130781799,12.352597316407225],[76.92421881898713,12.353119845938489],[76.92532068442979,12.344120744677848],[76.93189352441306,12.33817148700726],[76.92757911642771,12.325747207387634],[76.92192427291818,12.321653179113376],[76.94802284271306,12.3304253791842],[76.95766169115147,12.326906421731108],[76.95633590625123,12.352330838343768],[76.95893442963593,12.355656653304118],[76.97687712220275,12.352753693743443],[76.97683115361302,12.327709288667647],[76.98166231566891,12.327002473826466],[76.98657443569482,12.333445884968556],[76.98715714856512,12.319416070103678],[76.99136072959719,12.313629042602598],[76.99792916783554,12.313047687856129],[76.99301000142455,12.300584122108916],[76.97696611380637,12.307112362947219],[76.97166501158435,12.290313952038984],[76.98199567957255,12.285609733956086],[76.99072897769555,12.286975849628057],[76.98958561817159,12.256114761023396],[76.99527816487192,12.24216939988734],[77.0131820547101,12.244109652704083],[77.03625377540963,12.232226601893958],[77.04714963103527,12.23366646960299],[77.04994533731976,12.238600686855554],[77.06461776789199,12.232892265129207],[77.06930804626356,12.237003946050045],[77.07874346401937,12.236492879392822],[77.07784736398072,12.221246624124372],[77.08108370020034,12.223137421946928],[77.08834100342946,12.217912379860532],[77.10617064211947,12.220554854418502],[77.1085170066073,12.240804722595549],[77.1240567569931,12.242681222833088],[77.12964700175226,12.248663092070807],[77.14492108617254,12.24985469866098],[77.15203477394057,12.256020329862986],[77.17004276774037,12.259761330677687],[77.1646240679628,12.280838404341937],[77.16998913113137,12.285032920994642],[77.16678030491904,12.310179284582578],[77.21761956280345,12.3086102072842],[77.22512866560335,12.30336997959504],[77.23680635376684,12.310211033088205],[77.2488767835759,12.308322035082082],[77.26795803417147,12.314062364974085],[77.30275037262363,12.298702471432087],[77.32530325336454,12.307946439781993],[77.32268675199605,12.312736903422934],[77.32506957281304,12.326473259236549],[77.33380345933257,12.354176844830848],[77.33056541631395,12.362126723700667],[77.31336751155929,12.392365108588162],[77.28592598287253,12.393071157156726],[77.28171732456246,12.409241582332482],[77.28521421084197,12.428677961764572],[77.27332616957833,12.429554918849252],[77.27003622010595,12.433978441146554],[77.27478911374773,12.439625568686811],[77.26914940056253,12.464803037792608],[77.26431688564382,12.461623616731925],[77.25761027393837,12.46350093113743],[77.25422188617885,12.47032423797696],[77.23618727709383,12.469997581671482],[77.23517012907068,12.48341853372807],[77.22978894293935,12.483671817024701],[77.22545557600996,12.47442595612904],[77.22580301561578,12.48947608787201],[77.23596386069278,12.48633223399183],[77.23781014923159,12.499896514339857],[77.22409050598571,12.502575785924886],[77.22223746301425,12.491537200327626],[77.21654937285601,12.492242476760602],[77.21327470731988,12.485071616726398],[77.20579708238584,12.48518687539686],[77.2059136989811,12.490562612267215],[77.20016151941725,12.490539057236543],[77.19783320657505,12.48324526343114],[77.17819256606889,12.479318155251551],[77.16812116983802,12.48526708185221],[77.16475804000932,12.475030944396089],[77.15776965734196,12.475496464623788],[77.14718854623905,12.462039067001308],[77.13797343042519,12.466196950398373],[77.13303997900456,12.479196896411477],[77.1253834959042,12.480239392899508],[77.13170239742796,12.518645420998174],[77.12504227174183,12.523276614664887],[77.12528985911221,12.535412241656074],[77.11453834119322,12.543009189383188],[77.11447577443198,12.553321030012283],[77.12779731039512,12.55334501159343],[77.12848336904898,12.56994848340975],[77.11693589168593,12.581971309398012],[77.10810305214459,12.608422348819357],[77.1110403796303,12.616173243362825],[77.12250015087888,12.619486345070571],[77.12235837965906,12.623653556434208],[77.11672399258514,12.628706259435353],[77.10037237359167,12.630494075063162],[77.09752200033053,12.675508638254986],[77.08029035305715,12.676226418916226],[77.0736804027712,12.680687623082411],[77.07281321501,12.704176595002862],[77.08375609744076,12.741224137267665],[77.08052168092092,12.74644754079978],[77.07670251415173,12.745538542994803],[77.06736316492734,12.758309591292825],[77.04886675620926,12.74741829509212],[77.0436231704199,12.778069784591587],[77.02523539856243,12.76312441478127],[77.00917602039549,12.764310386025514],[77.00640384727646,12.77271570506225],[77.00962077359772,12.782430197750093],[76.99827394303824,12.775909680682187],[76.98337019178875,12.79295964196672],[76.97564652907819,12.79101004239162],[76.97306758088183,12.803539534216158],[76.95066639864294,12.801539750575635],[76.9412999921622,12.805614331640854],[76.93284792870688,12.80047730056595],[76.92455437478006,12.803999676072497],[76.91884117311638,12.817957414753636],[76.9057760019623,12.828345222632072],[76.900181166812,12.84479277908096],[76.89227254996761,12.847098269382984],[76.89445743868986,12.873899706335],[76.88915143076802,12.897424739862148],[76.87316935802119,12.89711297169255],[76.86548424022284,12.904985860421785],[76.86718824011226,12.918630706621416],[76.89621106241385,12.920488067776406],[76.89148887498507,12.932600963157157],[76.88439301608051,12.935109535302717],[76.86260778886901,12.927891219093517],[76.86246445458058,12.93465710301981],[76.83959882537349,12.945813598303701],[76.83967733363775,12.973478149878328],[76.85047049924998,12.97345245470204],[76.85288477906823,12.978654774292808],[76.82746413637723,12.998745147562513],[76.82964596004773,13.002198574809505],[76.81983728061326,13.005021230738032],[76.81469129228795,13.013711111974185],[76.78584149359487,13.015261540829323],[76.78310733987362,13.029397703263054],[76.77166895212208,13.03436469821607],[76.72528222358781,13.04124276360047],[76.7020951780704,13.04146271565575],[76.69352440135197,13.036714883890586],[76.68322830862074,13.045675049619579]]]]}},{"type":"Feature","id":"KA-22","properties":{"district_id":"KA-22","district_name":"Mysuru","source_name":"Mysuru","center":[76.56589488077651,12.258316972131514]},"geometry":{"type":"Polygon","coordinates":[[[76.36356260905261,12.610979674957399],[76.36258405265401,12.628601236046144],[76.35218635866755,12.639727931062337],[76.3516052115608,12.650710795841926],[76.3419803292301,12.655682942009383],[76.3380914262454,12.653221958096873],[76.33809571300591,12.646447578424501],[76.32348744909446,12.63505959283582],[76.32841800973652,12.626649636613283],[76.32659344425787,12.610942343096548],[76.30632202382719,12.610390657596506],[76.30976860265419,12.622472408006752],[76.30516768778878,12.62508147769671],[76.30146529302338,12.62192708609272],[76.30033544775456,12.62914970994279],[76.29255377992779,12.62628921686084],[76.29059327958372,12.616555855959865],[76.28026996340783,12.616654254386823],[76.27982025060693,12.633708185728867],[76.26542112617169,12.628852987933762],[76.26493176442906,12.61929073641639],[76.25454555720015,12.620278689162445],[76.24577775838031,12.62592716701565],[76.24569422763531,12.636952666284335],[76.2318999343893,12.643541678264643],[76.21912814043058,12.644269450161588],[76.20573020904075,12.62896020267408],[76.21344707060629,12.62791497493961],[76.21543261867542,12.621663233721625],[76.2122861876461,12.616626627581702],[76.20543790623044,12.616875789434816],[76.1919871601901,12.594107130564579],[76.19649674334057,12.577304867834084],[76.18207486098594,12.574947140314713],[76.16852636566625,12.580429574016659],[76.15236719185776,12.579571789689606],[76.14806861218777,12.56622371307753],[76.15773170256246,12.562794109317712],[76.15132069587428,12.547149454962248],[76.14261236642459,12.545219990666382],[76.14089251127041,12.536615976149095],[76.13441945974219,12.53698013112656],[76.13335343887603,12.528740016837705],[76.1141757083206,12.526946500231961],[76.1189130503282,12.518761386430686],[76.11189183603382,12.51243714625748],[76.10316977673331,12.52190846838769],[76.103252625657,12.52908098482747],[76.09940741942269,12.52806765027897],[76.08615601044224,12.538797189926782],[76.09064677029423,12.545643350032046],[76.08548641700922,12.543724655603462],[76.07105047063048,12.549224436340062],[76.06753735269209,12.557272102578661],[76.0520716935543,12.554201972419243],[76.04555717758922,12.57696294494449],[76.03421553210553,12.573455002946012],[76.02172852744808,12.576872242387786],[76.01880647940708,12.566906338432288],[76.01184211319881,12.560771195682484],[76.01245817961731,12.554201275333613],[75.9964498077922,12.562627185185226],[75.99126388575928,12.561445205048638],[75.990870481157,12.556134647849296],[75.99889519896367,12.547421645727573],[75.99492180673155,12.54104152075759],[75.98666523824164,12.545049424896646],[75.98340142704906,12.540431538028681],[75.993435427313,12.529643265377057],[75.99394278410738,12.52210415820763],[75.97664943604873,12.520628433593963],[75.97253360784349,12.511847970654182],[75.96161994311737,12.5054017813618],[75.9581606594173,12.48985555609197],[75.96056458974515,12.48434068560427],[75.96642880180137,12.483127574387526],[75.9640525764152,12.474269541354703],[75.97160832513454,12.47083207808251],[75.96693775310536,12.464505886845616],[75.97117762697327,12.449376831751996],[75.94899188319737,12.449939354005789],[75.92904825082735,12.439511998595778],[75.90867996056802,12.399455909683255],[75.91312919399937,12.385575014079885],[75.91618269970245,12.388295604860046],[75.93231587896156,12.382286123577984],[75.96048915641413,12.343874344184663],[75.98172317826563,12.342452487628544],[76.00109071206077,12.330554101016896],[75.9947316091314,12.317384855893343],[75.99909350655422,12.307386521837849],[76.01452174187726,12.292246136980408],[76.01510277759292,12.266668550369205],[76.02467848973826,12.248819767418318],[76.04025035579376,12.252614548428152],[76.05187115544692,12.246383567742788],[76.06224153525888,12.249049153590773],[76.07380699509729,12.240092738757241],[76.07450208810793,12.234104096289634],[76.09318035806032,12.213663841614268],[76.10186651169889,12.19720798866306],[76.11874767317931,12.190655387082359],[76.12925089405886,12.194841030353967],[76.1331516655851,12.191545998654917],[76.1441950865641,12.15454138506048],[76.1709355726981,12.118736570002367],[76.17189364571156,12.106247921397587],[76.17659120942005,12.099367860569895],[76.17577888895978,12.0761130502835],[76.18926165634674,12.050044124893343],[76.18278324726616,12.032340868945559],[76.15203507032419,12.019368254230345],[76.12829120138295,11.985678120936319],[76.11235671419335,11.978611461369159],[76.1130232201167,11.858453878367174],[76.11785332305888,11.857193531583516],[76.12015478615554,11.850338204960327],[76.1322921781825,11.853871716749119],[76.14608233109338,11.867001993237011],[76.15602720770133,11.870138168307179],[76.164810525816,11.867565369820563],[76.19038625365765,11.871213435899687],[76.20747363958121,11.861536607220957],[76.21311251014673,11.84261886280283],[76.20989175790066,11.828169364377983],[76.22371917472617,11.808204883965763],[76.24557930526268,11.802926661110957],[76.28022314770679,11.811607498823486],[76.29023607978237,11.792830231108542],[76.30769981040262,11.784215645378874],[76.31727267129526,11.752130398681887],[76.32914500641448,11.74828217414189],[76.3397380345679,11.739004333439253],[76.35221918310802,11.738187793804721],[76.36281895042275,11.74836781426907],[76.37699311335463,11.744544479166844],[76.3912913462037,11.75476818935784],[76.39863980777291,11.750808357611996],[76.41426386864137,11.75880392869724],[76.42289941119685,11.776254387032898],[76.41417426169176,11.778732359147462],[76.416359284263,11.784925989983027],[76.41301000376107,11.787935088182591],[76.42170855235395,11.789990659331787],[76.42142943232044,11.795586388682947],[76.42872862668621,11.795467791304823],[76.42433483817251,11.80461678430257],[76.42077892269734,11.802849980691287],[76.40992462583169,11.811226628714534],[76.46219592673809,11.79263567561133],[76.46883792801505,11.81911606629896],[76.49278502012804,11.822082010618514],[76.48824606655937,11.843390541406444],[76.49114827890062,11.861021400082194],[76.50285485329037,11.861554632099264],[76.53466562761895,11.87322003015252],[76.55367337715971,11.858626662570709],[76.55699013236013,11.894687726071508],[76.56198562412926,11.90399568912472],[76.57018181505231,11.907862219361919],[76.57660406325795,11.923516119935568],[76.57030100891411,11.928070842418224],[76.57127586694865,11.940121166390059],[76.5574706627652,11.9488729006587],[76.57429468600365,11.96839853788726],[76.57825242060035,11.988246290564144],[76.59597896323845,11.984312485098233],[76.61335523837427,11.991564231561892],[76.64277937584252,11.982823323922965],[76.65112029523932,12.007910179099117],[76.69457837221691,12.000421961671497],[76.70150141143054,11.997816915920929],[76.70512969608329,11.985078884196092],[76.71725449013672,11.98493095814988],[76.71919824498555,11.990697731844119],[76.72942254525758,11.990540766014384],[76.73275543240392,12.002469182038215],[76.74092292844185,12.009273843219667],[76.74622586232877,12.008337301122086],[76.74580881137327,12.002437197318848],[76.75114663043591,11.999889131824867],[76.76665850070853,11.999165805022573],[76.76847327275395,11.99187082997093],[76.78059445378328,11.987742892399709],[76.77988163611377,11.985247844393875],[76.79368124738627,11.986266414404264],[76.79721688519054,11.988925874048133],[76.79766129343967,11.998599040342473],[76.79168070104518,12.005494996998767],[76.79206012606498,12.010706612419884],[76.81063908456775,12.02170883968599],[76.811703096801,12.026825619075916],[76.82030797626257,12.027234410805653],[76.82130333834345,12.010827238739996],[76.83741305360734,12.00358552641342],[76.8364567035626,11.999780159009159],[76.8565856844269,11.999541210883214],[76.85824798541911,12.007592753630254],[76.87301293887235,12.005450069871445],[76.88310495323564,12.015439184583538],[76.88588154786248,12.00124240220449],[76.90422441563386,11.998984975435125],[76.92367125180401,12.013055743303653],[76.9361004660426,12.013101343080926],[76.93883993958696,12.026244770679694],[76.91506369266793,12.025882566118764],[76.91005580594455,12.041083743344224],[76.89050332340543,12.048990478638814],[76.89069196242855,12.05821115615582],[76.86992102929256,12.055304828587209],[76.86831361536422,12.059734357155355],[76.85345277304258,12.059810098773283],[76.8700448216303,12.06308814383866],[76.87411332299311,12.075653672633155],[76.88413911355367,12.082537548816928],[76.87666640509917,12.115175786704185],[76.84767779423682,12.118722126424219],[76.84575390742712,12.113157839862689],[76.84494930439345,12.119259653604145],[76.83154823608662,12.131868169343624],[76.84105952734798,12.14541129060852],[76.84075478287102,12.156060098205911],[76.85347050309137,12.159437981353067],[76.84556320856703,12.167419242401323],[76.85320756171612,12.170348902111762],[76.85201212685516,12.179262052182064],[76.86260670639908,12.180297931572898],[76.86563010955699,12.174503608381881],[76.8713684469806,12.173956970789433],[76.86779921308307,12.161784803108414],[76.87138329523397,12.141273664401732],[76.88195789265271,12.129490351759731],[76.89024927984306,12.130828084193723],[76.89094247022193,12.121069593279577],[76.90261437682825,12.122641842431948],[76.90631894821159,12.113305360623414],[76.92357731138151,12.114119313929244],[76.9372348585834,12.10116722267536],[76.9488083763099,12.097417641945638],[76.9704188560458,12.112539579616078],[76.96939337884331,12.122876942038829],[76.97585623269642,12.122666819925131],[76.97623700069758,12.134255693155394],[76.98911544803673,12.140443137578485],[76.9900206605856,12.174694475621411],[76.99866896640464,12.177141865297049],[76.9974829737356,12.166962419266344],[77.00250257898189,12.165433358897824],[77.00387536014459,12.15986523834402],[77.01425070674173,12.16322872595201],[77.01122273834557,12.153570520651904],[77.0160319806102,12.133747803653133],[77.03698946867787,12.13919457782408],[77.03980052088238,12.128301138600031],[77.04572694935686,12.136037278091251],[77.03924949877869,12.147219718699194],[77.04589322841427,12.160795527350947],[77.04471138236859,12.169175839417615],[77.06143339292339,12.170953836113066],[77.08460243440588,12.19102333288743],[77.10740360679641,12.189793065416287],[77.12230676066618,12.197174327360791],[77.13191233909974,12.20723540690785],[77.13428401541736,12.22663147841101],[77.1256658965851,12.235065796305328],[77.1240567569931,12.242681222833088],[77.10841517538331,12.240715030966177],[77.10617064211947,12.220554854418502],[77.08834100342946,12.217912379860532],[77.08108370020034,12.223137421946928],[77.07784736398072,12.221246624124372],[77.07874346401937,12.236492879392822],[77.06930804626356,12.237003946050045],[77.06461776789199,12.232892265129207],[77.04994533731976,12.238600686855554],[77.04714963103527,12.23366646960299],[77.03625377540963,12.232226601893958],[77.0131820547101,12.244109652704083],[76.99527816487192,12.24216939988734],[76.98958561817159,12.256114761023396],[76.99072897769555,12.286975849628057],[76.98199567957255,12.285609733956086],[76.97166501158435,12.290313952038984],[76.97696611380637,12.307112362947219],[76.99301000142455,12.300584122108916],[76.99792916783554,12.313047687856129],[76.99136072959719,12.313629042602598],[76.98715714856512,12.319416070103678],[76.98657443569482,12.333445884968556],[76.98166231566891,12.327002473826466],[76.97683115361302,12.327709288667647],[76.97687712220275,12.352753693743443],[76.95893442963593,12.355656653304118],[76.95633590625123,12.352330838343768],[76.95766169115147,12.326906421731108],[76.94802284271306,12.3304253791842],[76.92192427291818,12.321653179113376],[76.92757911642771,12.325747207387634],[76.93189352441306,12.33817148700726],[76.92532068442979,12.344120744677848],[76.92421881898713,12.353119845938489],[76.9390130781799,12.352597316407225],[76.93765817259303,12.400340406107382],[76.92444645208013,12.421052671418302],[76.92778192457784,12.429431798886068],[76.92241727912587,12.441798865996175],[76.90491774794657,12.43668466936368],[76.90636037222428,12.422447161051734],[76.90011528257246,12.419780981319931],[76.90028455840964,12.408874668376612],[76.88092543194723,12.40516020057691],[76.87759169229967,12.39974088442817],[76.86197162444265,12.399735764152206],[76.8616631375842,12.406257913982996],[76.8543670046769,12.408674746783987],[76.84829612530814,12.403205729999376],[76.83239549292665,12.402516405753937],[76.83324477187435,12.384518685326707],[76.8281540344306,12.388590106307943],[76.81470069585235,12.386978187778437],[76.81141940793596,12.362927400362043],[76.80657905072479,12.359906881127172],[76.80280687123489,12.367363594103518],[76.80282425902551,12.355033473988165],[76.7952570495998,12.354642609345326],[76.78976109830104,12.347056563749407],[76.78235507358671,12.346719515416378],[76.77779693739348,12.352354097005584],[76.76568372531902,12.350401249383669],[76.7617387198499,12.341273991051594],[76.76387561517974,12.311733307729307],[76.7539881085791,12.302115232059824],[76.7448756522359,12.310493501938474],[76.74342377441246,12.318167836700557],[76.73706583659799,12.321130119917344],[76.73166168413816,12.316486844027697],[76.73052540693192,12.342517163272246],[76.71766947676369,12.351596747229959],[76.71896706444552,12.35655540315468],[76.70019434742076,12.35059243684474],[76.69015924941557,12.364521181581615],[76.68186548168971,12.366855415120298],[76.68615057674899,12.382379566954544],[76.68136595640799,12.386437918145797],[76.68277599429875,12.39107368806176],[76.6630812455681,12.38667600371217],[76.6550762826128,12.395644235805085],[76.6434709681185,12.395155043900733],[76.6407685671476,12.384894092682362],[76.62688074041591,12.377857649369338],[76.62201098314215,12.367556046757423],[76.59499483818347,12.365672283089218],[76.59009064129835,12.3615946554353],[76.5920254570118,12.355949917413053],[76.57412336560087,12.3479104686564],[76.5660682263471,12.350652777256602],[76.56016378863076,12.36473455189991],[76.56623365829317,12.381728893332527],[76.55504500578387,12.391879108606863],[76.55829296260995,12.400073063432933],[76.5653520903009,12.399094799736337],[76.56732970983931,12.425947841015164],[76.54807104556836,12.439697352081843],[76.53176655039806,12.441647023785118],[76.51038159001929,12.45333989311577],[76.5019060958064,12.451474026997149],[76.48841121014627,12.467821726054055],[76.46394954417387,12.475622634349447],[76.45174459793925,12.48359901611528],[76.44883661841389,12.497335349282734],[76.45216218608728,12.505381408574541],[76.4492875601101,12.50905409362554],[76.44277318877374,12.506486229611184],[76.43551124574618,12.521626983963039],[76.42275692132478,12.532570454616343],[76.42765910239041,12.542259525566875],[76.4147751726331,12.548554818698479],[76.41129342925431,12.55788473637544],[76.40295737782805,12.552962789642637],[76.39026644032974,12.552278455135397],[76.38885778764114,12.560524207326345],[76.39742685576388,12.56903462689317],[76.39614999940221,12.5733218975789],[76.37675033017439,12.576565968027706],[76.36995306677866,12.606133915363097],[76.36348276589183,12.607665864418156],[76.36356260905261,12.610979674957399]],[[76.9731180185901,12.252898225575507],[76.96909417158176,12.258567419755252],[76.9695684847467,12.27498340193851],[76.98199432311645,12.27023316887947],[76.9857407964162,12.260622513906574],[76.98236048540943,12.254522078223918],[76.9731180185901,12.252898225575507]],[[76.91319424376448,12.352597101415075],[76.89828061733508,12.356698044291658],[76.89896222932825,12.37371517282759],[76.90995562312912,12.374884782118476],[76.9111612565635,12.383458731204295],[76.92289949656704,12.38207859015695],[76.91753163424801,12.367277001024256],[76.92011427991008,12.359055026599995],[76.9136638704186,12.357971195895376],[76.91319424376448,12.352597101415075]]]}},{"type":"Feature","id":"KA-23","properties":{"district_id":"KA-23","district_name":"Raichur","source_name":"Raichur","center":[76.86027498730003,16.05398837566769]},"geometry":{"type":"Polygon","coordinates":[[[76.98522043830472,16.56204509263294],[76.97407379281472,16.558978153693896],[76.96926372410005,16.551475549420868],[76.96964912201818,16.534405482917997],[76.97655854636534,16.51665470410738],[76.97132998040756,16.50375297836505],[76.94120041031971,16.49961895790028],[76.91183361590927,16.484887274920393],[76.88225171990406,16.492381313186286],[76.86984628227441,16.48930428958799],[76.86322495482538,16.48256721729037],[76.86471112493648,16.456826719289552],[76.85445412598811,16.4412874851472],[76.84100979032564,16.430441685729367],[76.78548700401073,16.417759927352105],[76.76079121731237,16.42864123368846],[76.7442737136219,16.409556213833216],[76.70158935200527,16.39225696038622],[76.61124647378749,16.34161454979742],[76.59010504578394,16.338742688327972],[76.58327472438573,16.33142167201432],[76.56815649676896,16.329877198820963],[76.5178132876861,16.30222928174547],[76.49144736399133,16.298348799859617],[76.47822749575879,16.292151821930656],[76.46722414503131,16.28201309939391],[76.41663890016653,16.25298899893396],[76.4145148965593,16.250517067581242],[76.41914048455229,16.24905221137885],[76.41577214000338,16.245501457796575],[76.36871117913603,16.217974271353388],[76.35139606938962,16.200540882756165],[76.2981686834415,16.18547698060199],[76.28816954409879,16.159234670592205],[76.28052410308992,16.15266607116619],[76.2684765632526,16.152719028777177],[76.24052555325582,16.16686438718522],[76.23666700344624,16.15583700900189],[76.23416173776445,16.13071141466497],[76.24647748040962,16.128106836409465],[76.2441318749982,16.113676343062384],[76.25418153828743,16.11023005298856],[76.25546257001858,16.097067779602384],[76.26184237462367,16.09681375839601],[76.26779899098327,16.109712471963537],[76.33227592443717,16.09194724162603],[76.32795705002825,16.077518464930964],[76.29381306075096,16.088393187590285],[76.25723744339062,16.08842102190282],[76.25881160078886,16.0739897250101],[76.30319952122208,16.07345361939621],[76.30585641623567,16.063369503708575],[76.30292165703335,16.038218403572564],[76.3118923161056,16.00010938191987],[76.29790726920226,15.999051835882579],[76.29802786982579,15.989531537593471],[76.3094367748697,15.95724203001946],[76.32268720378822,15.955967166716134],[76.32896941092925,15.934804221424507],[76.3132381460131,15.929391424608552],[76.31204955811123,15.922617803098435],[76.3023316408598,15.923586056203488],[76.30180129887225,15.930625637263994],[76.28528483093929,15.928956358320866],[76.28534834901643,15.902713086034646],[76.2897884025639,15.892769741940063],[76.31357618115622,15.894707561750995],[76.31598222342329,15.904983391418536],[76.33387469387755,15.905484873633624],[76.34485299687995,15.900480386733763],[76.34521003678118,15.887164381323874],[76.3378643923287,15.871773153092889],[76.35120328823469,15.863709672877883],[76.35544200686913,15.864586724762102],[76.35881556434163,15.881739297382968],[76.3587435832362,15.901390311266717],[76.35344861740587,15.902767879393398],[76.37353042593796,15.917395611735884],[76.37509032258107,15.902218072981842],[76.40369370440852,15.902058440615164],[76.42680811305041,15.890306436691015],[76.41817575142935,15.868926700993674],[76.43285973523444,15.858286905814056],[76.44784777361039,15.853759627050767],[76.45145801290575,15.845923351311315],[76.44218078308154,15.824038591594018],[76.43791961644651,15.82471756287819],[76.42228578639931,15.811974539044634],[76.42045328969506,15.805330932397942],[76.4132115911007,15.804452832328609],[76.4129676419072,15.796730632079296],[76.41514138882498,15.79157463769129],[76.42194520902395,15.790922766088137],[76.42216810619877,15.78557277923995],[76.43948511408537,15.784425428188639],[76.43911100080383,15.749950662859673],[76.44741853610972,15.7440244268951],[76.44321769493926,15.738196758127858],[76.44722693713774,15.734247083260216],[76.48219355055161,15.719220850174743],[76.48489090209233,15.714227548837787],[76.49050686921132,15.713384337940461],[76.49149020464719,15.707458017356302],[76.51035368744824,15.71674359729663],[76.51479826940306,15.710365750575544],[76.5175211375894,15.712865940606664],[76.52610715692161,15.707461409845285],[76.53186731622012,15.699240196861654],[76.53994891894384,15.704137281425847],[76.5443339515785,15.70337990033734],[76.54151380393175,15.698715604391174],[76.55298351593724,15.699858563598527],[76.56184425894793,15.70567231763033],[76.5860416046311,15.697553987395628],[76.59697954902273,15.699625377575193],[76.59945079460643,15.673937626104122],[76.65385957205265,15.665709735763347],[76.6534251324082,15.66030098016793],[76.67181356362913,15.658224181810384],[76.67020065290954,15.638902973656402],[76.69058147107383,15.648165812595833],[76.69355864872384,15.624636568759465],[76.68040071933012,15.627039460104566],[76.6795671797645,15.612693090131533],[76.68016710705062,15.606624415094197],[76.69081457041533,15.601258127658008],[76.688766239091,15.595836350404337],[76.70029882957313,15.591020543057738],[76.70088745874791,15.594486101584092],[76.74893329566189,15.5898471533879],[76.7543899851928,15.586863461972957],[76.75885384499361,15.566898110860292],[76.810723516323,15.547436171769673],[76.834665001152,15.564310007358193],[76.8342970727712,15.627783023010837],[76.85762415575996,15.642395119575598],[76.8615963038254,15.653886305395323],[76.88086147369562,15.671315162201115],[76.88941575375217,15.68485259659055],[76.9067813802586,15.690345662172382],[76.91687675432105,15.699661413883797],[76.92227029318582,15.728095737628301],[76.94283114002126,15.7618832602145],[76.96699214076637,15.774273670825176],[76.99875840986084,15.811192924162466],[77.01597991964621,15.822164333804636],[77.03368933770005,15.858885688841033],[77.05589369995853,15.881542469729373],[77.07103007444239,15.908828218850099],[77.10255488177839,15.928724730249],[77.13584613000089,15.937577854407174],[77.15506955965145,15.950033803986734],[77.17409180889918,15.95077169119319],[77.1852882030896,15.956742453732478],[77.23547126681179,15.957139021602769],[77.24886641522089,15.964555371325021],[77.28467588372989,15.953806992406683],[77.30107201514402,15.957997593029909],[77.32406227032541,15.950156081579477],[77.36124593664027,15.949420999243715],[77.37947518729116,15.939802045235382],[77.39769353688607,15.944482387163731],[77.41434222784571,15.942026712388229],[77.42959659783877,15.94906345092109],[77.46599792855923,15.934501507763914],[77.49874403055831,15.933178328982326],[77.5134381590379,15.926792456783147],[77.5198078423247,15.966913454738693],[77.50955464414827,15.980395245870637],[77.51405206500813,16.008076307272113],[77.50441243683203,16.011328803633873],[77.50433817400581,16.01820586818279],[77.4940014055585,16.03698786168052],[77.49945668383613,16.053722512108745],[77.49650713836428,16.055042209262734],[77.4994355356977,16.061021955022287],[77.50261144314645,16.058811859121672],[77.50687535143977,16.07963554830793],[77.49365800118495,16.08634357524378],[77.50093185317827,16.106188417316144],[77.51327558193778,16.108023768380164],[77.50022246168322,16.120591141668225],[77.48979304189587,16.11961931422207],[77.49067574176541,16.15958407541597],[77.48615199128457,16.162984244653703],[77.49132395529463,16.184530320617096],[77.4994851469559,16.19856013405826],[77.50114912959434,16.221717789649112],[77.51499195342527,16.221956039149784],[77.51565742359111,16.227789532849094],[77.51316750293098,16.23084717862481],[77.49234301672934,16.22929729639247],[77.49006604979218,16.255180485050026],[77.502404371592,16.26305780183078],[77.50481483177364,16.275800926036396],[77.5218693779854,16.278028612378293],[77.52960334257564,16.275484008937802],[77.53689792588908,16.26680401929957],[77.5450758540624,16.291711488093977],[77.5632058462643,16.301635528225358],[77.56888028292853,16.30360261859488],[77.58199956859532,16.291338422253506],[77.59780965888103,16.293112553217583],[77.59201625023888,16.302166484409693],[77.5953821864045,16.318121249000157],[77.58803317955788,16.333373883861622],[77.59483994443437,16.343175275832063],[77.57339432172279,16.34073547601196],[77.55500095605599,16.34876804911704],[77.53191846096293,16.363298831315877],[77.52266852734697,16.376144480724218],[77.51436630467767,16.374974466242584],[77.48930713058226,16.384992381291173],[77.4416391789757,16.38091878079412],[77.4259330785656,16.36761198515579],[77.41143870755741,16.36744765167075],[77.37866391965638,16.385410709317284],[77.34971028110637,16.383633144690368],[77.33458045803589,16.39488116971067],[77.31160121709819,16.398706775791986],[77.297129243785,16.40702896316586],[77.26345532043797,16.40422552678845],[77.2428741231681,16.417590127399112],[77.17390306477313,16.432319195020092],[77.16219654877389,16.445261794350387],[77.1641142704458,16.460158227269876],[77.15606247741641,16.472647980943904],[77.14300695506684,16.479926139097504],[77.1227968051284,16.481663815892784],[77.09214534170826,16.49345353692485],[77.0687254366995,16.507569951304358],[77.05764462514341,16.519783886387916],[77.04397333641262,16.518296882178998],[77.02557970484453,16.501598305913117],[77.01321505432203,16.499578403311205],[77.00512706457664,16.517292757939074],[77.00937668157208,16.545647139691084],[76.99888645841638,16.55748653224418],[76.98522043830472,16.56204509263294]]]}},{"type":"Feature","id":"KA-24","properties":{"district_id":"KA-24","district_name":"Ramanagara","source_name":"Ramanagara","center":[77.31551415395482,12.757864611009548]},"geometry":{"type":"Polygon","coordinates":[[[77.1660618970335,13.195580140595043],[77.15527742711323,13.193138740009847],[77.14782285744096,13.173989964617991],[77.138534319624,13.17816516708814],[77.1311482617635,13.166259461181127],[77.11885317138672,13.162081325702417],[77.11612026632369,13.130026034593365],[77.10787525465989,13.133265906649077],[77.10811161219094,13.14263155656616],[77.09593188885285,13.145815953775884],[77.09201316808893,13.135643028938373],[77.07191827918797,13.130853944082428],[77.0703241935635,13.120849166718681],[77.08078564457895,13.090259016877047],[77.07584491860113,13.072258093267424],[77.0682168896374,13.067976875232455],[77.07334965925328,13.066610783587919],[77.073321402746,13.06080477739232],[77.0773819791714,13.058139558037157],[77.0697833987793,13.040188986003523],[77.08221180812737,13.038464203726218],[77.09437336483549,13.026656550255158],[77.11825698378715,13.014642649001306],[77.11686902379112,13.009854922636547],[77.1026525645824,13.006202075577917],[77.09809783839394,12.99933618782117],[77.10551497706496,12.992664268723264],[77.10658484182224,12.99649672266541],[77.12947729831698,12.995549086245271],[77.1245136464348,13.006240959428718],[77.13436800879474,13.005347677894612],[77.13809776175209,12.998845957126871],[77.13569186591039,12.995683550903504],[77.14483645768625,12.987646224772279],[77.14184220216437,12.983718726323083],[77.13277132524242,12.986386798231827],[77.12984332496434,12.977894574887967],[77.14285217803831,12.964491867618682],[77.1573491281097,12.958159328996532],[77.15652509631302,12.942547708600934],[77.16541779868658,12.929045280366848],[77.15813288394057,12.91339694873696],[77.139892733132,12.918195390938461],[77.1326288084209,12.898021552832335],[77.12478184025952,12.902133311328669],[77.12447565757975,12.89905416160804],[77.10699261767245,12.894405143798412],[77.11869937891176,12.8840350320877],[77.13144080711892,12.888144338999243],[77.13087140278957,12.877986888032737],[77.1342204021188,12.877282774994274],[77.13114779463955,12.859208017784415],[77.13602745943255,12.860152688100758],[77.13722323565335,12.853008628322089],[77.14915377082318,12.848633348878138],[77.14941069438434,12.830435295235898],[77.15882840904085,12.827420465362431],[77.147520036257,12.819779883866815],[77.1419332329437,12.820268446858806],[77.1391719581857,12.810037252727623],[77.15091479576684,12.791947536582889],[77.14522495569045,12.781596170684448],[77.13667122360619,12.783726409672637],[77.12255473341386,12.773624802352726],[77.10752753028817,12.780263210252059],[77.09749582611808,12.776264245576662],[77.09156626701484,12.760841857417367],[77.09261400357177,12.752667400828685],[77.08013262775789,12.759083808845965],[77.07911306326659,12.74875650341401],[77.08375609744076,12.741224137267665],[77.07260141113063,12.702352896801333],[77.0736804027712,12.680687623082411],[77.09922488361401,12.673323155988394],[77.10037237359167,12.630494075063162],[77.11672399258514,12.628706259435353],[77.12235837965906,12.623653556434208],[77.12250015087888,12.619486345070571],[77.1110403796303,12.616173243362825],[77.10810305214459,12.608422348819357],[77.11693589168593,12.581971309398012],[77.12848336904898,12.56994848340975],[77.12779731039512,12.55334501159343],[77.11447577443198,12.553321030012283],[77.11453834119322,12.543009189383188],[77.12528985911221,12.535412241656074],[77.12504227174183,12.523276614664887],[77.13170239742796,12.518645420998174],[77.13062422505092,12.49769813100928],[77.12396457906513,12.484070273675444],[77.1253834959042,12.480239392899508],[77.13303997900456,12.479196896411477],[77.13977558024257,12.46446353316814],[77.14718854623905,12.462039067001308],[77.15776965734196,12.475496464623788],[77.16475804000932,12.475030944396089],[77.16812116983802,12.48526708185221],[77.17819256606889,12.479318155251551],[77.19783320657505,12.48324526343114],[77.20016151941725,12.490539057236543],[77.2059136989811,12.490562612267215],[77.20579708238584,12.48518687539686],[77.21327470731988,12.485071616726398],[77.21654937285601,12.492242476760602],[77.22223746301425,12.491537200327626],[77.22409050598571,12.502575785924886],[77.23781014923159,12.499896514339857],[77.23596386069278,12.48633223399183],[77.22580301561578,12.48947608787201],[77.22545557600996,12.47442595612904],[77.22978894293935,12.483671817024701],[77.23517012907068,12.48341853372807],[77.23618727709383,12.469997581671482],[77.25422188617885,12.47032423797696],[77.25761027393837,12.46350093113743],[77.26431688564382,12.461623616731925],[77.26914940056253,12.464803037792608],[77.27478911374773,12.439625568686811],[77.27003622010595,12.433978441146554],[77.27332616957833,12.429554918849252],[77.28521421084197,12.428677961764572],[77.28171732456246,12.409241582332482],[77.28592598287253,12.393071157156726],[77.31336751155929,12.392365108588162],[77.33056541631395,12.362126723700667],[77.33380345933257,12.354176844830848],[77.32268675199605,12.312736903422934],[77.34139037599903,12.282669650613839],[77.34889174610097,12.278910118042473],[77.36547880005567,12.283878775161902],[77.40348422722617,12.279430662226622],[77.42263785957579,12.289539258239955],[77.43777117170283,12.27925376295419],[77.4470372166034,12.26225704772021],[77.44831714520339,12.25000763009917],[77.47111820171122,12.243510490184175],[77.47905950106231,12.27127348997807],[77.48759794741368,12.280495234611655],[77.49327813868561,12.278874892438733],[77.49998181559505,12.282567797035092],[77.51402165434081,12.27538303572787],[77.52711908399677,12.278710364905153],[77.53283654187825,12.291458383081592],[77.5513367531649,12.291206722959235],[77.55790546988102,12.305730774932387],[77.56600455921004,12.30624351879408],[77.5785749760349,12.335665802788698],[77.59154273837115,12.340138070174671],[77.60091428591026,12.358498725211387],[77.61449965707233,12.36250436310044],[77.62333032897891,12.412263374581007],[77.62961629377278,12.418324498060581],[77.62608445494385,12.430763016248772],[77.62717405838289,12.458451259942162],[77.63314403808066,12.470451294360771],[77.63442759767098,12.488168816596314],[77.62608818564723,12.496308980182024],[77.60742358266359,12.475123835196385],[77.58368012335411,12.478795449263622],[77.60240316534029,12.497148268049521],[77.61506634040471,12.504163349768966],[77.61632649079709,12.509180366250897],[77.61241599680451,12.514942851914928],[77.58720216964812,12.514754731944398],[77.58639655241649,12.545719523409993],[77.58035001290034,12.5515896460158],[77.5793428343802,12.573085410994333],[77.59142292826506,12.592092953618874],[77.59264303355869,12.619347163235675],[77.60601590015547,12.628003979019164],[77.60474475079079,12.63759473366952],[77.5961227727961,12.650280663614708],[77.59517234893728,12.667229501437317],[77.61543677508517,12.70917430115226],[77.59413827306092,12.722080573634043],[77.56742677735778,12.701086140978587],[77.55936682942229,12.714652280368995],[77.55590930731849,12.73083638064378],[77.56892991844121,12.729791117939875],[77.56868385461354,12.738355885305163],[77.57538874694355,12.751297315681308],[77.59473061407441,12.752303484923415],[77.5974592629196,12.765929833666755],[77.59205597104581,12.78042998137307],[77.58041547942331,12.787229350275634],[77.57083130784294,12.778032869725017],[77.57161279273278,12.764903109794636],[77.56546502655883,12.75894668691157],[77.55894991321408,12.766463325248017],[77.55561199460384,12.779326484785068],[77.5627870804249,12.787113538302139],[77.55470515340936,12.788555701072104],[77.55692991295717,12.799104542675629],[77.548598882215,12.800469689965503],[77.5430724807231,12.79743698142702],[77.54881053697406,12.785975088882108],[77.54403970936592,12.775977563357696],[77.55231924059116,12.772176446245382],[77.54631911972068,12.770056787725663],[77.54070907160109,12.75016243042538],[77.53430578413615,12.755964150803827],[77.521267475304,12.73241087818309],[77.51853074970607,12.736726049044524],[77.52087563556694,12.744351737284825],[77.51381452888742,12.750215291167523],[77.50492287664444,12.732376564304777],[77.498912119721,12.739319815198442],[77.48613322817323,12.742792523699084],[77.47354784811073,12.756917323884998],[77.47772367389547,12.781511780248753],[77.46929744059783,12.79505555940123],[77.47104647213408,12.799587265213784],[77.47628768816773,12.796768016648116],[77.48469355486125,12.800766294728051],[77.47897429495929,12.80464750978477],[77.48003683036217,12.80862818222736],[77.46587571006991,12.808606070327993],[77.45157932775032,12.818053834388232],[77.44358513739193,12.808228683860815],[77.43603718694757,12.810354580978418],[77.43343984844074,12.823327846400998],[77.41959119634022,12.826257911022116],[77.42512041405057,12.837782501914846],[77.43455288533227,12.839167454572562],[77.43786350503933,12.850183741409916],[77.42664068241324,12.850309257328389],[77.42890324037324,12.856657095816361],[77.41839399718803,12.869519711771327],[77.42922005641101,12.870586200678856],[77.42989108804677,12.875393481900218],[77.41578730991404,12.871697799771091],[77.4157878138689,12.875210904612642],[77.41038540503904,12.87658807489464],[77.4038936407051,12.873876885577854],[77.40265740256733,12.865412668097395],[77.39740181618409,12.868330393916482],[77.37941467138373,12.854884617565046],[77.3697647907353,12.85760922521182],[77.36560251244333,12.871614213701822],[77.34629769183479,12.870103702856252],[77.34487642500298,12.87645080500196],[77.3350047871418,12.878388800218525],[77.33324465512356,12.887922617372993],[77.34339436917585,12.887985465287132],[77.33654930193228,12.912146353784278],[77.33931604114217,12.92362220480554],[77.33553949494164,12.93798392911699],[77.33948083169115,12.94408431264355],[77.33298215482112,12.950143997885],[77.32561283257438,12.971334320226186],[77.32873330319029,12.97763745337059],[77.32193338437459,13.00786676983199],[77.32783217707767,13.008874853703235],[77.3254534139508,13.022910907187203],[77.32996287403206,13.026070521750949],[77.33112740505065,13.04291061703651],[77.328387414975,13.050214601210985],[77.31105093340965,13.04632143565716],[77.30927709759176,13.083244681341684],[77.31434065740488,13.106142596850638],[77.30271699482091,13.110882000860009],[77.29282781376058,13.110103996736015],[77.29194774685313,13.1211689798075],[77.28678797657474,13.121694032177956],[77.28474538997668,13.13435331842666],[77.2791253642692,13.133766515266641],[77.27646911155107,13.119450033148617],[77.26841063056443,13.118851344273502],[77.26707934078809,13.14265644509461],[77.27394117508645,13.139785559305336],[77.27504229672405,13.152582527412646],[77.24893110200618,13.151896171144642],[77.24162592126733,13.14636400895285],[77.21749791204935,13.144867708731834],[77.21321236513748,13.15160075385105],[77.21627572805417,13.161605357072279],[77.20358867756612,13.184477123853673],[77.19779621035839,13.180228626593818],[77.18439101339455,13.18661670678988],[77.16878827583595,13.183833188610071],[77.16495757020695,13.189195477313364],[77.1660618970335,13.195580140595043]],[[77.07956558240447,13.06969285683795],[77.08110561729663,13.07394007381605],[77.08353153389108,13.07297869659353],[77.07956558240447,13.06969285683795]]]}},{"type":"Feature","id":"KA-25","properties":{"district_id":"KA-25","district_name":"Shivamogga","source_name":"Shivamogga","center":[75.21146104339972,14.058563890989333]},"geometry":{"type":"Polygon","coordinates":[[[75.08282337925533,14.652785762310765],[75.07246728085977,14.655205661997153],[75.050843686619,14.64949640579221],[75.04894800870586,14.642043932265478],[75.04008941356702,14.637503629780962],[75.02351141013878,14.606708732184417],[75.02674700255331,14.584413415626175],[75.02079395879363,14.574170614569953],[75.02298491383897,14.562616473681661],[75.03352342144119,14.55876175861581],[75.04453828138408,14.54577830036013],[75.05473924791659,14.548859217334684],[75.06129640241666,14.54357846697606],[75.05234593208213,14.533552479760706],[75.0368622204004,14.529398402417414],[75.04059502942637,14.521898276849306],[75.04063609770621,14.500177161605231],[75.01856812126748,14.496733341020978],[75.00645316466472,14.487445241077014],[75.00877404933783,14.484129414644364],[75.00548300122588,14.48051698533352],[74.98951332702657,14.472688241053598],[74.98449407212327,14.486326906221532],[74.99110115229185,14.493392280936899],[74.99060228457691,14.501103313966341],[74.97177902024947,14.520758750246815],[74.97253496244251,14.52385418717741],[74.97967658781586,14.52420067008107],[74.97680186482066,14.548673416944732],[74.95424310730117,14.551195160187927],[74.94862658861658,14.53641159164217],[74.94101870976296,14.534518726396618],[74.93572234525573,14.518692704576504],[74.92680489160115,14.529022751250896],[74.90092476423557,14.529335667843945],[74.90207272133718,14.515170197149937],[74.8946299124086,14.507386477871174],[74.88924736083807,14.479317664861254],[74.89341081592303,14.473969274566036],[74.91829046440385,14.46644227700754],[74.92094864400826,14.459149974170018],[74.9087701037514,14.457668442953237],[74.89890336440348,14.464103467064664],[74.88981515358982,14.461896850787927],[74.87457399781458,14.447563577086125],[74.87802196992858,14.435481979867639],[74.8807727667371,14.429173152378294],[74.91713817382934,14.43149341221372],[74.93357196531512,14.40392684072739],[74.94700246512558,14.400835965578935],[74.94980007134693,14.375988247389902],[74.94069489315419,14.367653361192978],[74.93924414541137,14.358476290256595],[74.95508971106594,14.349848364610883],[74.959092569836,14.342144154904059],[74.97437046041813,14.337511338840702],[74.97628155791315,14.331909263803821],[74.96962330341775,14.325899942285345],[74.97239041093688,14.320391272622905],[74.97312628386815,14.323278678957712],[74.97692441119509,14.320628230907063],[74.97137460859,14.31566731898184],[74.9578102418359,14.32336684610982],[74.95177506960135,14.316879234115909],[74.93695511320159,14.322337362587385],[74.9251630488412,14.319385281650812],[74.91331830008605,14.298972479361122],[74.90698333578665,14.294806916373817],[74.9099926533609,14.278163146400287],[74.91660488357103,14.273112086743273],[74.92630778188922,14.277421807615307],[74.92839196407822,14.264701232890179],[74.93419882409344,14.263285073953243],[74.93829733188167,14.256285798928818],[74.93532593039895,14.243115786923774],[74.92885305044894,14.23529811733925],[74.9198079282262,14.227487629985804],[74.90056140738125,14.229895992654319],[74.89280001003887,14.21760409730767],[74.87763887888408,14.21576549004473],[74.88000451762463,14.219489087196417],[74.87608879543716,14.219398575257197],[74.87527788533185,14.227771026187511],[74.88023715702872,14.23459091320965],[74.87320124629629,14.241234970678278],[74.86838535470194,14.238015534310941],[74.86629262863626,14.219710093371434],[74.85922645995014,14.21875648212639],[74.85338362061117,14.211216845388208],[74.83227610041632,14.230021870338458],[74.82223102482324,14.227790214268671],[74.8182327276982,14.232312276924025],[74.80333858662563,14.232024270603137],[74.79176208289915,14.227353233964232],[74.77294444741526,14.239360448841447],[74.76368664186248,14.237895653388016],[74.72998971894924,14.263824280132871],[74.7159189889375,14.233231979230277],[74.7187134133261,14.213935338242441],[74.72873259857433,14.174891336059071],[74.74841593600596,14.156851291581244],[74.74790687959907,14.142655121399915],[74.74301890718634,14.149021403657992],[74.72337165507966,14.152579019567922],[74.7074702779948,14.17000390691094],[74.69747870156846,14.173086929993055],[74.69053635396615,14.166174171837426],[74.66549571660664,14.184414324230662],[74.65056739463752,14.170056527332049],[74.62521592940992,14.162485820133645],[74.62899364791188,14.14423464005977],[74.64487936286979,14.142072022391803],[74.64629864891643,14.114413272987855],[74.65566159688333,14.113270179370922],[74.6373528588045,14.09458758790287],[74.65356751166662,14.074433951947585],[74.66083714157809,14.05836000428102],[74.65391946261178,14.043858284123534],[74.65521431043199,14.039085160292196],[74.67750611829345,14.034777889890753],[74.66318403158036,13.993201364248947],[74.66577831132368,13.980022854681916],[74.67475875484597,13.96895368539118],[74.68321246760817,13.96496145307637],[74.68458049398804,13.957748409247579],[74.6987057723988,13.95063146956993],[74.69956754781042,13.939012199317661],[74.69049714969051,13.933492106233963],[74.69672329297468,13.92775099032418],[74.70773936564322,13.926834798762059],[74.71378273859797,13.91633451403829],[74.7117430688296,13.905091258321004],[74.7418097101352,13.914813755179757],[74.7549749051029,13.909046652616711],[74.76263741140727,13.915964918573371],[74.78784858044874,13.913218911617353],[74.7914647926424,13.905487760678204],[74.7945950432168,13.910396801384568],[74.80866546959801,13.90572834400119],[74.819624764249,13.907796578377088],[74.83985310776688,13.897383738782406],[74.85615303680058,13.878395780640256],[74.86510526064653,13.857187412896746],[74.87629865536223,13.8605230467276],[74.87869462302343,13.867446625925178],[74.91062362103332,13.85660282595616],[74.9164370342585,13.823159163116735],[74.92363573319514,13.812673165286089],[74.92437250444173,13.796276949817214],[74.93339691870054,13.787611592140596],[74.92798292609507,13.768798768179298],[74.93531672536223,13.771730253916992],[74.93774222244342,13.763888654345859],[74.94808768658267,13.756917175225135],[74.97158877414027,13.751134846780639],[74.99854744578542,13.738345362178647],[74.99344456671227,13.721183360927851],[74.9886642196571,13.72019127324461],[74.99112330564508,13.710044205567907],[75.01122834910198,13.70750665340403],[75.01295521201368,13.702039062256084],[75.02130495196826,13.698097455231425],[75.02074756889402,13.693934888596862],[75.01097310628873,13.69104254267335],[75.0120525201375,13.67674381658235],[75.0284351390931,13.670157277269764],[75.02900496922393,13.666939727241129],[75.02432146055635,13.660488664397096],[75.01571471529395,13.663562549367722],[75.01272277383225,13.657771856585809],[75.01779142260146,13.640455968189606],[75.01542355064909,13.634674616827526],[75.02819465290506,13.627123746017576],[75.0394204830907,13.610343074679756],[75.05576796803726,13.610465935770813],[75.06126865884744,13.602608298419868],[75.05898539741504,13.589560171323972],[75.03779184826038,13.579963131211711],[75.03362710139803,13.573842299268552],[75.03498799425624,13.567117965356914],[75.04216446527947,13.561484880697995],[75.04254524406043,13.556057208606935],[75.04955369868452,13.554043891283],[75.04901421633895,13.537326424036813],[75.06265232309978,13.528680273000209],[75.0595510629562,13.51944625585996],[75.06826107315378,13.523452741708605],[75.07683572520438,13.514271221123769],[75.07987008780874,13.492460853898676],[75.08760535675279,13.494423694222439],[75.09678764632952,13.486443738663196],[75.1022737368214,13.488943637435554],[75.11310494967915,13.466559801707746],[75.11122134332679,13.460652761298164],[75.1157745792102,13.456802482850659],[75.1266674146998,13.46213578263793],[75.1407328689059,13.461326545360325],[75.13625407012192,13.472449082857066],[75.14663544710959,13.47803459243275],[75.16973050244697,13.507941802416962],[75.17615965959544,13.49908651632201],[75.188398918779,13.508756136578963],[75.20271200437297,13.508982753749152],[75.21106513726436,13.51698867129615],[75.2040958204406,13.518161364272748],[75.20879061194812,13.524658780024415],[75.21969082979274,13.523593073140463],[75.22603429035809,13.527947374783253],[75.22074304355304,13.533237115593213],[75.22437041911076,13.548556564153596],[75.21593424056461,13.557851549960928],[75.22203264341535,13.559589327898076],[75.22644788190144,13.56832357704037],[75.21173745079605,13.578140559374019],[75.21066342594067,13.585308676224987],[75.22376552144621,13.596024024647413],[75.22127293638293,13.602049283211922],[75.22571467427156,13.605934312564186],[75.23546981501342,13.598441718277208],[75.24476446406928,13.605108208346675],[75.24915194461309,13.595989280575301],[75.25493966242789,13.594768711940606],[75.25647009432967,13.583710504973762],[75.264539823122,13.586620305680846],[75.27144562276698,13.568993259987211],[75.27886221975386,13.564476956400245],[75.29497309833603,13.584711792137902],[75.30796949896354,13.583992671834828],[75.32617976731417,13.592538910036112],[75.32818178509572,13.585850626216507],[75.3407853362798,13.585744453670488],[75.34430196932591,13.58060643864873],[75.35735666792043,13.595603244882138],[75.3697389047612,13.597072855433725],[75.36393073140907,13.604195068589773],[75.36601357959988,13.621938356423831],[75.37270897314409,13.626742738251076],[75.37910424763668,13.620668775810731],[75.3782355578923,13.615010492324249],[75.38609064323063,13.613238832164331],[75.38877513359141,13.61327034069553],[75.38665925255097,13.623461629916628],[75.39209799014925,13.623908869988941],[75.39431636357374,13.630516032608163],[75.40728676785523,13.625606832596148],[75.40539268355339,13.630018019920284],[75.41467954241912,13.65286233991328],[75.40338311183862,13.680933454416751],[75.39426487663323,13.693507062827049],[75.39419597585092,13.700258992299045],[75.38785411159185,13.69851480996633],[75.38225199110462,13.702623003619538],[75.38293619204248,13.710861802383052],[75.40252107142399,13.703756283826165],[75.41918505889628,13.7060816257401],[75.42659203672312,13.715114508071427],[75.45434418576713,13.723644717359662],[75.45978292156879,13.730675081375416],[75.46117822259733,13.741724435819762],[75.48862013755968,13.75972853966596],[75.4867654353999,13.768325078877362],[75.49830087084655,13.758069956131562],[75.50690626504279,13.765679561244148],[75.51069374374033,13.754970616396655],[75.52096373502265,13.75177114111339],[75.52164246791533,13.743613366019247],[75.53285423497522,13.730742409294125],[75.54092223001905,13.728002178626502],[75.56581279213223,13.740835725384022],[75.56727971494006,13.753093228409282],[75.57140778987757,13.755376504967794],[75.61084943813442,13.760941383081732],[75.60900130804926,13.74595894869704],[75.62788715440932,13.73321524003444],[75.61729189034911,13.722947007417675],[75.62252992544832,13.705741994624004],[75.63488093235829,13.701240811594332],[75.64793959162488,13.709058623221486],[75.65115310165311,13.718693617194049],[75.67090132799092,13.71986160502129],[75.674678676387,13.723164561864593],[75.67459185601142,13.728334709054401],[75.66812948096037,13.730830509584003],[75.65585743865886,13.746130097747592],[75.66310727239637,13.750738933913397],[75.6691752672748,13.764061730768605],[75.67437173912242,13.761914123585878],[75.67647329113575,13.751146897805919],[75.6864963247667,13.749875974993374],[75.6886332272831,13.753907377732839],[75.6819588390452,13.761297961650731],[75.68715689911423,13.766724569431059],[75.70962295678464,13.766492317872757],[75.71809063834948,13.771361233817277],[75.73174795198942,13.769046553189424],[75.74909025373947,13.780939116019605],[75.76456014034896,13.781491735105675],[75.76686112284696,13.789978676715586],[75.76068601824399,13.794213205695007],[75.76705280895554,13.797063984711405],[75.77259867065146,13.796928623748231],[75.77758519094586,13.78848724259119],[75.79177404043432,13.796913252125751],[75.8077542339056,13.794438093637043],[75.82544335991548,13.818648889118187],[75.83552046494002,13.813776405103319],[75.8787561271381,13.810111455815303],[75.87053001962111,13.835523306810195],[75.87135210027697,13.851094358884176],[75.86285954705686,13.872653297122465],[75.8553138909097,13.872652723272529],[75.85975549944095,13.886593514732818],[75.85964771058998,13.910363315107524],[75.82914129005394,13.971654993390986],[75.83085487227248,13.986709464816677],[75.82385923660749,14.018939304383876],[75.8034076833011,14.026074162048717],[75.79875790008423,14.03326277706138],[75.80099012283543,14.043693872630355],[75.81391778168246,14.048777314984811],[75.82095468595159,14.065007633261509],[75.8141146070528,14.105633624100802],[75.8058471509816,14.098136047964225],[75.76851582319357,14.103585313791301],[75.76815751397282,14.109401231190065],[75.75597069214734,14.11028431907395],[75.75312276140549,14.101745412054578],[75.73878896066108,14.101079339672864],[75.73819446189424,14.087395535912567],[75.72113602058744,14.083385017799811],[75.72548036762456,14.07577749232364],[75.67299074196816,14.06494664941986],[75.64362155085253,14.073961560370394],[75.64240893930504,14.079466003365894],[75.63428818440795,14.079841380402758],[75.63070925229857,14.073496497629874],[75.6175329694253,14.07658733303184],[75.61110347361195,14.061393258409435],[75.60358109640707,14.056538955605253],[75.5912981719142,14.063917255229484],[75.58522077526803,14.05786047772784],[75.55365070541812,14.078758554385365],[75.54322933812894,14.078054565026587],[75.53128073783874,14.097505166579245],[75.52360532813363,14.094451543170198],[75.51000783241018,14.101056778737622],[75.49277600457545,14.099495046915434],[75.49050976442106,14.104747404416159],[75.47987185643602,14.100232952395766],[75.4647641714474,14.102340160025275],[75.44847269556051,14.095376828719234],[75.43289948562534,14.106457342939057],[75.39879313126687,14.116856678284352],[75.40135003121289,14.12619771095384],[75.41540681757482,14.141195246915153],[75.42057970415466,14.141013616924326],[75.424272345911,14.149495457586553],[75.43341983834694,14.152896503881752],[75.44373212410947,14.163446252185732],[75.46114142041678,14.174657510830007],[75.48419896390453,14.176225791913327],[75.45292054558631,14.204685573224763],[75.47622099173026,14.214917681300902],[75.50687017432793,14.219141320242588],[75.52085943073668,14.2024994716534],[75.52676083843554,14.2028049240063],[75.52698144310976,14.258315562962588],[75.52988748766397,14.277396668192605],[75.5356473873494,14.277444111592278],[75.53409919036454,14.289518655310092],[75.52439898339895,14.291932235721424],[75.51761457669159,14.301387754961308],[75.50269300286686,14.307824532719103],[75.50494001188765,14.31756449262507],[75.50097154062668,14.344329024132767],[75.48977098094825,14.347333264383733],[75.48865441008441,14.338688757007446],[75.47654971942872,14.343818641734035],[75.48004362419981,14.331000992977984],[75.47733088092507,14.317431254897025],[75.45429566686033,14.3285702221338],[75.42926717113018,14.34906197336002],[75.41023040690409,14.352431929241941],[75.39739149082735,14.366121695596853],[75.37366147839938,14.370239252599475],[75.34857499462103,14.387961235753068],[75.35937068360091,14.409256393036959],[75.37790762160962,14.407788533389237],[75.38205300618438,14.433529161719987],[75.36458474625842,14.44164497526654],[75.35762010426737,14.436447535970753],[75.3560814896117,14.428308621924016],[75.35532987639996,14.431607417420244],[75.34012902084503,14.435749384594507],[75.34242178285984,14.451693065259493],[75.34720212542348,14.457419392714487],[75.33991458669848,14.468738596626475],[75.34608502814683,14.485274798799493],[75.32943211061381,14.494499792103701],[75.31956601805288,14.513439344040153],[75.29736599914887,14.511005999598776],[75.28311912567953,14.514484795383886],[75.27501224166876,14.51086608713944],[75.26747250631765,14.514880065176342],[75.26776760199019,14.527750440666164],[75.27825811979326,14.534127042147496],[75.28452757804381,14.529569929988094],[75.29008900215374,14.531565004333167],[75.29718815158719,14.540465620630991],[75.28558626416573,14.560494127821089],[75.27434184693851,14.565442184202691],[75.26543542369733,14.579745266595639],[75.2435196470205,14.57795004275109],[75.24042704124639,14.554890975916457],[75.22842261515284,14.561137158011396],[75.22511732425204,14.567673003678891],[75.2305514759508,14.57969590795961],[75.22737017322048,14.583773402253367],[75.22155181297302,14.584869367293228],[75.20751527733252,14.572076622111203],[75.19732300020377,14.577362564803343],[75.1977236973295,14.582699411331157],[75.18409170180756,14.585834705861352],[75.18169552034732,14.597724787729407],[75.20510201530551,14.597451696862386],[75.21055934264027,14.623285119393893],[75.20549178981571,14.637643641776597],[75.20071125860585,14.637943388429223],[75.2023927035951,14.627734452003144],[75.18777184530335,14.622528203195897],[75.17191588164934,14.634330823396464],[75.1653715416168,14.63331059202396],[75.16475222778857,14.620793031274381],[75.16018969344368,14.617282381394698],[75.15275133387073,14.626149586740377],[75.14406281766294,14.620347913377996],[75.1424857101973,14.633769455706565],[75.1243849743276,14.631076474624962],[75.11451717766258,14.64155560802232],[75.10297818758235,14.645115583860697],[75.0993800557804,14.652707103626565],[75.08282337925533,14.652785762310765]]]}},{"type":"Feature","id":"KA-26","properties":{"district_id":"KA-26","district_name":"Tumakuru","source_name":"Tumakuru","center":[77.05427549079575,13.628256364529747]},"geometry":{"type":"MultiPolygon","coordinates":[[[[77.08045648389253,13.070278865077688],[77.0832387154478,13.071038051213351],[77.08238252665893,13.07391789617939],[77.08045648389253,13.070278865077688]]],[[[76.95194687521526,14.091955150402281],[76.92838605957272,14.07778888710681],[76.92301148144867,14.05701052918654],[76.91009656700055,14.064292949716366],[76.88923059659906,14.048486512347294],[76.87986564898236,14.018677898236634],[76.87638028808792,14.019391872588525],[76.87277485567766,14.009155688623801],[76.83724556092598,14.018172564235671],[76.83336975358151,14.003190552099548],[76.82493698144688,14.001154099404474],[76.82343512764926,13.99429163841207],[76.84850736055395,13.98042660382379],[76.84987471768895,13.963574500798137],[76.84202200659792,13.96275091604549],[76.8218909623034,13.950508848277758],[76.81938656080092,13.9365709074152],[76.81135420911093,13.936482950382619],[76.81536647144539,13.91603251207225],[76.76466501243061,13.924421671866527],[76.76379258569467,13.920412639408765],[76.75203212137103,13.919588872723173],[76.74945702604896,13.916143832906474],[76.75246025214723,13.906551015136973],[76.722863742349,13.898447451648057],[76.72310556523021,13.890112358811553],[76.73576124744685,13.870111259706013],[76.7467861074355,13.85638559032289],[76.75280727942635,13.85520786184697],[76.75222724982378,13.850136902318383],[76.76230391557212,13.835056571410385],[76.76659085936429,13.835835884991628],[76.76394767084533,13.821725430382909],[76.76878841972191,13.795131641070684],[76.76453133233655,13.781996584394404],[76.74897469721671,13.780632726719418],[76.73098925292719,13.78462742082762],[76.72374152933222,13.799685535773985],[76.7058222226072,13.775726640150308],[76.6980353068225,13.771376609739104],[76.69391630486939,13.763288949012248],[76.69775203836905,13.760372674773674],[76.68753113732204,13.745969685000933],[76.68444830970977,13.729723430408635],[76.68977199018815,13.722405305157688],[76.68504462037852,13.690450081143709],[76.67248915690992,13.70611669571416],[76.67304158038546,13.718653283298332],[76.66178116416303,13.72131234804097],[76.62981502979929,13.713649688385006],[76.62445244777753,13.7340545003321],[76.62085118444851,13.734000184293285],[76.60944723361337,13.723483006400299],[76.60379797043835,13.725665313914254],[76.59597233367165,13.720110131221608],[76.56937943624727,13.71458246601262],[76.57657761056778,13.690111829149723],[76.55548468080977,13.682608793257533],[76.53974499867942,13.663138745687526],[76.52953012442966,13.66605435898825],[76.53398685789533,13.650861971588272],[76.51852841043267,13.64111179029744],[76.5169895810796,13.634254025407651],[76.49721863006,13.627102117637582],[76.50008208818156,13.621692159807889],[76.46069699695668,13.6188914883961],[76.45529304122788,13.611436201756295],[76.46167474307485,13.60015380835665],[76.45512474904591,13.590859500610916],[76.4303102796272,13.593130023829813],[76.42443579803064,13.581376207610163],[76.4133103734426,13.578200828178911],[76.39946123804849,13.594856260598261],[76.38270794815548,13.576865371959487],[76.37352319360161,13.593099037383231],[76.35310234201668,13.579468155699898],[76.3638652927943,13.547131692992817],[76.37017064502868,13.547941020035278],[76.38770901486927,13.534200011704964],[76.39563627624742,13.535986811428954],[76.40053168760902,13.526373643179102],[76.42727051365638,13.525633291248184],[76.41987003783557,13.519849739634797],[76.4152080528022,13.509044509242488],[76.39654394479025,13.50388077519238],[76.39597976865586,13.493454256386949],[76.40523452891983,13.490646907972573],[76.40818927563721,13.482904795590521],[76.41516660812825,13.478840927090413],[76.41178601055887,13.477268621345962],[76.40704588467223,13.459195946204064],[76.41969178962533,13.44840632258137],[76.40061031624754,13.42276528041393],[76.39694059410733,13.402237410597634],[76.38944083558302,13.396096624379043],[76.39226059156434,13.379428692377669],[76.38575626608781,13.370864535419958],[76.38267283121442,13.37235149957642],[76.38142645019873,13.364144143238615],[76.34700681826641,13.359975113255835],[76.3470367878609,13.34292310920856],[76.35225359756656,13.330522246776198],[76.3476053244177,13.301221818281372],[76.35695585137917,13.287266592385896],[76.35620250891053,13.249129587568325],[76.361965673972,13.249039229204122],[76.36453775814127,13.233989082784916],[76.37988915337156,13.231542095581018],[76.38004137199813,13.222548231725842],[76.36990206313176,13.212207332329191],[76.37076871459875,13.200373212838869],[76.3937594324125,13.19788474782176],[76.39434940636524,13.190549499087338],[76.41240304086966,13.191822374923706],[76.41470408175816,13.187130743903731],[76.42556579241982,13.183409433686595],[76.42886619379053,13.173040995017148],[76.44495333798456,13.169779869568902],[76.45504727204761,13.149899068431699],[76.47316235041913,13.149861428387377],[76.46855832738287,13.12021030480024],[76.47229248657672,13.093078054985577],[76.49471647524402,13.094604178382973],[76.49571197476716,13.086682422590782],[76.51582043631373,13.06876875588237],[76.52499978211128,13.079027548229865],[76.58571650702473,13.07038547329297],[76.59238233880956,13.074847344391664],[76.60749551879277,13.071079746880336],[76.61786446219861,13.063790335106244],[76.61980112125501,13.054037146976789],[76.60599409798313,13.054809107843713],[76.60207259423844,13.04016524757049],[76.60810696517576,13.037639364636783],[76.60423229060686,13.017183317225685],[76.61293544306557,13.00579914136971],[76.61915300474384,13.008791443141666],[76.63223836822887,13.004172603188875],[76.64072852743878,13.009487432688408],[76.65256007634915,13.007263010399456],[76.67278868756497,13.055335363105764],[76.69352440135197,13.036714883890586],[76.7020951780704,13.04146271565575],[76.72528222358781,13.04124276360047],[76.76459253006529,13.035785310605263],[76.78310733987362,13.029397703263054],[76.78584149359487,13.015261540829323],[76.81469129228795,13.013711111974185],[76.81983728061326,13.005021230738032],[76.82964596004773,13.002198574809505],[76.82746413637723,12.998745147562513],[76.85288477906823,12.978654774292808],[76.85047049924998,12.97345245470204],[76.83967733363775,12.973478149878328],[76.83959882537349,12.945813598303701],[76.86246445458058,12.93465710301981],[76.86260778886901,12.927891219093517],[76.88439301608051,12.935109535302717],[76.89148887498507,12.932600963157157],[76.89621106241385,12.920488067776406],[76.86718824011226,12.918630706621416],[76.86548424022284,12.904985860421785],[76.87316935802119,12.89711297169255],[76.88915143076802,12.897424739862148],[76.89445743868986,12.873899706335],[76.89227254996761,12.847098269382984],[76.900181166812,12.84479277908096],[76.9057760019623,12.828345222632072],[76.91884117311638,12.817957414753636],[76.92455437478006,12.803999676072497],[76.93284792870688,12.80047730056595],[76.9412999921622,12.805614331640854],[76.95066639864294,12.801539750575635],[76.97306758088183,12.803539534216158],[76.97564652907819,12.79101004239162],[76.98337019178875,12.79295964196672],[76.99827394303824,12.775909680682187],[77.00962077359772,12.782430197750093],[77.00640384727646,12.77271570506225],[77.00917602039549,12.764310386025514],[77.02523539856243,12.76312441478127],[77.0436231704199,12.778069784591587],[77.04886675620926,12.74741829509212],[77.06736316492734,12.758309591292825],[77.07670251415173,12.745538542994803],[77.08052172314174,12.74644754079978],[77.08013262775789,12.759083808845965],[77.09261400357177,12.752667400828685],[77.09156626701484,12.760841857417367],[77.09749582611808,12.776264245576662],[77.10752753028817,12.780263210252059],[77.12434123996884,12.773866248109359],[77.13389548058223,12.782343223237175],[77.14522495569045,12.781596170684448],[77.15022411438254,12.787039713835565],[77.15091479576684,12.791947536582889],[77.1391719581857,12.810037252727623],[77.1419332329437,12.820268446858806],[77.147520036257,12.819779883866815],[77.15882840904085,12.827420465362431],[77.14941069438434,12.830435295235898],[77.14915377082318,12.848633348878138],[77.13722323565335,12.853008628322089],[77.13602745943255,12.860152688100758],[77.13114779463955,12.859208017784415],[77.1342204021188,12.877282774994274],[77.13087140278957,12.877986888032737],[77.13144080711892,12.888144338999243],[77.11869937891176,12.8840350320877],[77.10699261767245,12.894405143798412],[77.12447565757975,12.89905416160804],[77.12478184025952,12.902133311328669],[77.1326288084209,12.898021552832335],[77.139892733132,12.918195390938461],[77.15813288394057,12.91339694873696],[77.16541779868658,12.929045280366848],[77.15652509631302,12.942547708600934],[77.1573491281097,12.958159328996532],[77.14285217803831,12.964491867618682],[77.12984332496434,12.977894574887967],[77.13277132524242,12.986386798231827],[77.14184220216437,12.983718726323083],[77.14483645768625,12.987646224772279],[77.13569186591039,12.995683550903504],[77.13809776175209,12.998845957126871],[77.13436800879474,13.005347677894612],[77.1245136464348,13.006240959428718],[77.12947729831698,12.995549086245271],[77.10658484182224,12.99649672266541],[77.10551497706496,12.992664268723264],[77.09809783839394,12.99933618782117],[77.1026525645824,13.006202075577917],[77.11686902379112,13.009854922636547],[77.11825698378715,13.014642649001306],[77.09437336483549,13.026656550255158],[77.08221180812737,13.038464203726218],[77.0697833987793,13.040188986003523],[77.0773819791714,13.058139558037157],[77.073321402746,13.06080477739232],[77.07334965925328,13.066610783587919],[77.0682168896374,13.067976875232455],[77.07584491860113,13.072258093267424],[77.08078564457895,13.090259016877047],[77.07067372444729,13.117526815698525],[77.07191827918797,13.130853944082428],[77.09201316808893,13.135643028938373],[77.09593188885285,13.145815953775884],[77.10811161219094,13.14263155656616],[77.10787525465989,13.133265906649077],[77.11612026632369,13.130026034593365],[77.11885317138672,13.162081325702417],[77.1311482617635,13.166259461181127],[77.138534319624,13.17816516708814],[77.14782285744096,13.173989964617991],[77.15548561796855,13.193363070061343],[77.16652793132482,13.196972289808992],[77.16495757020695,13.189195477313364],[77.16878827583595,13.183833188610071],[77.18439101339455,13.18661670678988],[77.19779621035839,13.180228626593818],[77.19760963925702,13.183043771722858],[77.20254343473243,13.18296078922399],[77.20750241537513,13.196616312382805],[77.20095420629866,13.19450694782612],[77.2002488500359,13.203156219063011],[77.19509692474489,13.20662537902167],[77.19405536410558,13.224301144961313],[77.18268782558215,13.228720085243872],[77.18581789469688,13.23851937383895],[77.19021195719675,13.237836629880098],[77.19245185335713,13.243557920906616],[77.18348913269703,13.25761651806721],[77.18839391887698,13.276398548290727],[77.19246131441369,13.269017155885825],[77.19991274357574,13.268246889081315],[77.20459873159348,13.262275277598395],[77.21933575642453,13.262948437382493],[77.22214305456946,13.268348247317904],[77.22033149040793,13.285513944024704],[77.2290131461819,13.313305599766956],[77.24022511536273,13.308505803266733],[77.24311111401141,13.30239869603086],[77.24944711316999,13.301708529392204],[77.25266350319701,13.301732750399884],[77.2547317555611,13.308874644176797],[77.26982447102381,13.31115134534223],[77.27525393261845,13.297679939622029],[77.28165911373205,13.297275726012915],[77.2811968694329,13.310395786714496],[77.30866872344704,13.310608298989962],[77.31191426021178,13.3220843011393],[77.32934341737169,13.330404292428128],[77.33852326892077,13.329108817003858],[77.34382443941479,13.339698953952823],[77.34125071402349,13.357107791096523],[77.34569772771778,13.374626091570642],[77.34083661044043,13.377034301971463],[77.34588983423792,13.417561518816015],[77.35845713570534,13.414846651160806],[77.36287038172813,13.420044413623554],[77.36197074861546,13.436918179362335],[77.34839736816582,13.446586082248727],[77.34861760183583,13.457184349990667],[77.36611787143026,13.4635628721233],[77.36681479520746,13.469451808588174],[77.37339517924248,13.470035061611263],[77.37021309318122,13.478215238957837],[77.37229562606335,13.483105391340933],[77.37709844088214,13.483326937411418],[77.38466308741437,13.499068250602459],[77.38086160937144,13.515113294196308],[77.38993964766283,13.5196765312437],[77.39154311529217,13.53252485704153],[77.39047249774664,13.5360985756497],[77.38273400205411,13.537152890367361],[77.38119685344896,13.543773129776534],[77.38243887404224,13.575309126412897],[77.37420929184172,13.590021368370051],[77.36305223577591,13.590178370226015],[77.35989653772612,13.612355781367306],[77.36213144823667,13.62525562602874],[77.36960802843001,13.633695194992782],[77.36889792457096,13.641587947391537],[77.3784734624431,13.645187481043545],[77.37702095759559,13.650046546855101],[77.38333060557365,13.66241594722241],[77.39328178476161,13.664883685123842],[77.397245806667,13.673451066606829],[77.43505014506285,13.672616318975834],[77.43711027126683,13.684300760403993],[77.45533407094061,13.682261569586936],[77.45007421306819,13.710900078878108],[77.46507610526244,13.710876010216593],[77.46464404884846,13.734130137341063],[77.4705514222591,13.758020722980985],[77.46514883286785,13.758681600707607],[77.46138457382378,13.788393779381721],[77.45648741883218,13.788718894741635],[77.464227129047,13.8079224531539],[77.44533164286565,13.81102233079256],[77.43575089476485,13.796495084283302],[77.42256774696615,13.799091894704777],[77.42865027119598,13.806805212177315],[77.4196655256418,13.809595223879379],[77.41611351873642,13.806680913155564],[77.43251995921673,13.843216487090675],[77.38189802715576,13.839362786008316],[77.38118586615472,13.847285067760248],[77.37689358636977,13.850688116167738],[77.36243040486828,13.854246004632948],[77.33684212217219,13.83274732638711],[77.32538145709992,13.833237755266149],[77.32144937928602,13.855919209046434],[77.31149502994339,13.866582830849874],[77.31054966719289,13.862880631148995],[77.2949177038449,13.8574028947191],[77.28828418266421,13.847476156162536],[77.28027183465899,13.851047741890163],[77.2566945591855,13.846522347102766],[77.2591142306921,13.863136462857355],[77.24636014342595,13.867913592794231],[77.2486801908692,13.8735211850831],[77.24472082403365,13.883271215570996],[77.24826875528255,13.901211006857064],[77.23646704571097,13.90101762661174],[77.23562187026748,13.90413634067544],[77.23064826235701,13.903333942732894],[77.22988912126324,13.891611324593336],[77.21985048479412,13.867717254407475],[77.215405386308,13.867913175916003],[77.21703028594335,13.883739138638154],[77.21312689492979,13.886189960803733],[77.20043077055904,13.863037152202391],[77.18138913836243,13.869843484113275],[77.18567863336997,13.876165021047566],[77.19083653964414,13.911866111980574],[77.1847096386393,13.925185884397534],[77.16992176916315,13.920610770292859],[77.16193418321875,13.906624852179766],[77.16204541800711,13.899055942252293],[77.16875672340994,13.889573160385238],[77.17135795701186,13.871110684839797],[77.1685798738766,13.86449056217726],[77.14764034402975,13.868479019384074],[77.1360389991907,13.856517011128503],[77.12819900105757,13.85645838801447],[77.1321673878769,13.846204017093745],[77.15601459092359,13.844354210978743],[77.15367783212109,13.83413630464453],[77.1686849866463,13.829619536397429],[77.16772163243728,13.821209281751207],[77.15952151767306,13.816858330134831],[77.1625772080789,13.808659898268457],[77.15751776524472,13.806030289752764],[77.16210034280022,13.804755287896906],[77.16515549781016,13.79446885291037],[77.17850750372939,13.782684708999374],[77.17305215268824,13.762009767359555],[77.15111392711249,13.766206649221608],[77.14087260825741,13.765036835901434],[77.13684062071596,13.758298628165512],[77.10595974913178,13.767761160253224],[77.09044299471898,13.767140056133632],[77.08383322768934,13.75663599111473],[77.08563436330876,13.742435861252233],[77.06470043355938,13.74383225991887],[77.05749479873045,13.752964545857658],[77.05803813395025,13.760299581820517],[77.04405753730083,13.770843257568757],[77.04337069621438,13.777793741763602],[77.02447249532425,13.779223564582832],[77.02387646942142,13.767902404841923],[77.01735351558085,13.756099562754423],[77.01650198365844,13.73850924529685],[76.99850330179488,13.745573542636315],[76.99838932534826,13.755050422689003],[76.98520110476319,13.790795115929686],[76.99168972229866,13.802668948377422],[76.98974310362067,13.812937663926647],[76.97640786655283,13.817317975166215],[76.97802124619301,13.82686658974293],[76.98889801441547,13.835258802423395],[76.99223083418813,13.84900751968295],[77.006540075891,13.85205745370023],[77.01422324344688,13.860308891737242],[77.01318620941828,13.871516231635082],[77.01847286942547,13.87253553140111],[77.01625140489811,13.884406672013998],[77.02324515859259,13.895929463260993],[77.02302936619334,13.902595297401856],[77.04729283057638,13.906599690193838],[77.0416570645885,13.933433166053131],[77.02437265027535,13.939952142573336],[77.01421354793,13.95487016116946],[76.99376586815912,13.96256409336187],[76.9994926703162,13.990338845773707],[76.96538566378085,14.011495016216962],[76.94994159205763,14.015092808593625],[76.94346572431101,14.029741453427635],[76.93502348572993,14.032803066338909],[76.93113463484754,14.030200854800094],[76.93238471782048,14.053924810243416],[76.97173951695567,14.058016026383498],[76.97645553475508,14.065276817669988],[76.97344549224039,14.083519383135378],[76.95194687521526,14.091955150402281]]],[[[77.1644300291665,14.342165290580535],[77.13920997758348,14.340138622964911],[77.13570109071006,14.336871424114339],[77.13632638102987,14.323024816100178],[77.13058842179696,14.306841926805953],[77.11564319083925,14.292479744128725],[77.11551916493954,14.274235972606451],[77.11018619408448,14.268161877865085],[77.11119221737118,14.26157756034387],[77.12048237125737,14.262929302026103],[77.11533039835564,14.25452800060252],[77.11831936100387,14.244814563567427],[77.11485971977432,14.223140539124087],[77.0811724348858,14.21415210637262],[77.07589378425764,14.223356514730112],[77.06180376382346,14.229458278022717],[77.05772698268868,14.24380092957688],[77.03605184940511,14.246744482014364],[77.0303591392114,14.242266011132623],[77.00848426732105,14.23799660396112],[77.00379105235683,14.229561417958841],[76.99928810056983,14.229102615593336],[77.00641174885769,14.215056297692257],[77.00279500665802,14.197956704384637],[77.0214615553926,14.188789205955727],[77.02205509206375,14.177437282978888],[77.0260350105564,14.17478627076912],[77.02040658380437,14.157163460984252],[77.02010442198386,14.130903273428922],[77.0258561254406,14.1299378498999],[77.02621957482143,14.125016602641042],[77.02181189835339,14.123247661954547],[77.02405802612687,14.112605943177353],[77.01465957763826,14.10038619475815],[77.02980113809626,14.088173015577176],[77.02544109030461,14.065727169040237],[77.03152385258797,14.05645589041653],[77.07612313762442,14.053272185763072],[77.07531524316353,14.04348337265713],[77.07892157838063,14.042639036163129],[77.12740193578746,14.047014347357655],[77.13183664076571,14.043918671402396],[77.1403621926995,14.017955432636679],[77.14107427105553,14.003855361385826],[77.15127475788769,14.000689951401748],[77.17283251999116,14.001083567328427],[77.17094683763219,14.012000253355595],[77.17400186508137,14.012984869684294],[77.2046686447771,14.008250204158031],[77.21981945878083,14.01357315292869],[77.24535408869825,14.011944362028476],[77.27035776757033,14.034482642259551],[77.2787601002915,14.032411956360258],[77.27499752828356,14.011283746708125],[77.29827132859954,14.021605862953608],[77.30657535508595,14.03200309915781],[77.32223051113797,14.029994571907833],[77.32268355489194,14.023009347016895],[77.33685573614034,14.004468944839786],[77.3362203766045,13.995367688194193],[77.36109104283078,13.990812066932165],[77.35212495708167,13.968751628678278],[77.35385305158363,13.962794728716005],[77.34948791034431,13.95814015627304],[77.37128654041987,13.9527513926568],[77.34783880021371,13.915963662094455],[77.35293306264664,13.913900524951913],[77.35444523988355,13.904110737189999],[77.39787624343509,13.90618323695534],[77.39874265235693,13.888125901211115],[77.40546457943968,13.88944945326638],[77.41056818794482,13.896313956980357],[77.42840947508913,13.905928441587658],[77.43504143769279,13.9150065588697],[77.43490157718958,13.91966874637191],[77.41587848891537,13.924196887094423],[77.41208582783696,13.94555878282961],[77.43536386191289,13.947514811029308],[77.43788136085223,13.97552162413819],[77.43401829431342,13.980163799232685],[77.42765954891354,13.979677070839848],[77.42588839007516,13.986112831799604],[77.39569083009673,13.983730593908472],[77.38164316522818,13.976233715396857],[77.3796740159046,13.989842008359153],[77.39015779634305,14.016696192734662],[77.33230263410593,14.03068820386693],[77.34050490033525,14.060191208604575],[77.36054494439315,14.062559848377651],[77.3636605847678,14.07300578477215],[77.37561902700027,14.079351197869157],[77.38126771884677,14.09783939140129],[77.38881038989221,14.099479670174551],[77.40092041923562,14.118712556568656],[77.39736465018584,14.125437497412046],[77.3906131352926,14.126640050359766],[77.36168082813732,14.115332696306433],[77.34746656530943,14.103635562388908],[77.35136912538141,14.129979480632922],[77.37894360562852,14.135841475945],[77.38506637977297,14.153262859593472],[77.38924876415759,14.159648404370014],[77.39487607969359,14.160768799659326],[77.39371917537181,14.174245151224637],[77.42035674960852,14.176948989771939],[77.43019509500694,14.17046465113043],[77.46700016095542,14.171642496656565],[77.46808610106474,14.164885585706728],[77.48083241341209,14.164735923046068],[77.50350595676029,14.157117859836989],[77.51702942232119,14.186042756822102],[77.50464834520541,14.19397682006977],[77.50328196992902,14.210538834414026],[77.49448515372892,14.22424031489578],[77.49592070018049,14.23199452162317],[77.49278835742976,14.231006354324606],[77.50341082427337,14.259771005803152],[77.4982814987983,14.278848272207494],[77.48712446069878,14.28172318619375],[77.47892687828534,14.292161518250072],[77.45964945898788,14.280504883150252],[77.45027981138558,14.280706768730724],[77.44518197994603,14.29522826581123],[77.44622179336216,14.317466537129713],[77.43126010257349,14.312960297033388],[77.42839921183702,14.328642224424746],[77.42308292090014,14.328177834221599],[77.41088963479788,14.336946872020599],[77.39417101358667,14.33658699203322],[77.3890861897524,14.333125673625911],[77.37903765115395,14.322718312427384],[77.37781902718221,14.301392492963593],[77.38505766431808,14.292968750403553],[77.38925113660825,14.278561636382708],[77.38736490088706,14.270865538789183],[77.39578408240975,14.266115525911138],[77.40538495906111,14.266688514584969],[77.4088315190235,14.259850698696157],[77.40966977025276,14.231917369303659],[77.41769295912682,14.225842458982285],[77.4193905091125,14.211624813197634],[77.41413446279185,14.204758491187604],[77.39198848384035,14.198901948865158],[77.38709227477476,14.200018381986158],[77.38322450196219,14.207443503857643],[77.38420235587817,14.22095136001729],[77.37917127106087,14.226482893205349],[77.35948595823393,14.234006508627466],[77.36382063131379,14.275827232946524],[77.30534405319061,14.283435651093573],[77.2835369421205,14.28273653821852],[77.2888335347998,14.305474363630417],[77.28656671343543,14.34009899179723],[77.25858480588445,14.330917118839414],[77.24733582880887,14.317807558097279],[77.23820067742832,14.317360014973485],[77.22866887044253,14.32119641362145],[77.19742145028985,14.321175819968385],[77.18404370763768,14.332472572677995],[77.18104439909236,14.330376376335657],[77.17867707241739,14.33548348725319],[77.16931893492881,14.335440065783725],[77.1644300291665,14.342165290580535]]]]}},{"type":"Feature","id":"KA-27","properties":{"district_id":"KA-27","district_name":"Udupi","source_name":"Udupi","center":[74.92676958373247,13.485730892792612]},"geometry":{"type":"Polygon","coordinates":[[[74.68870760772818,13.955740882621528],[74.66517702488656,13.982151511980199],[74.65535120020655,13.974610134384662],[74.64427595191704,13.957496642698151],[74.65157221777498,13.945931287341681],[74.6471944884436,13.940151507815017],[74.63764882494455,13.937661907329872],[74.63044927709998,13.945426151011912],[74.62360596336785,13.936107358140278],[74.62039488418075,13.93541129531194],[74.6189186377586,13.941096477031556],[74.60553724255654,13.940657173572767],[74.59708487816557,13.931658338603558],[74.5956908033374,13.941270635121498],[74.59013555963666,13.930274426056496],[74.58198577927442,13.925242149905714],[74.59606463634458,13.883098543422868],[74.610073352059,13.86500479806859],[74.64555248758019,13.681957929020472],[74.65176740821151,13.665086652365897],[74.66364305901246,13.651938444160486],[74.66625222743328,13.637815193056479],[74.66851133406597,13.640168011837293],[74.68883362519287,13.464265136045093],[74.69542987706905,13.45517941512336],[74.69117705129142,13.454972600836836],[74.6965703907302,13.405275332860656],[74.6971128384145,13.347358174021041],[74.70031052731395,13.344424157991225],[74.69358563040086,13.343707350021733],[74.70753057740824,13.334691591210458],[74.71636552978711,13.312579386959557],[74.71896326624763,13.28627050081702],[74.73932481195584,13.224388033768053],[74.74406356431844,13.193705464389444],[74.77633198806349,13.071521812396155],[74.7795516398733,13.072366695708824],[74.77731247943315,13.080003900399204],[74.78076665261756,13.08926584716899],[74.7774829401482,13.102714802142092],[74.78249454410027,13.10386018764846],[74.79178437010135,13.096529598751648],[74.79825454342739,13.104299516232917],[74.79208063717701,13.116970353338928],[74.80961336200437,13.113224471782845],[74.81457251602193,13.122323651738666],[74.82266035664699,13.123735667785528],[74.82605301140411,13.129553070054335],[74.85980861855988,13.12791275214823],[74.86824772471557,13.121504519857226],[74.87824967129352,13.095309342575712],[74.91185291609229,13.108050408680613],[74.90911030922423,13.111885398388731],[74.91257299574256,13.112457972914381],[74.91324866538014,13.120788348835601],[74.90821231823192,13.123874315336856],[74.910551950745,13.13290972640332],[74.93331183926,13.149710116733056],[74.93562686062924,13.144277204145874],[74.94273264142615,13.14330587462129],[74.94111223336718,13.138017095273572],[74.94399011483895,13.136341486405618],[74.9401666172918,13.133257063977075],[74.95331753443635,13.121044448389146],[74.9610093985825,13.126772071586418],[74.97486167358855,13.129367824231688],[74.9942126604162,13.157282307396017],[75.00291253582074,13.152342838722442],[75.015180742316,13.130826494611245],[75.02433108959788,13.138662783310377],[75.0366382596203,13.14164590897515],[75.05851412684395,13.131533594180555],[75.07122669667261,13.136499264133828],[75.0705149093707,13.143242279612528],[75.0764122396165,13.147808315256178],[75.08363458221142,13.145925052116699],[75.08088748556354,13.161792692746266],[75.09746724699478,13.164873111431868],[75.09991187908987,13.162889324376929],[75.09706256134919,13.155946948712208],[75.10367583360505,13.157732921572752],[75.10092754938437,13.1540627552386],[75.1036765297994,13.151084660826475],[75.11287710188878,13.150809729355629],[75.11069597081938,13.147514823652243],[75.12066695696109,13.1362074290139],[75.115124189063,13.131249220676654],[75.13641525662997,13.133771446611997],[75.15078848263556,13.124862607191996],[75.16766765255102,13.13623639305207],[75.18028927873694,13.158041058810362],[75.19211568030073,13.163552296824307],[75.20579923822169,13.177283488318043],[75.1898375096211,13.183077265241288],[75.17356406741352,13.20397440195464],[75.16674617600393,13.20280040457253],[75.16882794262312,13.21158606564113],[75.15290449842331,13.26430810967812],[75.13994037336565,13.288072542282816],[75.11246673799228,13.282468019241593],[75.10069353196467,13.301069228892805],[75.0960260034277,13.317022461420628],[75.07852533767617,13.342956923338681],[75.08883963835989,13.349905231566915],[75.08972862194483,13.361190494950268],[75.11204616923415,13.356402390005194],[75.12767938124041,13.36614246486895],[75.12709301941344,13.385205629191375],[75.13190315370514,13.391180327200775],[75.13956147026698,13.386773668125555],[75.14634776882636,13.39281581041301],[75.13988548091186,13.406767767012283],[75.1549566377061,13.430267858628042],[75.14873796391353,13.436830665291241],[75.15301378656245,13.439930655427215],[75.1545204014311,13.453131811099588],[75.14412644623282,13.454705390244829],[75.1407328689059,13.461326545360325],[75.1266674146998,13.46213578263793],[75.1157745792102,13.456802482850659],[75.11122134332679,13.460652761298164],[75.11310494967915,13.466559801707746],[75.1022737368214,13.488943637435554],[75.09678764632952,13.486443738663196],[75.08760535675279,13.494423694222439],[75.07987008780874,13.492460853898676],[75.07683572520438,13.514271221123769],[75.06826107315378,13.523452741708605],[75.06006853028912,13.518885990686798],[75.06265232309978,13.528680273000209],[75.04901419567769,13.537326454604349],[75.04955369868452,13.554043891283],[75.04254524406043,13.556057208606935],[75.03362710139803,13.573842299268552],[75.0451588124295,13.585303141127048],[75.05588172888822,13.586156189967609],[75.06126865884744,13.602608298419868],[75.05576796803726,13.610465935770813],[75.0394204830907,13.610343074679756],[75.02819465290506,13.627123746017576],[75.01542355064909,13.634674616827526],[75.01779142260146,13.640455968189606],[75.01272277383225,13.657771856585809],[75.01571471529395,13.663562549367722],[75.02432146055635,13.660488664397096],[75.02900496922393,13.666939727241129],[75.0284351390931,13.670157277269764],[75.0120525201375,13.67674381658235],[75.01097310628873,13.69104254267335],[75.02074756889402,13.693934888596862],[75.02130495196826,13.698097455231425],[75.01295521201368,13.702039062256084],[75.01122834910198,13.70750665340403],[74.99112330564508,13.710044205567907],[74.9886642196571,13.72019127324461],[74.99344456671227,13.721183360927851],[74.99854744578542,13.738345362178647],[74.97158877414027,13.751134846780639],[74.94808768658267,13.756917175225135],[74.93774222244342,13.763888654345859],[74.93531672536223,13.771730253916992],[74.92798292609507,13.768798768179298],[74.93327220558966,13.788208169345678],[74.92437250444173,13.796276949817214],[74.92363573319514,13.812673165286089],[74.9164370342585,13.823159163116735],[74.91245019065336,13.853402921935956],[74.90691912510846,13.86024130727475],[74.87869462302343,13.867446625925178],[74.87629865536223,13.8605230467276],[74.86510526064653,13.857187412896746],[74.85615303680058,13.878395780640256],[74.83985310776688,13.897383738782406],[74.819624764249,13.907796578377088],[74.80866546959801,13.90572834400119],[74.7945950432168,13.910396801384568],[74.7914647926424,13.905487760678204],[74.78784858044874,13.913218911617353],[74.76263741140727,13.915964918573371],[74.7549749051029,13.909046652616711],[74.7418097101352,13.914813755179757],[74.7117430688296,13.905091258321004],[74.71378273859797,13.91633451403829],[74.70773936564322,13.926834798762059],[74.69672329297468,13.92775099032418],[74.69049714969051,13.933492106233963],[74.69902590232167,13.938063310378357],[74.70058252819882,13.944430501054047],[74.69767881926433,13.951635037612018],[74.68870760772818,13.955740882621528]]]}},{"type":"Feature","id":"KA-28","properties":{"district_id":"KA-28","district_name":"Uttara Kannada","source_name":"Uttara Kannada","center":[74.59569104322011,14.755467656415423]},"geometry":{"type":"MultiPolygon","coordinates":[[[[74.24166723370764,14.711514690050022],[74.23771578911459,14.709274225248542],[74.24013133016747,14.708726832760282],[74.24166723370764,14.711514690050022]]],[[[74.15677044579877,14.736785576571089],[74.15808002688796,14.738727020238343],[74.15338874958981,14.742213087085162],[74.15677044579877,14.736785576571089]]],[[[74.11341637396816,14.757676149815772],[74.11090846993439,14.76188313709533],[74.10806655700658,14.759632502093499],[74.10967371042351,14.753934277291629],[74.11950455488933,14.75278685830994],[74.11341637396816,14.757676149815772]]],[[[74.08896997037247,14.79370774513994],[74.08898356996757,14.795501697425916],[74.08599230224232,14.796359842689629],[74.08896997037247,14.79370774513994]]],[[[74.05675248559562,14.816593377419105],[74.05399340093027,14.81633944721148],[74.05734739129925,14.815400563051023],[74.05675248559562,14.816593377419105]]],[[[74.06478763463937,14.81961421096807],[74.06416938082319,14.821344802072092],[74.06208844873889,14.820910403321284],[74.06478763463937,14.81961421096807]]],[[[74.05904571114111,14.821456388792786],[74.05711404941263,14.818929785191889],[74.06165664924303,14.8202234458228],[74.05904571114111,14.821456388792786]]],[[[74.09364108408575,14.8358203047399],[74.09586136014197,14.837564873660195],[74.0936963708999,14.838829866998921],[74.09364108408575,14.8358203047399]]],[[[74.10003694068665,14.844660048652216],[74.09613905724406,14.845757693578925],[74.10074343241993,14.841176047630599],[74.10003694068665,14.844660048652216]]],[[[74.10775177565294,14.865194682597028],[74.10627901469408,14.865411469024199],[74.10660886169337,14.864837615995933],[74.10775177565294,14.865194682597028]]],[[[74.29571045612208,15.522860232606138],[74.27815342108649,15.522846668601213],[74.27490276212804,15.513055492145236],[74.25381525909265,15.501719850154766],[74.25091007602276,15.491593093218334],[74.27545115576119,15.449187943139952],[74.27689282602807,15.435211552183338],[74.26878183761477,15.419097769900434],[74.27829699432677,15.40569126812738],[74.27587165804401,15.391586770611475],[74.28299318181628,15.382941802364329],[74.2987075072011,15.38194078623674],[74.32320209732696,15.367679640946848],[74.31625869779745,15.363000699598183],[74.321842236633,15.343595041814833],[74.31702320722337,15.329116736925974],[74.32442832104597,15.309910446936533],[74.33643714439286,15.29494289184775],[74.32636640572876,15.28373749428837],[74.30795758544583,15.283334225158685],[74.29432958473195,15.289187036698316],[74.29335364602414,15.284510079158064],[74.28178839998478,15.280417560619464],[74.27632672929559,15.283532321718234],[74.2714887966374,15.281128074285428],[74.26102541783737,15.260188564377263],[74.25111422356098,15.258849951362881],[74.25954730291942,15.241024010398133],[74.29149863394557,15.23381540959125],[74.30161243065787,15.224340708844503],[74.2998586326607,15.219930716226052],[74.31004576064628,15.206287326425983],[74.31039162909863,15.194677606205113],[74.31696111836588,15.186260801125725],[74.29566587003958,15.151242844153689],[74.28513444924663,15.149028717745303],[74.28488377706154,15.113913819061509],[74.28265835455704,15.106737188032675],[74.276552069888,15.105379055047996],[74.27264510627452,15.097497567702831],[74.27969180128191,15.088077417343131],[74.28072820828643,15.068817471149988],[74.28951031457379,15.064824149377875],[74.29649498540243,15.04120772722741],[74.28326010542315,15.03156810701284],[74.28341228182893,15.023529889003408],[74.2664682077359,15.006892859713659],[74.26807005390614,15.00200951933607],[74.25360515841905,14.998145510812757],[74.25212061066536,14.992680474039382],[74.26432051016474,14.978524688381126],[74.25909882709864,14.970061322919335],[74.25527197703884,14.970420325417336],[74.25259587155296,14.959093829649863],[74.23669983315578,14.966845103028652],[74.22980339934595,14.950499050180857],[74.21366456429382,14.947690365792731],[74.21263448592047,14.940270753385567],[74.20154479182287,14.925723679845442],[74.1916575277673,14.933042369095144],[74.19475918227133,14.939942199291863],[74.17972167996086,14.950800328949345],[74.17945814479924,14.95705004366352],[74.16360833640157,14.958480917814489],[74.1541591816084,14.943425798709026],[74.16591169674011,14.918592391631194],[74.16211852541859,14.912140010627763],[74.14014742060515,14.92322696671982],[74.12422543167607,14.925323967637686],[74.11997800656992,14.916896093596096],[74.11461497808548,14.918355427384348],[74.10479596982185,14.912900293952747],[74.10163088707228,14.915787518324],[74.08578216563609,14.90090437467008],[74.09647514483963,14.89744915705264],[74.09967442285883,14.880747740307388],[74.11039540883797,14.8629489278217],[74.11190661140274,14.846793843407463],[74.11492667103117,14.84167869757555],[74.11329110390179,14.845722989951714],[74.12510493084825,14.837887129353906],[74.12426054592221,14.80500340205264],[74.1133364140264,14.796787522236913],[74.11261589240502,14.805084207418954],[74.09991663920212,14.807008087263412],[74.09277326930047,14.804001945743419],[74.10257048533362,14.793270850400223],[74.10951424329093,14.792521331068048],[74.11019305793032,14.785019989183072],[74.1178283425866,14.78655241177354],[74.1215627649868,14.780216966345396],[74.11943594156791,14.773989801094634],[74.12812055818905,14.780551498856452],[74.14238311893818,14.778540186722388],[74.1577533132124,14.759934282596676],[74.15055477776913,14.751048979358988],[74.15210840327325,14.747059887970154],[74.15755164502438,14.744925441169443],[74.16321337142564,14.752639952230567],[74.17716323131931,14.750561590212266],[74.19306656134161,14.734597733284447],[74.19267652901492,14.726622934658117],[74.20403263917127,14.719276904932384],[74.20843284435107,14.717643741614152],[74.20380795794232,14.736389374252685],[74.20868115756024,14.737795081621094],[74.21037718669811,14.733582685385542],[74.22758008698408,14.73803765515224],[74.22612779863056,14.747716240016628],[74.23423922901497,14.74842655574801],[74.24932187885496,14.741183655207184],[74.2627981100999,14.719808399988304],[74.26493524527996,14.712876174702053],[74.25675500124981,14.707563321246909],[74.27234020638898,14.700086438286043],[74.28286096417949,14.675300767071846],[74.27563511815498,14.666347381424622],[74.27937874289695,14.66212206835999],[74.2842953185667,14.663565096594505],[74.27867744701928,14.656497011125982],[74.2822687650998,14.65334671977557],[74.28050025000333,14.649236189159328],[74.28516333996448,14.647104726886884],[74.28643915607708,14.634214521184736],[74.28159944026307,14.626482612631701],[74.27136549028826,14.630069611026308],[74.2704346056852,14.626982702029656],[74.27358096664592,14.627483427411464],[74.28132229472655,14.610138576097398],[74.29299900911629,14.596489916088046],[74.31472695435536,14.545724290874064],[74.31080077487965,14.536704724906139],[74.31598763744867,14.526572693238387],[74.31021727059358,14.521365373908797],[74.32565486366693,14.519848826418405],[74.3266895737539,14.516022055305935],[74.33707919817418,14.519320644088195],[74.34027751230107,14.5146629351196],[74.3447144010838,14.521353113165834],[74.35473204033143,14.522171392565442],[74.35989239631141,14.510918499750955],[74.35460513982282,14.502498097363349],[74.36049933674492,14.501071937018036],[74.36378226318838,14.494059482013784],[74.38356511059727,14.439505162252022],[74.38417826108436,14.43412670139767],[74.38025370306774,14.431279942320721],[74.3848692973032,14.426659355053653],[74.38111212057682,14.424388493798203],[74.38602850221045,14.418325456064302],[74.39380176719604,14.418588539118593],[74.39766941065123,14.408179078083057],[74.41295067261063,14.317270202989164],[74.44304210562142,14.229875552609792],[74.44165544189434,14.224565860587314],[74.44958873995118,14.216158031170739],[74.45347014739313,14.200285010107741],[74.46390503971725,14.20053323914017],[74.46892708838111,14.188676636368397],[74.48669343626779,14.105159813376842],[74.48566786384387,14.094465635995059],[74.49994607324524,14.048245959662083],[74.50136435317873,14.023352371716365],[74.51398208157465,13.986858475297092],[74.53244944057305,13.964818767895453],[74.53473893002528,13.967808174571033],[74.53900499158034,13.964394831790369],[74.5492879617219,13.949154972362255],[74.55716743003197,13.951335717304946],[74.56131981427937,13.945412158010235],[74.56718149398479,13.948798652390455],[74.58198577927442,13.925242149905714],[74.59013555963666,13.930274426056496],[74.5956908033374,13.941270635121498],[74.59708487816557,13.931658338603558],[74.60553724255654,13.940657173572767],[74.6189186377586,13.941096477031556],[74.62039488418075,13.93541129531194],[74.62360596336785,13.936107358140278],[74.63044927709998,13.945426151011912],[74.63764882494455,13.937661907329872],[74.64739809429771,13.940381976390038],[74.65157221777498,13.945931287341681],[74.64427595191704,13.957496642698151],[74.65535120020655,13.974610134384662],[74.66517702488656,13.982151511980199],[74.66311471128483,13.99388829887778],[74.67750611829345,14.034777889890753],[74.65521431043199,14.039085160292196],[74.65391946261178,14.043858284123534],[74.66083714157809,14.05836000428102],[74.65356751166662,14.074433951947585],[74.6373528588045,14.09458758790287],[74.65566159688333,14.113270179370922],[74.64629864891643,14.114413272987855],[74.64487936286979,14.142072022391803],[74.62899364791188,14.14423464005977],[74.62521592940992,14.162485820133645],[74.65056739463752,14.170056527332049],[74.66549571660664,14.184414324230662],[74.69053635396615,14.166174171837426],[74.69747870156846,14.173086929993055],[74.7074702779948,14.17000390691094],[74.72337165507966,14.152579019567922],[74.74301890718634,14.149021403657992],[74.74790687959907,14.142655121399915],[74.74841593600596,14.156851291581244],[74.72873259857433,14.174891336059071],[74.7187134133261,14.213935338242441],[74.7159189889375,14.233231979230277],[74.72998971894924,14.263824280132871],[74.76368664186248,14.237895653388016],[74.77294444741526,14.239360448841447],[74.79176208289915,14.227353233964232],[74.80333858662563,14.232024270603137],[74.8182327276982,14.232312276924025],[74.82223102482324,14.227790214268671],[74.83227610041632,14.230021870338458],[74.85338362061117,14.211216845388208],[74.85922645995014,14.21875648212639],[74.86629262863626,14.219710093371434],[74.86838535470194,14.238015534310941],[74.87320124629629,14.241234970678278],[74.88023715702872,14.23459091320965],[74.87527788533185,14.227771026187511],[74.87608879543716,14.219398575257197],[74.88000451762463,14.219489087196417],[74.87763887888408,14.21576549004473],[74.89005710672674,14.216816137907603],[74.90016207928802,14.229683266853906],[74.9198079282262,14.227487629985804],[74.93532593039895,14.243115786923774],[74.93829733188167,14.256285798928818],[74.93419882409344,14.263285073953243],[74.92839196407822,14.264701232890179],[74.92722295855123,14.276573642841907],[74.92387328368889,14.278297136066202],[74.91660488357103,14.273112086743273],[74.90757256773098,14.285347042829336],[74.90692383317887,14.29467082992369],[74.91353809897144,14.29927602271519],[74.9203378803449,14.315690594036466],[74.9367856963289,14.32233742438541],[74.95177506960135,14.316879234115909],[74.9578102418359,14.32336684610982],[74.96814275496371,14.315088358619949],[74.97675006167317,14.319682102263906],[74.96961864565299,14.325699099110095],[74.97623106001778,14.331556676304796],[74.97437046041813,14.337511338840702],[74.959092569836,14.342144154904059],[74.95508971106594,14.349848364610883],[74.93924414541137,14.358476290256595],[74.94069489315419,14.367653361192978],[74.94980007134693,14.375988247389902],[74.94867045964008,14.398976753433804],[74.93357196531512,14.40392684072739],[74.91713817382934,14.43149341221372],[74.8807727667371,14.429173152378294],[74.87457399781458,14.447563577086125],[74.89062222070228,14.462164818729097],[74.89890336440348,14.464103467064664],[74.9087701037514,14.457668442953237],[74.92094864400826,14.459149974170018],[74.91829046440385,14.46644227700754],[74.89341081592303,14.473969274566036],[74.88924736083807,14.479317664861254],[74.8946299124086,14.507386477871174],[74.90207272133718,14.515170197149937],[74.90092476423557,14.529335667843945],[74.92680489160115,14.529022751250896],[74.93572234525573,14.518692704576504],[74.94101870976296,14.534518726396618],[74.94862658861658,14.53641159164217],[74.95424310730117,14.551195160187927],[74.97680186482066,14.548673416944732],[74.97967658781586,14.52420067008107],[74.97253496244251,14.52385418717741],[74.97177902024947,14.520758750246815],[74.99060228457691,14.501103313966341],[74.99110115229185,14.493392280936899],[74.98449407212327,14.486326906221532],[74.98951332702657,14.472688241053598],[75.00548300122588,14.48051698533352],[75.00877404933783,14.484129414644364],[75.00645316466472,14.487445241077014],[75.01856812126748,14.496733341020978],[75.04063609770621,14.500177161605231],[75.04059502942637,14.521898276849306],[75.0368622204004,14.529398402417414],[75.05234593208213,14.533552479760706],[75.06129640241666,14.54357846697606],[75.05473924791659,14.548859217334684],[75.04406026716015,14.546031227596973],[75.03352342144119,14.55876175861581],[75.024284781445,14.56107605834705],[75.02099575723737,14.569470916920723],[75.0266638814401,14.583464359405163],[75.02323058330626,14.602004358571682],[75.0267418336472,14.615698480321814],[75.04017753560146,14.637621175754106],[75.04894800870586,14.642043932265478],[75.050843686619,14.64949640579221],[75.04052568128309,14.66073147536623],[75.0352305061453,14.657977290360414],[75.03097556124189,14.66492576842729],[75.03045236804736,14.672336708219635],[75.03596109518608,14.675588029301291],[75.03214965931822,14.707915325633904],[75.01721278089602,14.709914943657296],[75.01512735813363,14.720366303585875],[75.02847362561482,14.725777135330228],[75.03037551897144,14.729926416148773],[75.03825598081822,14.727878005575786],[75.03780587096198,14.738334685690074],[75.04439918265221,14.739200347277404],[75.04344593628679,14.742828762799425],[75.04713685507441,14.744470402137415],[75.04109766198066,14.774016445029634],[75.06293851736612,14.776432308628735],[75.06991248117488,14.782973088407216],[75.06674877374603,14.786090407965544],[75.06849162038155,14.798423070411507],[75.05581397255958,14.804985366074655],[75.05542056256742,14.814691974010133],[75.07487094708294,14.808569652621461],[75.09163407262996,14.811139750072316],[75.09034582024056,14.820213556996746],[75.07383081656154,14.825804608250186],[75.06783896378492,14.840046745395174],[75.07439132756957,14.86893330673545],[75.06734751525595,14.91868014304814],[75.07776568274606,14.922998214687171],[75.08475096892063,14.921449667419965],[75.08224516155471,14.925940969566422],[75.10126234969412,14.926838777269172],[75.10292063162379,14.934236421838971],[75.09447313071178,14.951334713175376],[75.09892056212267,14.956328682311096],[75.08382815118884,14.956425605715198],[75.08133865812678,14.969154775583524],[75.07617314042722,14.973812606375288],[75.06926873406923,15.015173444583333],[75.07713805680652,15.037246850631698],[75.07409004519971,15.052408282279684],[75.08204189706045,15.074614645098094],[75.07094624264093,15.07033742776785],[75.05821199736275,15.072303946236747],[75.05399472690407,15.082880732354488],[75.03357424722167,15.078494568383634],[75.03024672840749,15.073134045603865],[75.02226741684515,15.070252049349113],[75.01832243473221,15.072581786741592],[75.01293451123627,15.068281860911512],[74.99403504192496,15.073491584996665],[74.96366372261771,15.069377648085187],[74.95760837242526,15.064834505771573],[74.94062268657161,15.066443796831626],[74.94056227666542,15.051938329626589],[74.92393353459329,15.048437747622057],[74.91706187092913,15.038784871049344],[74.91069581414114,15.041142938575495],[74.90813690107058,15.05083549796334],[74.89092814826051,15.044761254994103],[74.88719359829952,15.065587784379499],[74.87845533967952,15.073769109082157],[74.88010541460073,15.08475254740841],[74.88946902193106,15.088806048706507],[74.89198095670552,15.096972070576166],[74.87414430217315,15.102765181886273],[74.85929616921618,15.102718722155727],[74.85125238736254,15.120867677841131],[74.84329586336402,15.121896808049335],[74.83146724655471,15.131827292925152],[74.82926805216157,15.139627830326317],[74.83743165040948,15.143898527717079],[74.83500388238726,15.150294948808865],[74.84840613197866,15.162911637692913],[74.85107780517696,15.171582768951566],[74.86241830800358,15.178123422567941],[74.86526156660766,15.186967055378076],[74.87737310062917,15.193174897426966],[74.87307385440923,15.216348596821614],[74.88731960318782,15.228841986643484],[74.88767194220517,15.234253265187059],[74.91023414027221,15.251028512626014],[74.90441630374255,15.282218186866489],[74.89644851756532,15.30167220420521],[74.89355765813264,15.300481541409521],[74.88885804716361,15.307051986869396],[74.88193253039647,15.29875614840166],[74.87368297685057,15.298484863166792],[74.87835555841102,15.309999204586456],[74.87619774940302,15.3166451152049],[74.8607076794457,15.327243519365485],[74.8536257147836,15.341190088743312],[74.83584180573146,15.334563972611118],[74.8283965120628,15.340642637187129],[74.81913703025371,15.370355131052683],[74.8243612708234,15.374759345674386],[74.8309033453048,15.372797715851565],[74.82095982605121,15.385087096148114],[74.79399509796443,15.378427023285857],[74.78237888510911,15.394322524184545],[74.76925944313545,15.400990038033294],[74.76522550355489,15.399609486675871],[74.77066900042756,15.407851232600004],[74.76666607697878,15.417213567949899],[74.75572137725625,15.411319912838424],[74.74135763027351,15.412306811081153],[74.73386261126065,15.408585810039517],[74.72625342715492,15.411485361376686],[74.70653147294588,15.407597704205312],[74.69936324666031,15.410037292925805],[74.6895836286236,15.397894978338266],[74.64932452244136,15.390019684931925],[74.63239628744338,15.366958912602158],[74.61391547886855,15.358458809395756],[74.56833430378555,15.402422757241757],[74.54468804578309,15.416813913213494],[74.53526823805197,15.41867628560539],[74.51692240584012,15.402321262037836],[74.50278052386794,15.403697402809065],[74.48260817862996,15.39580525861814],[74.47255863930823,15.397785341591284],[74.47379478761451,15.402461714834951],[74.4645358816255,15.41506923419124],[74.45645545210151,15.403070851185754],[74.44584671870196,15.40666753567908],[74.42637223777729,15.398390697391475],[74.42187704473936,15.463590653339379],[74.41326794768752,15.473900469201832],[74.40438724590784,15.473856764242695],[74.38671823138053,15.484125794162244],[74.374846060653,15.480750212699892],[74.34247667255822,15.517953264282871],[74.32684084735278,15.516995960392356],[74.29571045612208,15.522860232606138]]]]}},{"type":"Feature","id":"KA-29","properties":{"district_id":"KA-29","district_name":"Vijayanagara","source_name":"Vijayanagar","center":[76.25638514939246,14.934242887668411]},"geometry":{"type":"Polygon","coordinates":[[[76.54980767316722,15.347253539161258],[76.55765706588157,15.366290938661605],[76.54065992920303,15.381137359670637],[76.49331676528409,15.344972059045054],[76.47715122781014,15.349516604267599],[76.47178447580882,15.344381074066716],[76.46025018391752,15.344363049977925],[76.4506046187757,15.339233112427667],[76.431801822562,15.339147958926727],[76.4045785925741,15.325677888306156],[76.38891082866705,15.33082602539623],[76.3639953535761,15.328403688253124],[76.35069488759794,15.310417893425708],[76.333645993586,15.26362803481187],[76.31967209567364,15.264402012735177],[76.30283885482203,15.255698267358728],[76.3009259562049,15.242579013369653],[76.29150517919157,15.232227646913152],[76.29133185734234,15.223037658413793],[76.26821556403502,15.20660502462017],[76.25715426209025,15.206273949859288],[76.2490005533953,15.190736001011919],[76.22965523583542,15.188447790778346],[76.21884012617745,15.196586161826389],[76.21776734009885,15.201697304213212],[76.23264316003117,15.227764280580526],[76.2311556568202,15.231303092245646],[76.18745957300472,15.235019666734441],[76.15985746776596,15.214907573419845],[76.15746478344714,15.210131591341975],[76.16018574540843,15.200817963195243],[76.15588535742975,15.19582532295],[76.12504320772595,15.203359687100834],[76.11169745497938,15.198623396808378],[76.10342742343829,15.168378401418172],[76.09372283089746,15.162760184590484],[76.05683919919254,15.156962874382556],[76.04139823474192,15.144390687567329],[76.02481402036177,15.142716159599395],[75.97848216631496,15.152772814013511],[75.9541820416852,15.13789746312538],[75.92807088559485,15.141912782326012],[75.90227808166144,15.131663835032022],[75.90092328387243,15.121528397262857],[75.88486051007372,15.107584371636419],[75.88853933394437,15.096883803431055],[75.90880175864581,15.076719161129693],[75.90348362167104,15.056678891414823],[75.88366852833671,15.052310479372467],[75.87393136108705,15.035301700183847],[75.85954465675894,15.036376421776831],[75.84613309523127,15.044901867580341],[75.83850756717729,15.04162004271513],[75.83325124687049,15.028659085270794],[75.80768385180141,15.024499712959585],[75.78482676557266,15.002340185688135],[75.77917217628634,14.977179303854623],[75.76069902674762,14.968394832008318],[75.74160413703106,14.945007172341601],[75.72033354386606,14.951180444211898],[75.7010806863051,14.948435302720812],[75.68287738618615,14.940084899634675],[75.68323672487618,14.92748619910179],[75.69618756115585,14.892054609267621],[75.72809889199907,14.897479303409455],[75.73906965723789,14.887297726606471],[75.73429539267549,14.882930189726446],[75.73267851140233,14.863585565204293],[75.72155136384559,14.864195792748129],[75.71252420433525,14.852703098295798],[75.69517164741791,14.852161987331613],[75.69369170263172,14.858863929239188],[75.69027627827711,14.856840424207933],[75.66389312220021,14.807033880372746],[75.66541549980712,14.800069933385233],[75.67768180456895,14.797961844886208],[75.69175070920407,14.782264118935995],[75.71336901596105,14.778840946428156],[75.72238061844729,14.771941530774159],[75.72108126108434,14.752171627739928],[75.70279681434917,14.73238643609727],[75.70424771031401,14.725223390674138],[75.71780802476782,14.71954278468496],[75.75621755457733,14.738765261186325],[75.75981460301105,14.775744504923436],[75.77151025658188,14.782257582847194],[75.77292219710442,14.791616905797012],[75.79876363043745,14.768896995348705],[75.82520005571237,14.778936783915727],[75.83370006944092,14.79670260912764],[75.83393415782757,14.810083186320448],[75.818004346369,14.834499796031041],[75.81110741040092,14.829283024711213],[75.80534316556447,14.841292562411963],[75.81029038905676,14.842685820949418],[75.80975447931108,14.848045166631229],[75.80169122827029,14.868861207577671],[75.81602509818498,14.899770427200448],[75.82566290817094,14.899203457737242],[75.83222299028051,14.883465623811912],[75.84479082624554,14.889848489200224],[75.8477329471416,14.884403650582126],[75.85391292241003,14.883563870174248],[75.85372942264864,14.863590244241372],[75.86911771797584,14.854359183796712],[75.87316860966413,14.86799747357913],[75.88738131840657,14.868607466381492],[75.89772482332017,14.880803403303606],[75.93430940586703,14.892031489765479],[75.94003638139894,14.900010393872414],[75.96533057723057,14.903016382974844],[75.96592295776993,14.908465947407166],[75.97708991237188,14.898442992341597],[75.9845203155664,14.908168901922062],[75.99729428165145,14.898117169675071],[76.00569939286183,14.905928621057441],[76.01050476787914,14.905230701821075],[76.01265643510557,14.896329720333197],[76.03256936844906,14.924500522246133],[76.04475653073602,14.931938878396169],[76.05127796642377,14.916161340584035],[76.06211998421779,14.9158485645691],[76.06971068907978,14.908918719884047],[76.08466394019634,14.913350614387534],[76.08242596822734,14.904425388618177],[76.06624185269497,14.883955556386065],[76.0727229387551,14.868841622781627],[76.08773866590303,14.872568454945466],[76.12888136038865,14.86911981927261],[76.13052599690914,14.860764386926306],[76.154713121561,14.86120589573451],[76.15932926466711,14.847160651162831],[76.19068763035064,14.846481221170235],[76.19431276101844,14.820821913052235],[76.17613191159506,14.822028374370266],[76.16056708743308,14.829916412740255],[76.15520608375125,14.827833901610664],[76.15333794998135,14.821340432149],[76.14640287244461,14.823482992607602],[76.14289837204474,14.793206514220097],[76.14936272518607,14.783897181268932],[76.16894821362534,14.785150878630194],[76.1808978496731,14.764058810730475],[76.19233247887354,14.768339895376783],[76.20057523576595,14.753226261610997],[76.2009411330559,14.73914458274002],[76.1971337198439,14.724992195608598],[76.1871271280776,14.722509474171249],[76.18368621672175,14.700302476405515],[76.19342508717718,14.69796955822345],[76.19354095637412,14.681981258861146],[76.20443485187577,14.677879179811832],[76.23050099698047,14.649308995615053],[76.24901172125092,14.697502191131742],[76.25689418544245,14.70072069638821],[76.25790419635071,14.69603958220495],[76.27231946171497,14.695734755392834],[76.2733165054421,14.688287856723557],[76.27948320271234,14.684643714610655],[76.30158340711021,14.689989094308824],[76.31233147010865,14.687222243996873],[76.3151990011917,14.69233859109578],[76.32214414435117,14.69240823243166],[76.3381386929007,14.685669149252911],[76.34293737277422,14.665722902073545],[76.37931134709935,14.662015570010684],[76.37452580239189,14.646560345886392],[76.38987077736283,14.648611776619543],[76.39361030039726,14.626879451332725],[76.40189466994859,14.627393924210963],[76.40314268589809,14.6236068437562],[76.42166528769323,14.624792709120541],[76.43214320842111,14.618310196575255],[76.4322280255536,14.604734937281258],[76.4235972728152,14.581653257080653],[76.46227917181882,14.576251379180837],[76.50506937743381,14.565365940005636],[76.51004125788401,14.560388562710443],[76.53526694370048,14.561168413405008],[76.53519576658725,14.564842351986982],[76.5496966234318,14.573470097707787],[76.55064126303847,14.578875209254965],[76.56745917503807,14.587321939039649],[76.58505353956528,14.61740917473048],[76.60085537792678,14.620837138389911],[76.59599477268915,14.630579453222355],[76.60281691133339,14.633766293650346],[76.61212133495788,14.648381708587166],[76.59734200756176,14.653432379670814],[76.59802203043525,14.669280590756538],[76.61058320359578,14.66873518378324],[76.60833004201365,14.687619932016515],[76.61744742202292,14.69251463256713],[76.62408117766387,14.702429579945255],[76.63033023158106,14.700775732179208],[76.64480216985996,14.712972011693903],[76.65119204188444,14.72526768439047],[76.64707396968763,14.730785698616264],[76.65152756084645,14.737270129640319],[76.64880115329788,14.756253109352778],[76.65540945966684,14.757716520915952],[76.65983696644476,14.771711153194133],[76.66691525160743,14.77526642618558],[76.6672694357644,14.782510195370886],[76.67286243116497,14.788338550597782],[76.6674665414091,14.793789372008632],[76.67481428702105,14.794113364765106],[76.68276487225721,14.808635457181623],[76.69246470642197,14.81327832273496],[76.71679251443388,14.818335984933908],[76.73416752474174,14.813543080991167],[76.7417115603281,14.818320744701795],[76.74239854065343,14.823659550620372],[76.7117041683054,14.837312766434],[76.71336891361354,14.865320181232812],[76.69752374770924,14.888204623658327],[76.67794280474527,14.88717493379626],[76.6747967878393,14.896981084969292],[76.64831520784831,14.8966325586503],[76.63778553427859,14.892588913806037],[76.63310142643472,14.883452016004794],[76.59485691804126,14.881610608897763],[76.59269897967584,14.86405008916199],[76.58692036269318,14.858789221021183],[76.57000281764714,14.86563159972803],[76.56499968211324,14.880343648784452],[76.54171631204456,14.881511069786189],[76.53850781281898,14.87609172385808],[76.5303258790578,14.875695234325168],[76.53338937492512,14.871963962248147],[76.52353133037086,14.869555745617943],[76.51768939563537,14.873095763918844],[76.49954399822468,14.868445514973022],[76.49565082375081,14.860953396713288],[76.48187462437127,14.859396527354969],[76.4750957333197,14.868446200012404],[76.47534318863777,14.881144053859662],[76.47072027403107,14.881841841900055],[76.46517949769797,14.876340077717945],[76.45912353126121,14.88391137321683],[76.46062745926886,14.891669593834914],[76.45297197689175,14.910719102205515],[76.45297899902228,14.917583224325766],[76.46992226463159,14.926998702257924],[76.46185814222494,14.924977375146232],[76.4345251363127,14.935175743666067],[76.42589822836374,14.930762821862604],[76.39799490273887,14.933089617420585],[76.40785512211444,14.951019248392791],[76.39411151900327,14.954979119295409],[76.3940095647101,14.958512807849088],[76.37469213804319,14.95733844172151],[76.37606331571307,14.982363560271489],[76.36314011340816,14.985584983691483],[76.36595690584737,14.992309162700083],[76.36144959184128,14.995901315235368],[76.37152768231769,14.996923903006003],[76.3791304955714,15.011481750044586],[76.3786842987765,15.022489548746343],[76.39382295587951,15.022498034017023],[76.40486174155166,15.02939277324066],[76.40392831381801,15.037815863322324],[76.39254681278015,15.053677893395982],[76.39239886204948,15.06471272638178],[76.40984192423171,15.06184157897719],[76.42199911692417,15.045960513371101],[76.45166339472912,15.038655017240533],[76.46117378857352,15.04249718742989],[76.47995901284193,15.070496971374826],[76.45957478916442,15.09169829688974],[76.4401521580996,15.137185794374613],[76.39586141561718,15.193393279804035],[76.40916032211996,15.19378496085745],[76.42322993193261,15.207126359928735],[76.4313435586979,15.217133589204657],[76.42768278108296,15.22399837461236],[76.43188286677031,15.232939923622125],[76.44826566988056,15.220644553186672],[76.4804178677975,15.2096607340423],[76.49974484804748,15.181735290069602],[76.50949975702403,15.18592500338265],[76.51811010542902,15.1815416483464],[76.53491361384135,15.199000580632175],[76.55000220513863,15.191794401090581],[76.55542441643061,15.202198424747477],[76.5737608055522,15.193405551002765],[76.60365736433344,15.195512065286048],[76.61548947379256,15.22212273857925],[76.61348293928178,15.225726132904404],[76.60243152239842,15.220055794717446],[76.5990703940162,15.240219929992122],[76.60470408938733,15.244617167652347],[76.60645787840137,15.263320361211933],[76.58137327839016,15.252955814052612],[76.57562500559948,15.263337018672726],[76.5821391469671,15.294943492330571],[76.58900558423299,15.298029643729123],[76.59091487341932,15.306632347734107],[76.58136104962422,15.306777468398309],[76.57777778763517,15.311424337625914],[76.55523894935875,15.31717455119829],[76.54980767316722,15.347253539161258]]]}},{"type":"Feature","id":"KA-30","properties":{"district_id":"KA-30","district_name":"Vijayapura","source_name":"Vijayapura","center":[75.97718860678702,16.858542214242906]},"geometry":{"type":"Polygon","coordinates":[[[75.6600169133088,17.457692195625107],[75.64878952903767,17.47032705593419],[75.63297968039879,17.477214425112923],[75.62760664108882,17.462766696043047],[75.62161243742109,17.45924621560637],[75.61335316859542,17.42474185390937],[75.6066010688989,17.420372382172886],[75.6135163080409,17.391915138305787],[75.60612278518039,17.394478548188797],[75.59360460089776,17.38730161912479],[75.5741426065555,17.38329915135143],[75.58084537077663,17.35122300833928],[75.61002516828422,17.34504031223828],[75.61208754476802,17.32513628875758],[75.60373432563834,17.30550335490873],[75.62240761802575,17.295103209968904],[75.6302192338875,17.280839363173346],[75.62784893558555,17.27433959213585],[75.65416859963649,17.273815181375433],[75.65771605208337,17.263207730267585],[75.6619116470926,17.214577574971074],[75.65539022308293,17.205533057080352],[75.64259142756343,17.197648114600575],[75.63993017033086,17.18886507611939],[75.62843445928435,17.188657928867517],[75.62537655363306,17.174000318597056],[75.62825991482802,17.162694109229285],[75.64953162459896,17.134376476647724],[75.65034694273734,17.115692334909156],[75.67228865108144,17.115995839141206],[75.67578601706134,17.09529136508564],[75.67336557569857,17.091198656604938],[75.67873840031119,17.077150879088276],[75.67671537183347,17.06541586603857],[75.66039525765534,17.064502663220278],[75.6503072497782,17.05725501204983],[75.6409984513583,17.037581447267485],[75.64999395872961,17.032238080332583],[75.66969398955413,17.038160278595544],[75.66607515338151,16.97977160410043],[75.67708215126902,16.969002697578475],[75.67576562620269,16.96642213538616],[75.64205773126659,16.954551129081942],[75.63393196826182,16.97025916232647],[75.60786303029488,16.97099707568379],[75.60688752277841,17.004565816396248],[75.5730971616009,17.00960645986722],[75.56721895289425,17.00904627117879],[75.56765208638829,16.96574587286071],[75.5391731122445,16.96548029205319],[75.52931416039179,16.96939982864943],[75.50966132435731,16.9502502288048],[75.49035317010075,16.944673013839655],[75.48323647567146,16.975994583798762],[75.46618254839895,16.98131170079846],[75.46555223200514,16.988365009732888],[75.44160345734757,16.982231095154784],[75.42787797595065,16.96649455275447],[75.39213506541766,16.980090669396827],[75.36854320130398,16.971951365090558],[75.35293077272014,16.959029868966077],[75.34157831601202,16.95617277228948],[75.33420203272011,16.91243236341293],[75.33562595676858,16.869386075627265],[75.3537889234296,16.871137394570834],[75.39494565768476,16.863146630607105],[75.37888016558401,16.824083322417316],[75.38435351976179,16.763421710845297],[75.39238590019782,16.759571120411966],[75.4260429531838,16.767931812596707],[75.44275160309537,16.757270099415024],[75.46528805275143,16.75491826822589],[75.47696308818988,16.74731906337656],[75.49184586557405,16.745626120337135],[75.48829939588413,16.694487004745653],[75.46259748977934,16.699912015407612],[75.4378012642457,16.697851351361084],[75.44721246701474,16.665100689811034],[75.45494132198762,16.663855449600355],[75.46205253310045,16.62255642838353],[75.4849171912287,16.606433930808617],[75.49361085029149,16.593154776323974],[75.48386797514652,16.573103650938293],[75.47224277285015,16.563364255662993],[75.48835612629092,16.555100610349818],[75.49073383389734,16.526024230572077],[75.48586756927341,16.508598016361084],[75.45550049181095,16.50669303597082],[75.4632240125877,16.473791084632303],[75.43309970842407,16.438377971978085],[75.43279795443867,16.43095450142721],[75.44873719371611,16.41325605738789],[75.45779976391664,16.412710607711762],[75.46551702613083,16.41844578908916],[75.48681655313284,16.417599842936703],[75.4984671112764,16.430714580613497],[75.49562097267349,16.446692786073548],[75.49905705109315,16.45357024840515],[75.53318374420797,16.46635437560528],[75.54333172361346,16.46403176141749],[75.55219400723486,16.455924828754178],[75.55679864292219,16.424583190610846],[75.56196996014522,16.415688304371127],[75.56984028540232,16.411827461411228],[75.57509237374583,16.41278221322429],[75.58398224373131,16.43255630668729],[75.59942506140634,16.446515884581064],[75.63458686705341,16.443838292062875],[75.67781491872438,16.424191458311814],[75.72080781391188,16.390994426925154],[75.77318417458736,16.38321740009402],[75.78918625191726,16.374057081233094],[75.81029088582513,16.37029206615182],[75.84047742976323,16.349045348572066],[75.8732680603526,16.34469747476076],[75.89122233759336,16.327012297849702],[75.93044938731197,16.315769027303094],[75.95602148236662,16.297199744076693],[75.99219195683885,16.29960051997923],[76.00945669625064,16.30452782075209],[76.02640936183107,16.300673456605473],[76.03243605396932,16.289412032217882],[76.05866401440281,16.271321663281068],[76.06530946970204,16.262074638761803],[76.06802335024395,16.243743660958394],[76.05785611006046,16.227673309318046],[76.06123294638373,16.213278786873218],[76.0677115548903,16.20756499274041],[76.08480879443422,16.204808354338017],[76.13923917187145,16.18110443064914],[76.15958395501646,16.18623064520179],[76.17202133404265,16.18490452769294],[76.249792263808,16.164352541603712],[76.27176368482847,16.151667831136763],[76.28052410308992,16.15266607116619],[76.28816954409879,16.159234670592205],[76.29708885277444,16.184690336769222],[76.33148157657075,16.19403614891305],[76.34738647864482,16.215724608288994],[76.35276216528993,16.23542569057526],[76.34611854704546,16.249685023008155],[76.34778382056297,16.27768333073993],[76.32017307442949,16.282083041194173],[76.3201342303783,16.28695829278979],[76.29964048859289,16.283233130635498],[76.29803431344129,16.298739532041488],[76.30283144641591,16.318974396056465],[76.29514800667047,16.320336067384027],[76.2913488750271,16.330541459281083],[76.30540766283546,16.345699089966484],[76.31423027056572,16.345392264584085],[76.30476573212334,16.37708974336951],[76.31045502243076,16.396701032192894],[76.32576493166461,16.395957544721135],[76.33320502588438,16.39114503009626],[76.33865397642914,16.405895998573484],[76.33054549701042,16.409630985618207],[76.33212017722813,16.42695680816848],[76.35051861029145,16.426833510754708],[76.35752737034271,16.42223915097716],[76.38523689073325,16.425601573191567],[76.39029373204639,16.438040169921393],[76.40306969957788,16.432919794575202],[76.43513598082443,16.43771637171202],[76.4298290997402,16.4985969338401],[76.43399366065128,16.51883521641932],[76.42253714310064,16.551799801413285],[76.4228605689423,16.573338438430397],[76.41326870957973,16.5902116279475],[76.41502724259675,16.605435864796647],[76.40493674189472,16.62519104372226],[76.40344618261517,16.648665982832664],[76.4204075322094,16.67292311666281],[76.42651000622506,16.686036924233765],[76.42533496491767,16.695512931126753],[76.45214371941998,16.714137890103814],[76.46195415056926,16.708301168006034],[76.45940070284888,16.723293447226897],[76.44633769663463,16.722678305988936],[76.44167585712835,16.713642176769863],[76.42262599726202,16.716870000135522],[76.42316344222851,16.729570618284914],[76.42887653968762,16.73784662220197],[76.44040810070045,16.74202725389962],[76.43844235509347,16.753318340184766],[76.44265022108947,16.75755056390917],[76.43608231555206,16.764537577070048],[76.41851086075957,16.768897301639],[76.41829888979353,16.76450120968706],[76.41122682187093,16.764832289291064],[76.41157449414041,16.768184704027885],[76.37092318081017,16.76859409776249],[76.3773529577962,16.80168949188624],[76.39637387214741,16.805922095147228],[76.41018686741934,16.798840464061037],[76.41372632126694,16.813428885824415],[76.35239643867989,16.819746879816165],[76.35883033533982,16.842613735577768],[76.37427963525795,16.858834552043483],[76.40427113518496,16.85852562013902],[76.40404054843131,16.85403011271031],[76.42911328439257,16.850754215718258],[76.42949902995872,16.837362467076918],[76.45997319019628,16.83304220941893],[76.46348482411784,16.83851670480614],[76.4709773494075,16.838793561923207],[76.47066236413629,16.847057312202065],[76.46196955398142,16.849288514346153],[76.4585379842062,16.86691046907304],[76.43805672630832,16.868001875775594],[76.43664848325145,16.88133969932218],[76.43316203629384,16.8818105406453],[76.43361251266275,16.897623727846703],[76.46527850821195,16.902727057638696],[76.4648988101043,16.913859747388845],[76.45848424788424,16.927909071570728],[76.45178155013845,16.927812223115467],[76.4475572297014,16.94059984525175],[76.43410484064242,16.943251553925652],[76.42785273963979,16.927399342571295],[76.3990528729035,16.935329088284174],[76.4022738407452,16.942160055150442],[76.40037226000231,16.977084841279723],[76.4366376351961,16.98172661078767],[76.44043158625527,16.99676602981552],[76.43314586931368,17.025490141649335],[76.43726063121868,17.026694457717724],[76.43115474270665,17.02987391057422],[76.42734355118057,17.053541019388803],[76.43109320361812,17.053424588622427],[76.42940878340865,17.09964520070683],[76.41007086796671,17.089164699809643],[76.39816805570482,17.070053768779264],[76.3879782336717,17.072576450609844],[76.39035220069327,17.09712043037139],[76.38412805795723,17.102626283838163],[76.36611693263036,17.107254056967843],[76.36226426319266,17.11603868062669],[76.36741290424303,17.123835454640716],[76.39119997406456,17.130818774198566],[76.39458282820192,17.14297503979446],[76.38350510595208,17.14658753733654],[76.36746980712635,17.137673220681997],[76.35998528313094,17.14024996384989],[76.36893845380122,17.16674359101829],[76.3646325869976,17.181393962706817],[76.35630966983912,17.188727782390476],[76.33321103381701,17.17078493719598],[76.27684489384201,17.167457730726913],[76.2644588975517,17.15143345869052],[76.25344962602824,17.14872963241349],[76.24051358859455,17.152434410333544],[76.23611952878963,17.163180039592095],[76.22370625156249,17.17476975110546],[76.22051841179184,17.18543095677195],[76.19243604025274,17.18503415241093],[76.17770784316598,17.193299980416707],[76.16642961155483,17.210609780624235],[76.12752354156534,17.244990240751367],[76.1136488967121,17.252393703982463],[76.08762092371875,17.257970904747488],[76.08686378496974,17.268491374578307],[76.09978178782578,17.289783059177743],[76.08939169538324,17.298883418787646],[76.06577577528455,17.30965354858288],[76.07316359114805,17.332425552878338],[76.06160879161713,17.3549351553131],[76.0285318077596,17.351136907062457],[76.01147813201538,17.353006756833654],[75.99827234667153,17.337968175722285],[75.96870713687274,17.336467891899467],[75.93081941775053,17.322572751918667],[75.91007753613084,17.344518652359643],[75.89450228522335,17.350830486955086],[75.89058185676207,17.356522299176117],[75.89523676486765,17.378178851198502],[75.89406408343449,17.401195762797535],[75.88418844268041,17.417959583425233],[75.87650608360829,17.416143357735866],[75.87520289223573,17.398085961354443],[75.86087813572959,17.385594975374527],[75.85641359231084,17.389431789580208],[75.85108406290166,17.410525269713517],[75.83026282500805,17.421811712817032],[75.82144066014725,17.421222633818324],[75.81357524597979,17.39572019079267],[75.81403410902017,17.3734828138362],[75.80701095705975,17.36822330871797],[75.79566475532096,17.369092159633105],[75.77798380128517,17.378096817670244],[75.76515215078246,17.405911630346868],[75.7530927468952,17.407132683960402],[75.73359475616121,17.420093011943628],[75.71244066999697,17.407933882171083],[75.69072941904913,17.409473579358075],[75.68349596788741,17.41692378419015],[75.67809445108459,17.43405577170577],[75.67771422207261,17.453657125886714],[75.672312329774,17.458107094416384],[75.6600169133088,17.457692195625107]]]}},{"type":"Feature","id":"KA-31","properties":{"district_id":"KA-31","district_name":"Yadgir","source_name":"Yadgir","center":[76.9722182741445,16.664324167618645]},"geometry":{"type":"Polygon","coordinates":[[[77.07126227277367,16.945126123095065],[77.07257913291159,16.95271682091632],[77.06324640157588,16.953735181381766],[77.06566544875336,16.94932630320361],[77.06289248601517,16.945358588959014],[77.05836216076483,16.94657698380359],[77.05693311721757,16.939356634316837],[77.0411029091611,16.923031307067838],[77.01953319587108,16.927444249407316],[77.01760199677499,16.89861793195259],[77.03384714474603,16.89333081368123],[77.03387999344103,16.883811227095965],[77.04276925167377,16.880729240196608],[77.04139450679389,16.869966577984453],[77.0196893077961,16.86743522609967],[77.0069559213074,16.857854304801137],[76.97987063930947,16.861429068365382],[76.97837963177055,16.854621038269297],[76.98323228422298,16.83988055592324],[76.99514728482661,16.83731230861187],[76.99061922872066,16.81222218808493],[76.98081855776694,16.809755033379155],[76.94436891924377,16.831073029148577],[76.92668705072303,16.830450008889745],[76.9195252976974,16.81788220442788],[76.91072939508392,16.81658711588314],[76.90371825539546,16.830377419748054],[76.90167123201819,16.854680571763353],[76.91437816042685,16.86071486005732],[76.92062543208652,16.870007365267693],[76.90152406731339,16.878197283812753],[76.9014648809126,16.892560295426485],[76.8704965161147,16.89587785911335],[76.87020567755833,16.892611273858186],[76.85683115087491,16.89120072166678],[76.85458477157314,16.878829955884356],[76.84131665123344,16.866448467591226],[76.82882896026311,16.87302423382094],[76.81638453575013,16.873698620066854],[76.81314720599387,16.85855297436034],[76.80478917369088,16.850263989685253],[76.79106102070429,16.849983066405876],[76.788913379727,16.83728628057892],[76.75993441856745,16.84412570583981],[76.76340371129638,16.840544807377505],[76.75461897204694,16.820353923400077],[76.74806867798071,16.82027304541955],[76.74471183186742,16.815851756752],[76.74755409334155,16.755384062197496],[76.74371956268607,16.75096500557037],[76.72887503826159,16.753875995366972],[76.72903958177388,16.772327982636874],[76.73643156761692,16.77353506641593],[76.73490088239025,16.778740755376194],[76.7247452484402,16.784736840225424],[76.71939512874637,16.77792595761205],[76.70922822992267,16.780550759327596],[76.70937874085193,16.79249211288541],[76.7020431395643,16.792978338850844],[76.69760829983875,16.786451204382352],[76.67936273578229,16.784721648409878],[76.67553529642764,16.76516356442894],[76.66078640575002,16.76700987706157],[76.65270876998657,16.750965154384378],[76.65873013242025,16.725082721006476],[76.63543213418546,16.735065540873112],[76.6354700942944,16.74579615063441],[76.62299674223267,16.742488971788948],[76.6235542834104,16.765530582587935],[76.58219541474156,16.765656675138477],[76.58047135996343,16.75844081560749],[76.56951804899057,16.75341385263298],[76.55354591340739,16.753110550962177],[76.5472395236189,16.747900207837716],[76.5163996798904,16.75107438900242],[76.50330993801664,16.741173490844808],[76.50289506457742,16.72297844710674],[76.48133315944386,16.71215537060887],[76.4608020522342,16.71114356036241],[76.46195415056926,16.708301168006034],[76.45214371941998,16.714137890103814],[76.42533496491767,16.695512931126753],[76.42651000622506,16.686036924233765],[76.40630046803935,16.656614909306768],[76.40334996676002,16.639278993399465],[76.40493674189472,16.62519104372226],[76.41502724259675,16.605435864796647],[76.41326870957973,16.5902116279475],[76.4228605689423,16.573338438430397],[76.42277583894636,16.550846406398136],[76.43399366065128,16.51883521641932],[76.4298290997402,16.4985969338401],[76.43477963442258,16.435904637141622],[76.40306969957788,16.432919794575202],[76.39029373204639,16.438040169921393],[76.38523689073325,16.425601573191567],[76.35752737034271,16.42223915097716],[76.35051861029145,16.426833510754708],[76.33212017722813,16.42695680816848],[76.33054549701042,16.409630985618207],[76.33865397642914,16.405895998573484],[76.33463684792078,16.393354775869536],[76.33190727830244,16.391169561390967],[76.32576493166461,16.395957544721135],[76.31045502243076,16.396701032192894],[76.30543757942937,16.382877883703024],[76.31423027056572,16.345392264584085],[76.30567433221913,16.345866357063382],[76.30351909059623,16.340335205695393],[76.29157266422897,16.33240310103991],[76.29514800667047,16.320336067384027],[76.30283144641591,16.318974396056465],[76.29803431344129,16.298739532041488],[76.29964048859289,16.283233130635498],[76.3201342303783,16.28695829278979],[76.32017307442949,16.282083041194173],[76.34778382056297,16.27768333073993],[76.34611854704546,16.249685023008155],[76.35276216528993,16.23542569057526],[76.34738647864482,16.215724608288994],[76.33148152626511,16.194036161853138],[76.35139606938962,16.200540882756165],[76.36871117913603,16.217974271353388],[76.41577214000338,16.245501457796575],[76.41914048455229,16.24905221137885],[76.4145148965593,16.250517067581242],[76.41663890016653,16.25298899893396],[76.48210696104306,16.294296154183094],[76.5178132876861,16.30222928174547],[76.56815649676896,16.329877198820963],[76.58327472438573,16.33142167201432],[76.59010504578394,16.338742688327972],[76.61124647378749,16.34161454979742],[76.70158935200527,16.39225696038622],[76.7442737136219,16.409556213833216],[76.76079121731237,16.42864123368846],[76.78548700401073,16.417759927352105],[76.84100979032564,16.430441685729367],[76.85445412598811,16.4412874851472],[76.86471112493648,16.456826719289552],[76.86322495482538,16.48256721729037],[76.87073135998449,16.48974259292721],[76.88225171990406,16.492381313186286],[76.91183361590927,16.484887274920393],[76.94120041031971,16.49961895790028],[76.97132998040756,16.50375297836505],[76.97655854636534,16.51665470410738],[76.96805189498515,16.544576739252346],[76.9705860630629,16.554185900216535],[76.978436264261,16.560918932062457],[76.99431249929773,16.5601877161162],[77.00740652164379,16.55003321262941],[77.01010451458157,16.542755883809512],[77.00530145182778,16.515557856596647],[77.01321505432203,16.499578403311205],[77.02557970484453,16.501598305913117],[77.04397333641262,16.518296882178998],[77.05764462514341,16.519783886387916],[77.0687254366995,16.507569951304358],[77.09214534170826,16.49345353692485],[77.1227968051284,16.481663815892784],[77.14300695506684,16.479926139097504],[77.15606247741641,16.472647980943904],[77.1641142704458,16.460158227269876],[77.16219654877389,16.445261794350387],[77.17334135541249,16.432576839142005],[77.24148873864198,16.418024628168997],[77.26735017026985,16.403698991338693],[77.28821104183378,16.40870160570618],[77.2689502593354,16.43046163939127],[77.2620743646062,16.451838451302322],[77.23576101930497,16.472743948379637],[77.23976669339514,16.476248011211293],[77.2660372761939,16.472504894161027],[77.29399660818349,16.47667032588432],[77.29932035783216,16.48790690977737],[77.29871290985051,16.49616153925852],[77.32029895002081,16.492215081677443],[77.32357392996728,16.48684374029657],[77.32956369056757,16.4859054004],[77.35143240271003,16.49106008796713],[77.36901278855309,16.48867138141539],[77.37007049281638,16.504582103915162],[77.37909554487906,16.514549734806323],[77.40220553380973,16.521515422002103],[77.4168862657135,16.517299890773163],[77.41901714143266,16.54892443042918],[77.4037552013367,16.55118652510899],[77.39750312997846,16.564761520051157],[77.39262107566681,16.56399229960719],[77.3928745299343,16.569974416634913],[77.40000947543524,16.567524889065073],[77.40564606607654,16.571857183573538],[77.42148532555784,16.568239860749628],[77.43971076286036,16.58714702918793],[77.46222374133465,16.585477842616097],[77.4648272449793,16.59241674389572],[77.46212110611852,16.597207165867147],[77.46730090882771,16.598541473572244],[77.46779659291327,16.609756360841114],[77.45818611776308,16.610713655403703],[77.45364779121849,16.616747169902695],[77.47611067334434,16.650107109702823],[77.46240372059846,16.654271406296562],[77.444362978715,16.639133523909965],[77.43434356529464,16.64138205332233],[77.43859566433521,16.645329745726855],[77.42972179334498,16.656202935228965],[77.41901231119137,16.65843734132477],[77.41886044290774,16.668572307034868],[77.44255200205166,16.669845193102013],[77.44771654957071,16.6793095318866],[77.46389752459285,16.676303125896666],[77.46996140698388,16.68773481214259],[77.46989230318232,16.705599218846874],[77.47404962726549,16.716558831738666],[77.4638110222209,16.719174856713288],[77.45779418370297,16.715942280168385],[77.44718446574983,16.720727873621225],[77.4384620210721,16.711679223912284],[77.43280471078877,16.7173014103827],[77.42767285565785,16.716628534859584],[77.42602133265238,16.721143550008925],[77.43096508864767,16.723124408589108],[77.42695564792152,16.728911707366247],[77.4431491041362,16.76251056374299],[77.43788176689073,16.774711146636026],[77.43949882513198,16.789131621310617],[77.46719478186004,16.780452919415744],[77.47449802672944,16.78124029624356],[77.47650134976308,16.78836806469244],[77.47338741169591,16.7892099101367],[77.47426176441982,16.80231657540488],[77.46570300087168,16.80592136505147],[77.46323830670138,16.822210215636005],[77.45708296503466,16.830179830831902],[77.4640580831785,16.850592616372104],[77.46035704397086,16.88475092434089],[77.42504005525682,16.885132654863835],[77.41112439242939,16.874689588168994],[77.40143091025202,16.883203035841948],[77.40177520036444,16.896684966275778],[77.40645958039784,16.901880150863832],[77.40263912095295,16.89980234036926],[77.40187435910045,16.903055135791934],[77.39574537220751,16.903318139391722],[77.3894276447818,16.891173997073665],[77.38905722986429,16.896378853677717],[77.3846646953987,16.898479964135937],[77.38403568066374,16.894133587590797],[77.37654579642101,16.894603572692635],[77.3766584137166,16.897924364939175],[77.37138877229245,16.89765843141151],[77.36578431888043,16.904588206093255],[77.35161987841487,16.907998060156668],[77.34171892942429,16.934182971337698],[77.33601003967397,16.929858452609228],[77.31867382221333,16.936437026607308],[77.31136848337103,16.927407699330878],[77.28948174293915,16.937230762977286],[77.28906102236574,16.933507697116102],[77.2630178408946,16.928249306655278],[77.24619696625122,16.932896049110553],[77.24192232937847,16.94310026319541],[77.2326726598672,16.939052540042365],[77.23164204969122,16.94282112804998],[77.21136910032793,16.94491780628246],[77.19607830993827,16.926751865313456],[77.18402484481337,16.942446797176597],[77.16563732628076,16.938922455372317],[77.16020700230345,16.915569495399954],[77.12556940315055,16.91794861902578],[77.11306676601053,16.906883351918484],[77.10070181095918,16.905238648295644],[77.09307368767232,16.906587295581726],[77.08613990909949,16.936834508358668],[77.07580689201683,16.942696604962418],[77.07144225922397,16.939690943326283],[77.07126227277367,16.945126123095065]]]}}],"metadata":{"source":"Survey of India Bharat Maps / Government of India","vintage":"2017 service, current Vijayanagara split","generated_at":"2026-09-03T11:31:47.321Z"}}
